order_id,quantity,unit_price,discount,delivery_days,product_category,region,payment_method,customer_age,customer_gender,customer_type,month,revenue
ORD002324,6,,0.0,5.0,Electronics,Conakry,CASH,40.0,Male,Returning,February,3579.73
ORD007825,3,35.09,15.0,7.0,beauty,Boke,Cash,23.0,Female,Returning,April,98.85
ORD005200,7,216.48,0.0,4.0,Electronics, boke ,Card,37.0,Female,New,July,1546.01
ORD006690,6,54.44,15.0,7.0,Beauty,Nzerekore,CARD,22.0,Male,Returning,July,285.9
ORD007465,5,58.4,0.0,2.0,CLOTHING,Kindia,CASH,21.0,Male,New,December,267.41
ORD007727,-3,27.93,,,Beauty,Conakry,Cash,28.0,Female,Returning,July,109.06
ORD003582,1,,25.0,2.0,Beuty, Labe ,Card,20.0,Male,Returning,March,33.75
ORD007068,4,125.5,5.0,,Home,Conakry,,25.0,Female,Returning,February,470.25
ORD006183,7,11.68,20.0,5.0,Books,Labe,,42.0,Female,Returning,November,64.56
ORD006268,3,201.02,0.0,6.0,home,Conakry,Mobile Money,50.0,Male,RETURNING,November,606.22
ORD003259,7,22.69,20.0,6.0,Books,Kindia,,16.0,Female,Returning,April,147.03
ORD006594,4,42.49,,4.0,Sports,Boke,Mobile Money,16.0,Male,New,July,159.89
ORD000053,7,75.23,0.0,4.0,Home,LABE,MobileMoney,38.0,Female,New,May,584.27
ORD006645,5,,20.0,5.0,Food,boke,Cash,,Male,Returning,September,86.66
ORD007214,2,123.12,15.0,5.0,Home,Kindia,Cash,42.0,Female,New,December,210.46
ORD001443,3,56.9,0.0,4.0,Beauty,Kankan,Card,18.0,Female,New,January,178.8
ORD004119,5,70.44,10.0,7.0,Clothing,Conakry,Card,55.0,Female,Returning,February,294.7
ORD005060,4,66.26,15.0,8.0,Cloting,Conakri, Cash ,49.0,Male,Returning,October,195.63
ORD009320,3,13.3,10.0,5.0,Food,Nzerekore,Cash,23.0,Male,New,June,39.78
ORD007481,5,50.75,0.0,3.0,Toys,Conakry,Credit Card,53.0,Male,New,August,242.39
ORD008558,3,46.59,10.0,,Toys,Conakry,Card,22.0,Male,Returing,June,119.02
ORD000681,2,188.25,,1.0,Hom,Conakry,Card,38.0,Female,Returning,November,387.81
ORD005895,5,30.57,10.0,8.0,beauty,KINDIA,Mobile Money,,male,New,December,137.74
ORD008695,5,87.18,0.0,4.0, Beauty , Conakry ,,29.0,Male,Returning,September,465.95
ORD001798,3,115.06,,3.0,Clothing,Conakry,Mobile Money,,Male,New,August,377.9
ORD000762,4,16.46,10.0,,Food,Kindia,Card,34.0,F,New,September,61.56
ORD006591,5,25.09,20.0,5.0,Beuty,Conakry,CASH,47.0,Female,Returning,June,81.42
ORD001313,2,19.09,0.0,4.0,Food,CONAKRY,Card,27.0,Female,New,May,39.95
ORD009134,4,23.79,0.0,,Beuty,Conakry,Mobile Money,20.0,Male,Returing,July,88.16
ORD002737,5,119.63,0.0,4.0,home, Conakry,Cash,30.0,Male,New,December,618.93
ORD002763,1,196.15,,1.0,Electronics,kankan,Mobile Money,16.0,Female,New,July,201.25
ORD004248,4,65.11,0.0,7.0,Cloting,Nzerekore,Mobile Money,26.0,Female,RETURNING,March,310.93
ORD000066,3,106.79,15.0,4.0,Sports,Boke,mobile money,26.0,Female,New,May,288.77
ORD003874,6,14.19,5.0,1.0,Food,CONAKRY,Mobile Money,33.0,Female,New,August,84.62
ORD003878,3,14.09,0.0,6.0,FOOD,Labe,Card,16.0,Female,Returning,January,43.0
ORD004144,3,83.26,25.0,3.0,Home,Labe,Mobile Money,25.0,M,New,June,193.4
ORD002171,5,224.59,0.0,2.0,Home,Conakry,Card,32.0,FEMALE,New,June,1189.7
ORD006079,3,13.13,30.0,8.0,Food, Conakry,mobile money,38.0,Female,Returning,February,28.09
ORD003661,3,39.49,0.0,2.0,Home,kindia,Mobile Money,29.0,Male,New,August,126.5
ORD003004,9,,15.0,6.0,Books, Conakry,CARD,33.0,Female,New,December,212.43
ORD007495,1,27.02,0.0,3.0,Books,KINDIA,cash,20.0,M,Returning,October,25.28
ORD006934,2,28.86,10.0,5.0,toys,Conakry ,Credit Card,45.0,Female,Returning,December,51.01
ORD000602,3,101.53,0.0,-8.0,Electronic,boke ,Card,34.0,Male,New,August,292.69
ORD004706,6,15.22,15.0,5.0,BOOKS,KANKAN,Card,,Male,New,August,77.35
ORD001498,2,34.58,0.0,2.0,Books,boke,Card,22.0,Male,New,January,67.62
ORD001588,4,89.34,15.0,4.0,Home ,boke,Mobile Money,31.0,Male,New,May,342.95
ORD008723,4,203.26,0.0,1.0,Electronics,kindia ,Cash,36.0,MALE,Returning,August,733.1
ORD000949,4,177.68,0.0,6.0,Electronics,Nzerekore,mobile money,23.0,female,Returning,November,741.28
ORD001986,2,172.98,0.0,7.0,Home,Conakry,Credit Card,38.0,Male,Returning,July,324.94
ORD008135,6,328.28,15.0,1.0,Eletronics,Kankan,Cash,32.0,Female,returning,December,1821.79
ORD000724,2,47.29,5.0,5.0,Clothing,Conakry, Mobile Money ,49.0,M,NEW,August,93.62
ORD002676,3,25.92,20.0,4.0,Food,Labe,Cash,47.0,male,New,July,57.9
ORD002653,4,21.82,5.0,-8.0,Beauty,Nzerekore,Card,49.0,Male,NEW,October,84.25
ORD008945,5,42.64,0.0,,Books,Conakry,Credit Card,31.0,Female,Returning,February,236.19
ORD007867,6,19.4,250.0,7.0,Food ,Kankan,Card,16.0,Male,New,August,88.74
ORD007103,3,16.99,10.0,6.0,TOYS,Nzerekore,Cash,16.0,Male,New,January,40.42
ORD002247,3,11.47,0.0,3.0, Foood ,Boke,,45.0,Male,New,March,29.55
ORD006531,-3,100.78,0.0,4.0,Sports,Conakry,Card,35.0,Female,New,July,657.76
ORD005297,5,65.0,0.0,5.0,Sports,Labé,,26.0,Female,New,March,298.09
ORD008661,5,113.2,0.0,6.0,clothing,Conakry,MOBILE MONEY,21.0,Male,Returning,September,590.22
ORD006205,7,52.84,5.0,2.0,Toys,Boke ,mobile money,23.0,Female,New,September,343.38
ORD007646,2,37.42,0.0,1.0,TOYS,KINDIA,Mobile Money,49.0,Male,Returning,June,79.63
ORD008556,6,,25.0,4.0,Clothing,nzerekore,Mobile Money,16.0,Male,New,October,208.04
ORD002675,3,23.26,0.0,6.0,Books,Conakry,Mobile Money,,Male,Returning,November,70.49
ORD007301,5,64.69,0.0,6.0,Electronics ,Conakry,Cash,,Female,Returning,March,281.81
ORD002285,2,149.53,0.0,3.0,Sports,Boke,card,51.0,male,Returing,October,287.8
ORD003295,1,23.55,20.0,3.0,Toys,conakry,Cash ,49.0,Female,Returning,July,17.25
ORD004415,2,111.45,,5.0,Electronics,Labe,Mobile Money,39.0,Male,Returning,August,202.67
ORD003946,4,28.11,0.0,3.0,Toys,Kankan, Cash ,38.0,Male,Returing,July,112.32
ORD002035,7,343.89,10.0,2.0,Electronics,Conakry,,29.0,F,Returning,April,2073.55
ORD007150,4,21.23,,4.0,Books,Nzerekore,Mobile Money,27.0,Female,Returning,April,76.79
ORD009116,7,248.31,0.0,2.0,Electronics,Kankan,mobile money,36.0,Male,New,September,1664.72
ORD008649,2,,15.0,5.0, Foood ,CONAKRY,Card,41.0,Female,New,October,24.92
ORD001437,4,25.08,25.0,5.0,Food,Conakry,Card,23.0,female,New,April,71.08
ORD005931,250,162.2,0.0,6.0,Home,CONAKRY,MobileMoney,41.0,Male,New,February,145.65
ORD003855,4,87.71,10.0,4.0,Sport,nzerekore,Cash Payment,44.0,male,new,October,310.89
ORD003621,5,,0.0,3.0,Toy ,Nzerekore,Cash,21.0,Male,new,January,182.99
ORD001045,5,404.0,,6.0,electronics, Conakry,Mobile Money,180.0,Female,Returning,January,1928.91
ORD003831,4,45.14,,,Toys,Conakry,Cash,30.0,Female,NEW,June,174.48
ORD004445,1,,0.0,2.0,Toys,Boke,CASH,47.0,Male,Returning,November,1.75
ORD003086,5,58.48,0.0,1.0,Beauty,Labe,Mobile Money,37.0,Male,New,September,320.65
ORD006243,5,13.99,,7.0,Food,KANKAN,card,38.0,Female,New,May,71.44
ORD000990,6,382.09,15.0,3.0,Electronics,Kindia,Card,42.0,Male,New,September,1789.82
ORD006387,3,23.48,0.0,7.0,BEAUTY ,Conakry,,27.0,Female,New,September,75.28
ORD001593,2,243.15,10.0,6.0,home,Conakri,Cash,30.0,Male,New,January,384.48
ORD008838,2,8.28,0.0,3.0,FOOD,Kankan,Mobile Money,61.0,Female,Returning,May,15.57
ORD005513,2,145.73,0.0,8.0, Electronics,nzerekore,cash,39.0,Female,Returning,July,281.49
ORD007447,4,360.24,0.0,1.0,Electronics,Kankan,,51.0,Female,Returning,April,1479.14
ORD001173,4,53.64,5.0,7.0,Clothing,Kankan,CASH,16.0,Female,New,March,228.19
ORD002322,6,303.96,10.0,3.0,Electronics,Boke,Mobile Money,32.0,Female,Returning,April,1585.34
ORD009209,1,166.22,0.0,1.0,Home, Conakry,Card,36.0,Female,New,July,173.2
ORD005547,5,15.85,15.0,4.0,Books,LABE,Mobile Money,23.0,Female,New,August,61.54
ORD007011,5,212.31,0.0,3.0,home,boke,Cash,39.0,Female,Returning,June,1095.32
ORD004320,4,65.87,15.0,3.0,Sports,conakry,MobileMoney,38.0,male,New,September,206.75
ORD000271,3,67.81,25.0,-8.0,Clothing ,Nzerekore,Card,33.0,Female,New,June,155.55
ORD007735,1,58.21,20.0,6.0,Toys,Labe,Mobile Money,41.0,Male,Returning,September,48.71
ORD002999,2,388.31,0.0,4.0,Electronics,Boke,Mobile Money,37.0,Female,Returning,August,812.6
ORD006772,3,23.53,0.0,3.0,BOOKS,nzerekore,Card,18.0,Male,Returning,February,70.11
ORD000012,4,113.96,20.0,-8.0,Home,Conakry,Cash,37.0,Female,Returning,November,398.46
ORD002259,3,37.54,0.0,2.0, Toys ,kankan,Card,43.0,Female,Returning,November,116.69
ORD003384,6,108.49,,3.0,Sports,LABE,Mobile Money,33.0,female,New,October,643.94
ORD008669,4,68.78,15.0,5.0,Beuty , Conakry,Mobile Money,44.0,Male,Returning,January,221.53
ORD001430,1,27.16,15.0,-8.0,Books,Conakry,Cash Payment,49.0,Male,New,October,19.36
ORD002462,3,26.35,0.0,3.0,Books,Kankan,Mobile Money,32.0,Female,New,October,81.72
ORD003319,1,304.13,5.0,4.0,Electronics,Labe,Card,34.0,female,New,March,266.88
ORD005298,5,54.57,30.0,-8.0,Beauty,kindia,card,26.0,Male,New,February,188.64
ORD007755,6,93.48,20.0,,Sports,KINDIA,Cash,28.0,Female,New,January,534.61
ORD001236,7,130.72,10.0,5.0,Electronics,kankan,Cash,,MALE,New,June,875.02
ORD000676,2,-40.0,0.0,7.0,toys,Boke,Mobile Money,30.0,Male,returning,March,71.94
ORD002238,3,124.84,,5.0,Hom,Labé,Card,30.0,Male,New,February,273.73
ORD008377,4,91.3,10.0,6.0,Home,Conakry,MOBILE MONEY,27.0,Female,returning,December,297.9
ORD005046,4,20.99,0.0,6.0,Books,Conakry,Card,28.0,Female,Returing,April,77.92
ORD003062,3,16.36,,4.0,food,Boke,Card ,37.0,female,Returning,September,47.96
ORD000037,5,28.2,25.0,6.0,Toys,N'Zerekore,Card,27.0,Male,New,September,107.51
ORD005293,2,21.46,0.0,5.0,Toys, Conakry,Card,16.0,MALE,New,December,41.61
ORD007744,5,23.21,0.0,3.0,toys,N'Zerekore, Card ,29.0,Female,New,January,115.66
ORD005171,2,21.1,5.0,5.0,Food, Kankan ,Mobile Money,36.0,Female,Returning,September,36.53
ORD002036,1,,0.0,7.0,Electronics,Conakry,Card,46.0,Female,Returning,March,503.02
ORD005121,1,86.62,0.0,,Clothing,Conakry,Mobile Money,18.0,Male,New,April,87.96
ORD001666,8,24.09,0.0,5.0,Food,Conakry,Cash,22.0,Female,New,July,168.54
ORD007427,3,56.83,5.0,10.0,Toys,Kindia,Card,26.0,F,Returning,October,166.99
ORD004440,5,9.62,0.0,4.0,food,Conakri,Card,47.0,Female,New,October,51.65
ORD009241,4,32.13,5.0,1.0,Toys,Kindia,Mobile Money,42.0,Female,Returning,April,116.57
ORD007291,7,207.66,30.0,6.0,electronics,Kankan,Mobile Money,37.0,Female,Returning,February,960.02
ORD000632,5,51.0,0.0,6.0,Beauty,Conakry,Mobile Money,8.0,Female,Returning,August,252.39
ORD002308,2,54.52,10.0,,Clothing,nzerekore,Cash,16.0,Female,New,November,101.87
ORD007601,4,81.4,5.0,2.0,Clothing,Conakry,Cash,16.0,Male,New,January,295.88
ORD008249,2,13.64,10.0,3.0,Foood,Nzerekore,Mobile Money,28.0,Female,Returing,September,27.25
ORD001484,2,75.92,0.0,3.0,Clothing,Conakry,CARD,38.0,male,New,February,130.64
ORD002978,6,93.17,0.0,6.0,SPORTS,Boke,Mobile Money,20.0,Female,New,January,498.82
ORD001244,5,49.66,0.0,2.0,Toys,KINDIA,Mobile Money,26.0,Male,new,February,223.44
ORD003436,6,230.72,20.0,8.0,Electronics,Labe,CARD,44.0,Female,New,April,981.43
ORD004618,2,57.46,0.0,5.0,Beauty,Kindia,Card,16.0,Female,New,May,110.29
ORD007980,3,378.8,0.0,4.0,ELECTRONICS,Labe,,37.0,Female,New,October,975.81
ORD005206,5,,0.0,9.0,Electronics,Labé,Card,16.0,F,New,September,1056.28
ORD007750,3,21.22,0.0,6.0,Books,Boke,Mobile Money,36.0,Female,Returning,November,59.15
ORD006702,4,18.41,0.0,7.0,Foood,Kankan,,23.0,Male,Returing,October,77.88
ORD003618,6,18.34,0.0,4.0,Home,Nzerekore,Cash,32.0,M,New,March,106.17
ORD008094,2,36.01,0.0,5.0,Sports,Boke,Cash,30.0,Female,New,November,66.25
ORD003237,1,13.84,10.0,4.0,Food,Conakry,Cash,22.0,M,new,March,11.6
ORD001420,2,24.45,0.0,5.0,Food,Kindia,Cash,25.0,Male,new,February,49.83
ORD009117,2,29.62,5.0,2.0,Beauty,Kankan,Cash,19.0,Male,RETURNING,November,59.13
ORD002254,3,120.98,20.0,5.0,Sport,Conakry,Card,39.0,Female,Returning,July,310.75
ORD003987,3,20.51,,,Book, Boke ,Mobile Money,17.0,Female,New,June,55.16
ORD009348,2,58.41,0.0,,Beauty,Conakry,Cash,41.0,male,New,September,113.74
ORD003917,7,40.23,5.0,3.0,toys,conakry, Cash ,16.0,Male,New,March,285.3
ORD009261,3,33.72,0.0,9.0,Beauty,Labé,card,34.0,Female,Returning,October,92.78
ORD004990,4,,0.0,6.0,Beauty,Conakry,Card,31.0,Male,New,June,295.16
ORD004929,-3,235.21,0.0,3.0,Electronics,Nzerekore,Mobile Money,,male,New,July,1171.04
ORD002800,2,40.21,0.0,3.0,Beauty,KINDIA,Cash,20.0,Male,New,January,80.82
ORD004075,6,18.95,30.0,1.0,Foood,Conakry,Cash,,Female,New,September,76.91
ORD003330,2,,15.0,,BEAUTY,Kankan,,22.0,Male,New,July,50.43
ORD007972,5,85.4,5.0,9.0,Clothing,Kindia,MOBILE MONEY,28.0,Female,New,September,401.44
ORD005633,4,32.47,10.0,3.0,beauty, kankan ,Mobile Money,31.0,Female,Returning,July,121.57
ORD004464,4,,20.0,7.0,Home,Kindia,Mobile Money,21.0,Female,New,November,344.53
ORD001290,2,229.19,0.0,6.0,Electronics,Boke,Cash,17.0,Female,New,March,463.75
ORD002689,3,20.98,0.0,2.0,Food,Conakry,Card,34.0,M,Returning,January,70.02
ORD000657,5,276.99,5.0,4.0,Electronics,Conakry,card,20.0,Female,New,November,1316.66
ORD002475,4,186.53,0.0,,Home,Conakry, Cash ,25.0,MALE,Returning,January,646.57
ORD008562,4,90.59,0.0,7.0,HOME,Conakry,Mobile Money,26.0,female,Returning,July,395.05
ORD003882,6,3.18,0.0,-8.0,Books,Labe ,Cash,21.0,male,New,April,19.25
ORD008125,4,99.49,10.0,1.0,Clothing,Conakry,Cash,40.0,Male,New,February,362.04
ORD005648,1,14.36,,,toys,BOKE,Cash,29.0,Male,Returning,May,14.13
ORD003907,5,79.0,0.0,3.0,CLOTHING,Labé,Cash,34.0,Male,New,August,416.16
ORD002468,2,38.27,25.0,2.0,Toys,Boke,Mobile Money,35.0,M,Returning,December,56.86
ORD006814,3,101.17,0.0,5.0,Sport,Conakry,Mobile Money,43.0,Female,New,July,275.54
ORD002140,4,14.83,0.0,7.0,Books,Kindia,Mobile Money,,Female,Returing,October,59.07
ORD008355,3,16.4,20.0,6.0,Food,Kankan,Mobile Money,24.0,F,Returning,August,39.17
ORD006058,4,,20.0,6.0, Sports ,Conakry,Cash,18.0,Male,New,July,42.89
ORD001024,5,50.37,15.0,9.0,Beauty,CONAKRY,Mobile Money,31.0,Male,Returning,January,215.26
ORD007784,4,20.22,0.0,7.0,Food,Kankan,Cash,22.0,Male,New,February,81.46
ORD003637,2,18.95,0.0,-8.0,Food,Conakri,Mobile Money,22.0,Male,New,March,38.84
ORD009419,2,76.67,5.0,5.0,Sports,Labe,Mobile Money,33.0,FEMALE,New,July,141.24
ORD001902,2,97.61,0.0,7.0,Clothing,Conakri,Mobile Money,21.0,Female,New,July,195.56
ORD009273,3,84.58,5.0,6.0,Clothing ,Conakry,Mobile Money,23.0,Female,New,November,259.82
ORD005485,4,249.33,0.0,3.0,Home,Conakry,cash,32.0,Female,Returning,February,893.36
ORD005899,3,70.95,0.0,4.0,Cloting,Kindia,Card,27.0,Male,Returing,October,199.6
ORD003081,6,47.14,0.0,4.0,Beauty, Conakry,Cash,27.0,Female,Returning,June,260.61
ORD005241,4,28.41,5.0,8.0,Books,CONAKRY, Mobile Money ,180.0,F,New,December,118.17
ORD002406,5,16.43,5.0,,Toys,KINDIA,Cash,,Female,New,December,90.62
ORD004039,3,96.25,0.0,3.0,Home,Boke,Cash,29.0,Male,Returning,July,305.03
ORD007819,2,27.38,250.0,1.0,TOYS,Labe,Cash,23.0,Female,New,January,61.15
ORD004348,3,18.74,15.0,2.0,FOOD,Kindia,Card,39.0,Female,Returning,June,45.63
ORD007779,2,,0.0,5.0,Clothing,Kankan,Mobile Money,31.0,Female,Returning,December,183.22
ORD008691,2,110.2,15.0,7.0,Home,Boke,Cash,43.0,Female,New,April,175.62
ORD008855,4,28.81,0.0,5.0,Toys,Nzerekore,Mobile Money,27.0,Male,Returning,December,113.73
ORD001101,7,10.59,0.0,3.0,Food,Boke,Cash,43.0,Male,RETURNING,April,81.68
ORD006464,2,57.9,,5.0,Beauty,Labe,Cash ,44.0,Male,Returning,May,113.98
ORD006794,2,,0.0,5.0,Books,Nzerekore,Cash,31.0,Female,Returning,March,45.01
ORD007267,5,108.13,0.0,,Sports,Kindia,Mobile Money,27.0,Female,Returning,January,492.09
ORD004971,5,25.8,0.0,7.0,Books,Conakry,Mobile Money,26.0,female,Returning,September,145.24
ORD005099,5,,30.0,4.0,Books,Labe,CASH,41.0,Female,Returning,March,61.05
ORD005618,4,379.65,0.0,7.0,Electronics,conakry,Card,33.0,Female,Returning,September,1515.46
ORD001699,10,47.0,0.0,4.0,Clothing,Boke,Card,,Female,New,January,482.73
ORD008756,5,303.27,0.0,-8.0,Electronics,Labe,Cash,30.0,Male,New,March,1505.51
ORD003693,4,4.63,,6.0,Food,Labe,card,49.0,Female,Returning,July,20.02
ORD006232,3,14.19,5.0,6.0,FOOD,Nzerekore,Mobile Money,33.0,Female,New,March,39.15
ORD000057,4,9.83,-20.0,3.0,Food,Kankan,Cash,8.0,Male,New,January,36.06
ORD007805,5,20.02,15.0,5.0, Books ,Kankan,Mobile Money,31.0,Male,Returning,April,83.82
ORD008921,3,90.97,25.0,7.0,Sports,Labe,CARD,42.0,Male,New,February,215.52
ORD001290,2,229.19,0.0,6.0,Electronics,Boke,Cash,17.0,Female,New,March,463.75
ORD005621,3,119.96,0.0,,sports,Conakry,Cash,32.0,Male,Returning,December,398.41
ORD002369,8,64.5,0.0,5.0,Toy,Kindia,Card,26.0,Male,New,February,600.53
ORD008846,2,123.9,15.0,8.0,Electronic,LABE,Cash,34.0,Male,New,January,209.95
ORD008401,6,96.47,20.0,4.0,Clothing,Conakri,Mobile Money,37.0,Female,RETURNING,February,518.53
ORD006360,4,-40.0,0.0,3.0,clothing,Boke,Cash,19.0,Female,Returning,August,284.26
ORD000346,7,61.59,0.0,2.0,CLOTHING,Labe,Mobile Money,8.0,Male,Returning,March,457.52
ORD006248,6,79.23,0.0,4.0,Clothing,Kindia,Cash,48.0,Female,New,April,472.17
ORD004699,7,29.74,0.0,150.0,books,Kindia,Mobile Money,34.0,Male,Returning,January,208.67
ORD007846,4,4.47,25.0,4.0,Books,nzerekore,card,35.0,Female,NEW,November,13.75
ORD001861,5,23.63,20.0,6.0,Food,Kindia,Card,44.0,Female,new,March,94.87
ORD006313,4,18.29,0.0,3.0,Food,Conakry,mobile money,34.0,Male,New,February,71.79
ORD008679,4,16.86,20.0,6.0,Food,Conakry,Card,44.0,Male,Returning,June,53.38
ORD005127,2,106.16,15.0,-8.0,Home,Nzerekore,CARD,45.0,Female,New,May,141.98
ORD008775,5,51.68,10.0,8.0,Home,Kindia,Card,38.0,Male,RETURNING,October,204.83
ORD002182,5,16.5,10.0,3.0,Toys,N'Zerekore,MOBILE MONEY,22.0,Male,New,April,79.9
ORD005059,6,171.57,15.0,,Hom,Kankan ,Card,20.0,Male,New,October,902.17
ORD008805,4,28.96,0.0,11.0,Books,Conakry,Cash,19.0,Male,Returning,December,113.29
ORD002039,4,10.98,0.0,6.0,Food,Kindia,,38.0,Male,Returning,July,44.39
ORD006328,2,227.28,15.0,4.0,Electronics,Boke,Card,21.0,Male,New,December,434.17
ORD005687,3,17.08,0.0,5.0,Books,Boke,Card,26.0,Male,New,May,54.51
ORD000836,8,147.85,0.0,4.0,Hom,Kindia,MOBILE MONEY ,46.0,Male,New,November,1164.5
ORD004030,2,327.38,0.0,3.0,electronics,Kankan,Cash,36.0,Male,New,October,662.41
ORD007042,3,10.35,15.0,8.0,Food,Labe,,33.0,Female,New,July,27.09
ORD000572,4,33.29,20.0,-8.0,Toy,Labé,Cash,35.0,Male,Returning,July,98.37
ORD006941,3,80.72,10.0,1.0,Home,Kankan,Mobile Money,25.0,Male,New,September,230.38
ORD001158,4,25.61,0.0,3.0,FOOD,Conakri,Card,38.0,Female,returning,July,104.34
ORD002261,4,87.49,0.0,9.0,Home,kindia ,Card,19.0,Female,Returning,December,320.24
ORD000883,6,15.79,0.0,150.0,Food,N'Zerekore,,36.0,Male,New,November,89.3
ORD009689,2,17.44,0.0,6.0,Beauty,Kindia,Mobile Money,35.0,FEMALE,New,April,38.98
ORD005710,8,61.13,0.0,6.0,Beauty,Boke,Card,32.0,Male,New,December,414.96
ORD007789,5,123.55,25.0,6.0,Hom,Kankan,Card,43.0,M,Returning,October,465.42
ORD003115,3,,20.0,1.0,books ,Boke,Card,37.0,Male,Returning,December,46.08
ORD004871,4,52.57,10.0,4.0,Beauty,Labe,Mobile Money,45.0,Male,New,May,193.8
ORD008011,5,82.34,0.0,4.0,Clothing,Boke,,33.0,Female,Returning,May,392.02
ORD001153,5,33.89,10.0,,Books ,Conakry,Cash,33.0,Male,New,September,143.61
ORD002739,3,98.0,0.0,2.0,home,Boke,Cash,49.0,Male,Returing,August,290.44
ORD001770,4,17.02,10.0,4.0,Food,Nzerekore ,Mobile Money,23.0,Male,New,January,60.89
ORD002353,5,380.33,0.0,-8.0,Electronics,kindia,Cash,,male,NEW,July,2147.84
ORD002552,4,68.21,10.0,7.0,Sports,Nzerekore,MobileMoney,46.0,Female,New,October,226.82
ORD001407,6,23.26,0.0,3.0,BOOKS,Boke,,16.0,Male,New,March,134.54
ORD004518,4,62.12,0.0,3.0,Clothing,Kankan,Cash,42.0,Male,New,November,244.45
ORD000921,6,27.13,0.0,5.0,toys,Nzerekore,cash,22.0,Male,Returning,February,150.63
ORD000404,5,,15.0,5.0,Beauty,Kankan,Cash,46.0,Male,New,December,167.49
ORD005959,2,,0.0,3.0,Sports,Boke,CASH,16.0,Female,Returning,January,91.96
ORD007564,3,29.9,0.0,7.0,Beauty,Nzerekore,Cash,30.0,Female,New,June,99.71
ORD001649,6,12.1,15.0,1.0,Books,conakry,Card,23.0,male,Returning,January,71.3
ORD006097,3,17.64,0.0,4.0,Food,Kindia,mobile money,19.0,Female,New,February,51.69
ORD004495,3,21.86,,5.0,Books,Kankan,Cash,25.0,Female,New,July,41.08
ORD006031,4,636.07,0.0,5.0, Electronics,Conakry,Card,16.0,Male,New,January,2762.2
ORD005891,3,113.32,10.0,8.0,Home,Nzerekore,Mobile Money,33.0,Female,New,June,285.53
ORD007843,2,81.24,15.0,9.0,Sports,Nzerekore,Card,26.0,FEMALE,New,March,156.73
ORD009567,4,18.05,0.0,4.0,Books,Conakry,Mobile Money,,Female,Returning,October,64.57
ORD002558,5,12.49,10.0,4.0,Book,Nzerekore,Cash,49.0,Male,New,May,54.17
ORD000439,4,27.58,0.0,5.0,TOYS,Boke,Cash,48.0,Female,New,December,127.06
ORD004937,3,370.31,15.0,6.0,Electronics,Conakry,Cash,36.0,Female,returning,May,899.07
ORD007157,8,24.84,250.0,6.0,Toys,KANKAN,Card,29.0,Male,New,February,166.04
ORD008771,5,188.71,0.0,8.0,Home,conakry,Card,44.0,Female,New,February,990.89
ORD000946,4,47.82,,5.0,Sports,kankan,Card,,Male,New,April,176.2
ORD008440,4,178.44,-20.0,,Sports,Conakry,MobileMoney,37.0,Male,Returning,May,524.09
ORD004574,2,51.39,10.0,7.0,Clothing,Conakry,Cash,36.0,Female,Returning,August,91.87
ORD004533,4,273.82,,5.0,Electronics,Boke,MobileMoney,37.0,M,Returning,April,1114.57
ORD001461,4,63.35,0.0,-8.0,Toys, Conakry,Mobile Money,19.0,Male,Returning,April,238.22
ORD005076,4,108.92,0.0,9.0, Home ,boke,Mobile Money,30.0,Female,New,June,432.99
ORD003836,1,,0.0,2.0,Home,Kindia,MOBILE MONEY,39.0,Male,New,January,109.31
ORD004487,3,40.88,0.0,,TOYS,KINDIA,Cash,32.0,Female,returning,December,139.94
ORD002980,2,320.38,0.0,4.0,Electronics,Nzerekore,MobileMoney,28.0,Female,New,December,568.43
ORD004477,3,26.54,10.0,1.0,BOOKS,Conakry,Card,33.0,Female,returning,January,68.11
ORD001091,2,26.24,20.0,6.0,Clothing,Labe,Card,,Male,Returning,April,35.79
ORD005336,5,22.95,0.0,6.0,Clothing,Boke,Mobile Money,38.0,Male,New,January,117.25
ORD003641,3,24.64,0.0,1.0, Books ,Kindia, card ,29.0,Male,Returning,January,74.17
ORD008983,3,-40.0,,150.0,food,Conakry,Cash,50.0,Female,Returning,December,52.18
ORD008744,4,101.59,10.0,5.0,Sports,Conakry,Cash,29.0,Male,New,April,341.21
ORD007273,3,13.73,10.0,,books,BOKE,,34.0,male,Returning,June,37.41
ORD003468,7,38.87,20.0,1.0,Cloting,kankan,Cash,40.0,Male,New,August,223.82
ORD007001,3,270.09,0.0,3.0,Home ,Conakry,Cash,49.0,Male,New,April,784.8
ORD005110,5,68.04,,8.0,Toy,Conakry,MobileMoney,20.0,Male,Returning,September,314.89
ORD002451,3,,0.0,3.0,Home,kankan,MOBILE MONEY,180.0,M,Returning,January,191.25
ORD001196,3,63.14,0.0,2.0,BEAUTY,Kindia,Card,30.0,Female,New,January,206.29
ORD002346,4,34.73,20.0,1.0,Clothing,Labé,Mobile Money,21.0,Female,New,January,97.61
ORD000738,4,41.23,10.0,1.0,Sports,Kindia,Cash,30.0,Male,new,November,153.69
ORD001436,6,40.15,5.0,4.0,Toys,Labe,Cash,35.0,Male,New,November,224.76
ORD004573,5,,15.0,2.0,Books,N'Zerekore,Cash,34.0,Male,Returning,July,67.24
ORD002520,4,-40.0,10.0,5.0,beauty,boke,MobileMoney,32.0,Female,Returning,August,215.55
ORD008940,1,2.99,5.0,4.0,Book,Kindia,,33.0,Female,New,January,3.07
ORD001412,9,94.69,0.0,4.0,Clothing,Conakry,Cash,27.0,Female,NEW,August,807.74
ORD008279,5,15.51,5.0,3.0,Food,Nzerekore,Mobile Money,34.0,Male,New,June,79.01
ORD001647,5,67.24,0.0,6.0,Beauty ,Conakry,Mobile Money,55.0,Female,Returning,April,350.48
ORD004868,4,37.11,0.0,6.0,Clothing,labe,Mobile Money,25.0,Female,Returning,December,136.85
ORD000733,3,107.11,0.0,4.0,Sports,Kindia,Card,41.0,Female,New,September,303.94
ORD001650,2,69.03,-20.0,2.0,Clothing,Kindia,Mobile Money,27.0,Male,RETURNING,November,145.72
ORD006386,3,81.33,0.0,-6.0,SPORTS,KINDIA,Cash Payment,,Male,Returing,February,248.99
ORD003731,3,156.86,0.0,8.0,Home, Conakry,card,35.0,Female,New,September,400.31
ORD007021,3,14.02,20.0,4.0,Food,nzerekore,cash,,female,returning,October,35.88
ORD003677,4,59.87,10.0,5.0,Clothing,Kindia,Cash,34.0,Male,New,June,223.02
ORD008311,4,174.52,0.0,4.0,Electronic,NZEREKORE,Cash,23.0,M,Returning,June,638.5
ORD002597,5,,0.0,7.0,Electronics,Kindia,Cash Payment,31.0,Female,New,June,991.26
ORD004351,5,20.17,0.0,4.0,Toys,Nzerekore,Mobile Money,27.0,Male,Returning,December,85.09
ORD007801,2,199.13,0.0,3.0,Electronics,nzerekore,Card,42.0,Male,Returning,October,457.54
ORD005892,5,17.74,15.0,,Beauty,Conakri,Card,42.0,male,New,September,67.14
ORD003912,8,11.75,0.0,2.0,TOYS,Boke,MOBILE MONEY,17.0,Male,New,December,84.76
ORD006781,5,101.73,25.0,4.0,SPORTS,Kindia ,mobile money,21.0,Female,New,August,358.07
ORD005130,2,29.01,10.0,2.0,Books,Boke,card,-12.0,Male,NEW,March,51.23
ORD002532,2,32.93,10.0,5.0,Beauty,N'Zerekore,Card,39.0,Female,Returning,August,60.53
ORD000080,4,52.4,0.0,6.0,Books,Conakry,Card,30.0,Female,New,April,202.44
ORD005699,6,8.0,,,Food,Conakry,,29.0,Female,Returning,April,46.65
ORD005822,2,,10.0,,Clothing,Kindia,Mobile Money,34.0,Male,New,July,98.16
ORD000100,6,68.26,0.0,5.0,Beauty,Conakry,Mobile Money ,,Female,RETURNING,July,407.66
ORD001877,5,30.46,0.0,6.0,Beauty ,Conakry,cash,33.0,Male,New,September,134.48
ORD008615,4,12.42,0.0,5.0,books,Kindia ,Mobile Money,43.0,Female,New,December,41.8
ORD001773,4,68.54,0.0,4.0,beauty,LABE,Card,16.0,Male,Returning,November,282.08
ORD004643,4,18.46,0.0,4.0,Foood,Conakry,Credit Card,37.0,Male,New,July,76.58
ORD000640,3,453.84,0.0,6.0,Electronics,Conakry,Card,39.0,Male,Returning,May,1420.17
ORD000068,3,,5.0,6.0,books,Kankan,Card,31.0,Male,New,October,18.09
ORD008065,2,129.2,0.0,4.0,Sports,Conakry,Card,43.0,Female,Returning,December,239.12
ORD001113,6,97.6,10.0,5.0,SPORTS,Conakry,Card,16.0,Male,Returning,April,539.11
ORD003743,4,61.2,,4.0,Beauty,Nzerekore,Cash ,36.0,Male,New,December,202.13
ORD002721,6,15.22,0.0,-8.0, FOOD ,Conakry,Mobile Money,39.0,Male,New,September,95.67
ORD008678,4,111.64,0.0,4.0,Sports,Labe,Mobile Money,29.0,Female,New,October,439.71
ORD001137,3,124.68,10.0,1.0,home,N'Zerekore,card,33.0,Male,New,February,342.82
ORD002706,3,,0.0,7.0,Food,Kindia,MOBILE MONEY,28.0,Female,Returning,September,29.71
ORD004382,6,19.32,0.0,4.0,Food,BOKE,Card,,F,New,December,108.58
ORD006152,5,470.12,25.0,5.0,Electronics,Nzerekore,Mobile Money,,Female,Returning,August,2026.02
ORD009390,7,65.7,0.0,5.0,Clothing,Conakry,Mobile Money,,Male,Returning,March,485.95
ORD009426,4,217.48,0.0,3.0,Home,Conakry,Mobile Money,39.0,Male,New,April,725.47
ORD001763,1,115.29,0.0,,Home,Conakry,Mobile Money,18.0,Female,Returning,February,121.5
ORD007260,4,51.32,25.0,5.0,Toys,Conakry,MOBILE MONEY,24.0,Female,New,September,152.61
ORD005761,1,21.04,,4.0,Electronics,kankan,Cash,8.0,Female,New,January,21.83
ORD003476,6,141.76,0.0,5.0,Sports,Labe,cash,,Female,Returning,October,813.1
ORD005844,2,,30.0,1.0,Electronics,Boke,Card,,Male,New,July,308.18
ORD002905,250,64.33,25.0,2.0,Beauty,Kankan,Mobile Money,20.0,Male,Returning,February,98.45
ORD001900,4,90.09,,5.0,home,Conakry,Card,40.0,Male,New,December,349.27
ORD007111,3,39.56,15.0,7.0,Books,Conakry,CASH,41.0,Male,New,September,99.63
ORD000375,3,50.78,0.0,1.0,Beauty,Conakry,,18.0,Male,New,November,176.56
ORD008647,7,247.98,0.0,1.0, Electronics  ,Nzerekore,Card,35.0,Male,New,February,1562.43
ORD009224,3,128.85,20.0,5.0,Home,Labe,Card,33.0,Female,New,August,317.02
ORD000642,3,-40.0,10.0,3.0,Toys,Conakry, Mobile Money ,16.0,Female,returning,April,186.03
ORD009552,3,212.09,0.0,5.0,Home,Conakry,MOBILE MONEY,,F,Returning,July,658.63
ORD000176,2,132.95,10.0,-8.0,Home,Conakry,Card,16.0,Female,New,May,230.79
ORD000233,2,91.31,10.0,-8.0,Clothing,Conakry,,21.0,Female,new,October,182.91
ORD000379,2,5.65,20.0,6.0,Food,Kankan,Cash,16.0,Male,Returning,December,8.42
ORD006377,3,47.46,10.0,5.0,Toys,Conakry,Mobile Money,26.0,Male,Returning,January,120.59
ORD006827,1,19.42,,5.0,Clothing,Kankan,Cash,28.0,Male,New,October,18.12
ORD003301,-3,62.73,0.0,5.0,Cloting, Kindia ,Card,40.0,Female,New,October,252.66
ORD003595,2,39.27,10.0,4.0,Toys,Kindia,Mobile Money,31.0,F,returning,February,71.41
ORD002786,3,140.19,20.0,5.0,Home,Conakry,Mobile Money,36.0,Male,New,March,360.88
ORD006842,4,57.71,0.0,,Beauty,Conakry,Mobile Money,16.0,Female,New,July,236.51
ORD005730,4,159.48,10.0,5.0,Home,Conakry,Cash,37.0,Female,Returning,November,574.07
ORD004989,7,19.31,10.0,4.0,Books,KANKAN,,16.0,Male,Returning,September,113.18
ORD000749,3,141.58,5.0,4.0,Electronics,Boke,Credit Card,8.0,Female,Returning,April,457.48
ORD008485,6,84.9,25.0,3.0,Home,kindia ,Card,,Female,Returning,February,361.76
ORD006012,2,142.33,20.0,2.0,HOME,Kankan,Mobile Money,20.0,Female,Returning,June,243.56
ORD001226,5,35.49,5.0,4.0,Toys,Nzerekore,Cash,44.0,Male,New,April,148.49
ORD002437,3,45.2,0.0,1.0,Toys,Conakry,Card,44.0,Male,New,January,134.26
ORD005561,1,377.2,0.0,5.0, Electronics ,Nzerekore,Card,19.0,Male,New,January,370.15
ORD006682,5,75.35,0.0,5.0,Sports,Conakry,,,Male,New,April,409.67
ORD008292,7,43.76,15.0,5.0,Toys,Kankan,Mobile Money,,Male,Returning,December,254.61
ORD001415,2,31.06,30.0,8.0,Toys,Boke,CASH,44.0,Male,New,July,43.21
ORD004211,4,65.89,0.0,2.0,Beauty,Labe,Card,16.0,Female,New,August,252.53
ORD009322,3,126.66,5.0,5.0,Home,CONAKRY,Card,27.0,Female,New,September,392.05
ORD000174,2,502.2,0.0,150.0, electronics ,Conakry,CASH,17.0,Male,Returning,December,1019.13
ORD001875,3,30.46,30.0,6.0,Toys,Kankan,,180.0,Male,Returning,August,62.94
ORD009684,5,27.72,0.0,5.0,Toys,Nzerekore,Card,38.0,Male,Returning,November,146.07
ORD003672,3,53.59,20.0,2.0,BEAUTY,Conakry ,Card ,29.0,male,Returning,May,132.23
ORD007105,2,11.15,10.0,5.0,Books,KANKAN,,26.0,Female,New,January,19.73
ORD008804,4,228.39,0.0,8.0,Electronics,Labé,Cash Payment,18.0,Female,New,August,909.06
ORD001269,9,212.96,0.0,2.0,Home,Conakry,CARD,29.0,Female,Returning,February,1658.74
ORD003707,11,65.35,0.0,,Sports,Boke,Card,44.0,Male,New,August,710.42
ORD009032,5,20.98,0.0,4.0, Food ,Boke,Cash Payment,19.0,Female,New,July,97.05
ORD007069,3,69.86,15.0,3.0,Clothing,conakry,Mobile Money,24.0,Female,New,May,153.77
ORD007067,3,106.72,,6.0,SPORTS,kankan,Card,34.0,Male,NEW,December,301.41
ORD003607,6,388.64,0.0,150.0,Eletronics,Conakri,Cash,16.0,Male,New,July,2099.14
ORD000421,2,66.05,250.0,-8.0,Clothing,Conakry,MOBILE MONEY,28.0,Female,Returning,November,129.68
ORD000864,1,42.06,15.0,-8.0,Sports,Labe,Card,41.0,F,Returning,June,32.51
ORD003023,9,22.87,5.0,,Food,Conakry,CASH,22.0,Male,New,September,185.07
ORD007410,4,14.24,10.0,4.0,BOOKS,Boke,Cash,,Male,Returning,July,48.63
ORD001769,2,22.01,10.0,4.0,Food,Kindia,Mobile Money,31.0,Male,Returning,June,40.35
ORD001344,2,13.19,10.0,6.0,Foood,Conakry,Mobile Money,46.0,Female,New,June,24.21
ORD009450,2,56.71,0.0,7.0,Beauty,Conakry,Card,32.0,Male,New,March,117.99
ORD005072,8,,0.0,4.0,Electronics,kankan,,38.0,Male,New,June,2593.48
ORD008599,1,218.63,10.0,8.0,home,Conakri,Mobile Money,21.0,Male,New,February,229.41
ORD003525,5,39.79,0.0,5.0,Toys,Conakry,Cash,16.0,Male,New,April,190.57
ORD006060,6,93.64,0.0,3.0,Sport,Conakry,CARD,23.0,Female,NEW,November,555.77
ORD000056,4,20.64,0.0,3.0,Books,Kankan,Mobile Money,39.0,Male,Returning,December,80.64
ORD008149,2,39.26,0.0,3.0,toys,Kindia,Card,50.0,Male,Returning,August,78.58
ORD005676,2,66.97,30.0,6.0,CLOTHING,Nzerekore,Cash,32.0,Female,New,December,73.73
ORD005147,4,87.68,10.0,-8.0,HOME,LABE,Cash,21.0,Male,Returning,September,332.21
ORD004949,6,-40.0,25.0,3.0,Sports,labe,Mobile Money,30.0,Male,New,March,567.86
ORD007726,7,117.18,0.0,1.0,Home,kindia,Card,20.0,Male,New,August,810.88
ORD006655,2,16.69,5.0,6.0,Books,KANKAN,Mobile Money,53.0,Male,New,July,31.81
ORD004853,3,113.55,0.0,2.0,Home,Conakry,,32.0,F,new,February,357.03
ORD008696,250,138.2,10.0,4.0,Home,Conakry,Mobile Money,34.0,Male,New,March,390.37
ORD009112,4,62.11,0.0,8.0,Beauty,BOKE,Mobile Money,33.0,Female,Returning,February,245.22
ORD005993,4,37.9,,3.0,Toys,Labe,Cash,47.0,Female,Returning,May,159.58
ORD005280,4,52.62,25.0,4.0,BEAUTY,Kindia,Credit Card,28.0,Female,New,January,165.68
ORD003546,2,47.53,0.0,,Toy,Labe,Card,27.0,M,Returning,May,89.46
ORD002574,4,,0.0,4.0,books,Boke,Mobile Money,36.0,Male,Returning,April,122.9
ORD000508,3,13.65,10.0,3.0,Food,Labe,Mobile Money,16.0,Female,Returning,September,35.47
ORD009507,2,18.32,15.0,,FOOD,KINDIA,mobile money,26.0,Female,Returning,August,31.38
ORD009314,3,17.02,0.0,4.0,toys,Conakry,Mobile Money,39.0,Female,New,June,49.03
ORD001814,3,43.39,0.0,,Beauty, Nzerekore ,Card,33.0,Male,Returning,February,128.86
ORD002760,1,53.37,0.0,2.0,Beauty,Kankan,Cash,45.0,Female,Returning,April,49.29
ORD000501,5,16.52,25.0,6.0,Food,NZEREKORE,MobileMoney,16.0,Male,Returning,January,66.23
ORD003434,2,40.48,,4.0,Books,Conakry,Card,28.0,Female,Returning,March,68.98
ORD006376,2,14.84,10.0,1.0,Book,labe,Cash,,Male,Returning,March,25.21
ORD001286,4,62.31,,4.0,Toys,Conakry,Cash,46.0,Female,Returning,November,229.39
ORD006107,1,18.27,0.0,6.0,Food,Kindia,Card,29.0,F,New,December,17.31
ORD007452,4,15.37,,4.0,food,Conakry,Card,34.0,Male,New,May,55.67
ORD005195,8,234.38,30.0,,Sports,Conakry,MobileMoney,57.0,Female,Returning,December,1157.35
ORD006877,5,71.0,15.0,7.0,clothing ,Kankan,MOBILE MONEY,31.0,Female,New,October,309.39
ORD006093,6,191.86,0.0,1.0,Home,Kankan,Card,,male,New,July,1074.25
ORD003518,3,139.78,0.0,2.0,Sports,Conakry,Card,18.0,Female,new,June,426.08
ORD005177,3,50.6,0.0,6.0,BEAUTY,Nzerekore,Mobile Money,26.0,Female,Returning,March,156.38
ORD008429,5,35.37,0.0,150.0,Toy,Boke,Card,16.0,Male,new,February,190.15
ORD001643,7,119.34,15.0,3.0,home,Nzerekore,mobile money,53.0,F,New,October,811.53
ORD007494,4,34.47,0.0,7.0,Toys,kindia,,30.0,Female,New,November,125.86
ORD003362,1,49.42,0.0,8.0,Clothing,Nzerekore,Cash Payment,26.0,Male,New,October,44.85
ORD007204,3,121.44,10.0,6.0,Home,boke,,42.0,Female,Returing,March,343.6
ORD008071,4,36.89,0.0,3.0,Books, Conakry,,34.0,Female,New,August,161.23
ORD004883,3,21.75,0.0,7.0,Books,Nzerekore,Cash,21.0,Male,Returning,December,66.82
ORD008949,3,18.3,25.0,2.0, food ,Conakry,Card,18.0,M,New,November,45.58
ORD004057,3,500000.0,15.0,3.0,Electronics,Labe,Mobile Money,17.0,Female,NEW,December,391.3
ORD008573,4,42.0,15.0,9.0,Toys,Boke, CARD ,38.0,Male,Returning,November,123.47
ORD002839,2,,0.0,7.0,Books,kankan,Cash,36.0,Male,returning,February,44.79
ORD008621,9,83.73,0.0,6.0,Clothing,Boke,Cash Payment,22.0,female,New,August,779.69
ORD006211,4,12.64,0.0,4.0,Food,Kankan,Card,,Female,Returing,April,51.47
ORD001901,1,29.3,25.0,4.0,Food,Conakry,Mobile Money,31.0,Female,Returning,August,22.42
ORD003960,2,121.69,0.0,5.0,Home,Boke,Mobile Money,21.0,Female,New,June,258.14
ORD009572,3,457.52,0.0,2.0,Electronics,Labe,Mobile Money,25.0,Female,Returning,February,1346.76
ORD001819,7,123.92,20.0,5.0, Home ,Labé,Mobile Money,33.0,F,New,April,661.29
ORD007329,5,190.15,0.0,5.0,ELECTRONICS,Labe,,50.0,Male,New,August,915.99
ORD005148,5,14.59,0.0,-8.0,food,boke,CARD,28.0,Female,Returing,February,76.62
ORD002499,3,45.32,0.0,9.0,toys,Boke,Cash,37.0,Male,Returning,February,118.83
ORD005805,4,198.62,25.0,-8.0,Home,Labe ,Cash,16.0,Female,Returning,August,581.57
ORD003735,4,179.88,0.0,6.0,Sports,Conakri,MOBILE MONEY,45.0,Male,New,February,748.75
ORD008618,5,15.51,0.0,5.0,food,Conakry, MOBILE MONEY ,29.0,Male,New,April,93.92
ORD004516,4,75.77,0.0,5.0,Home,Kankan,Card,23.0,Female,New,June,280.75
ORD003550,6,61.66,0.0,5.0,Clothing,Conakry, Mobile Money ,40.0,Male,NEW,September,299.11
ORD007453,5,16.7,,,Toys,Boke,Card,28.0,Male,Returning,November,74.78
ORD007208,4,107.55,0.0,4.0,Home,nzerekore,Card,26.0,Female,New,November,436.0
ORD002209,1,104.41,10.0,2.0,Sports,Conakri,MOBILE MONEY,18.0,Male,Returning,March,81.85
ORD009283,3,251.55,0.0,-8.0,Electronic, Conakry,Card,19.0,Female,New,June,749.58
ORD003184,2,267.04,0.0,3.0,ELECTRONICS,kindia,cash,,Female,New,June,513.35
ORD002092,5,99.67,10.0,3.0,Clothing,Kindia,Card,20.0,Male,NEW,November,462.16
ORD007691,-3,69.66,,3.0,Sports,Kindia,Card,25.0,MALE,New,July,354.4
ORD006125,6,27.38,15.0,7.0,Toys,KINDIA,Cash ,25.0,Female,Returning,May,132.43
ORD002953,8,539.71,0.0,5.0,electronics,Conakry,Card,34.0,Female,Returning,August,4603.04
ORD006711,4,500000.0,0.0,4.0,Beauty,Conakry,Cash,16.0,FEMALE,New,March,217.57
ORD009118,3,292.07,0.0,1.0,Electronics,Nzerekore,CARD,32.0,Male,NEW,January,832.63
ORD007474,5,78.87,0.0,1.0,Sports,Conakry,,41.0,Female,New,November,456.06
ORD009483,3,191.95,,2.0,Home,Conakry,MOBILE MONEY,32.0,Male,Returning,August,600.94
ORD005558,3,18.31,0.0,2.0,Food,Kindia,CASH,18.0,Female,New,December,55.65
ORD004701,8,126.6,20.0,8.0,Home,Nzerekore,Card,16.0,Female,Returning,February,815.8
ORD004353,2,10.01,0.0,4.0,Books,Kindia,Mobile Money,40.0,MALE,Returning,September,19.39
ORD008737,3,44.9,0.0,3.0,Beauty,Kindia,Card,8.0,Male,New,June,142.43
ORD008975,3,6.28,0.0,2.0,Books,KANKAN,Card,24.0,Female,Returning,September,19.43
ORD000061,4,41.85,0.0,1.0,Books,Conakry,Credit Card,24.0,Female,Returning,July,148.35
ORD003475,7,217.54,,4.0,Electronics,Boke,Card,54.0,Male,Returning,July,1383.26
ORD009039,6,100.98,0.0,2.0,Home,KINDIA,Mobile Money,39.0,Male,Returning,September,667.92
ORD004278,5,14.02,5.0,5.0,Beauty,Boke,Card,8.0,Female,New,April,61.31
ORD000624,5,10.43,0.0,1.0,Food,Boke,Cash,21.0,F,RETURNING,August,52.11
ORD003544,5,28.26,,4.0,Toys,Conakry,Card,39.0,Female,Returning,March,123.18
ORD008858,1,19.4,0.0,7.0,FOOD,conakry,Mobile Money,19.0,Female,New,May,19.72
ORD008502,2,41.67,0.0,2.0,Beauty,Boke,MobileMoney,33.0,female,Returning,October,73.93
ORD006557,4,19.02,0.0,4.0,Food,Conakry,Mobile Money,29.0,Male,Returning,March,76.21
ORD003605,9,21.0,0.0,6.0,Books,Conakry,Cash,18.0,Male,New,July,225.02
ORD000164,3,13.99,0.0,-8.0,Food,Conakry,Mobile Money,35.0,Female,Returning,April,50.34
ORD008795,5,214.07,0.0,-6.0,Electronics,Conakry,,,Female,Returing,June,1123.91
ORD008705,2,59.13,10.0,6.0,Clothing,Kankan,Mobile Money,28.0,Female,New,February,100.4
ORD002255,5,-40.0,10.0,7.0,Books,Conakry,Mobile Money,32.0,Female,Returning,December,128.94
ORD009333,3,27.4,0.0,1.0,Books,Kankan,Mobile Money,29.0,Male,new,April,87.17
ORD004666,4,76.09,10.0,150.0,Sports,Nzerekore,Mobile Money,16.0,Female,Returning,July,265.0
ORD007122,5,52.59,0.0,5.0,Toys,Conakry,Card,37.0,Female,New,January,265.05
ORD008604,8,10.26,0.0,3.0,Food,Kankan,Card,26.0,Female,Returning,January,89.18
ORD000797,4,,15.0,5.0,beauty,Kindia,Card,37.0,MALE,Returning,November,116.99
ORD005292,5,,0.0,3.0,Clothing,Boke,Card,180.0,Female,Returning,September,439.45
ORD007569,3,20.91,0.0,7.0, Toys ,Labe,Cash Payment,25.0,Male,Returning,August,66.13
ORD009109,4,,15.0,, Home ,Conakry,Cash,38.0,Female,New,October,577.63
ORD005795,7,73.64,0.0,4.0,BEAUTY,Conakry,Card,25.0,Female,NEW,June,603.3
ORD000113,2,41.91,15.0,5.0,Beauty,Conakri,,16.0,Male,New,October,66.29
ORD005592,8,88.58,25.0,7.0,Clothing ,Conakry,Cash,36.0,Female,returning,February,502.41
ORD001687,4,82.48,0.0,5.0,Sports,Conakri,Cash,35.0,Male,New,February,278.48
ORD005554,4,137.45,5.0,7.0,Sports,Conakry,Card,16.0,Female,New,July,517.47
ORD006026,3,70.37,0.0,1.0,Clothing,BOKE,Cash,22.0,Female,Returning,July,237.24
ORD005537,5,31.2,0.0,4.0,Books,Conakry,CARD,32.0,Female,New,December,156.11
ORD006546,6,214.63,0.0,4.0, Electronic ,Boke,Mobile Money,26.0,M,Returning,September,1440.53
ORD000923,2,15.59,0.0,,TOYS,Conakry,Cash,43.0,Male,Returning,February,33.77
ORD005216,6,12.04,0.0,,Books,conakry,Card,30.0,Male,New,July,67.07
ORD008919,2,4.97,0.0,5.0,BOOKS ,Labe,Mobile Money,25.0,F,Returning,May,8.24
ORD002044,3,106.99,15.0,6.0,Sports,kindia,CARD,21.0,Male,New,November,278.91
ORD007073,2,46.72,0.0,8.0,Beauty,BOKE,Cash Payment,22.0,Male,New,August,88.66
ORD003063,4,21.74,0.0,5.0,Books,Kankan,Card,27.0,Male,Returing,October,98.8
ORD008983,3,-40.0,,150.0,food,Conakry,Cash,50.0,Female,Returning,December,52.18
ORD002085,4,30.32,0.0,3.0,Toys,Kindia,Card,31.0,Female,New,June,120.37
ORD004838,4,,10.0,4.0,Home,BOKE,Mobile Money,31.0,Female,Returning,October,404.81
ORD001422,5,79.38,5.0,4.0,Clothing,Conakry,Cash,16.0,male,new,June,339.96
ORD001546,3,68.75,10.0,,Beauty,conakry,MOBILE MONEY,19.0,Female,New,June,196.21
ORD007804,5,379.89,25.0,4.0,Electronics ,CONAKRY,Cash,43.0,Female,New,October,1518.42
ORD006641,4,156.15,0.0,3.0,Home,Kankan,CARD,8.0,male,Returning,December,668.49
ORD002568,4,50.02,10.0,3.0,Toys ,Conakry,Mobile Money,16.0,MALE,Returning,July,178.41
ORD004826,4,90.14,0.0,8.0,Home,Labe,Card,22.0,Female,Returning,August,322.97
ORD009198,2,42.04,,,Beauty,Labe, CARD ,35.0,Male,New,April,75.44
ORD009286,2,19.0,0.0,4.0,Clothing,Kindia,Cash,27.0,Female,New,August,36.0
ORD002715,2,89.5,10.0,9.0,Sports,NZEREKORE,Card,16.0,Female,Returning,January,165.85
ORD003200,5,160.18,0.0,,home ,Boke,Credit Card,16.0,Male,New,October,883.81
ORD000413,4,,10.0,3.0,Electronics,BOKE,Card,44.0,Male,Returning,December,912.13
ORD000653,2,23.33,20.0,6.0,Food,Conakry,Card,36.0,Male,Returning,March,39.85
ORD007120,4,53.67,0.0,5.0,BEAUTY,Labe,mobile money,36.0,Female,New,August,172.0
ORD007331,1,,0.0,5.0,Books, Conakry,MOBILE MONEY,40.0,Male,New,January,32.69
ORD000228,3,61.65,0.0,2.0,Clothing,Kindia,Mobile Money,42.0,Male,New,July,176.4
ORD007171,1,222.48,10.0,8.0,Electronics,Kankan,Mobile Money,,Male,New,July,207.39
ORD005970,3,51.86,0.0,4.0,Home,Kindia,cash,19.0,Male,New,June,153.88
ORD006829,4,21.96,10.0,4.0,Books,Boke,Cash,47.0,Female,Returning,October,79.85
ORD008287,2,,10.0,4.0,CLOTHING,Conakry,Cash,16.0,Male,Returning,July,58.85
ORD001138,6,41.43,30.0,,Clothing,Nzerekore,Mobile Money,38.0,Female,New,December,170.9
ORD007128,4,80.65,10.0,6.0,Clothing,Conakry,,,Male,Returning,November,277.76
ORD004377,2,11.63,0.0,2.0,Books,Kankan,,22.0,Male,RETURNING,September,22.89
ORD000534,8,8.18,25.0,-8.0,Food,Conakri,Mobile Money,34.0,Female,New,January,44.8
ORD004579,5,49.01,0.0,4.0,Home,Labé,Mobile Money,25.0,Female,Returning,February,248.26
ORD004504,4,24.96,0.0,5.0,Food,Boke,Card,24.0,Male,Returning,December,89.44
ORD006750,3,149.96,10.0,5.0,Sport,boke ,Mobile Money,45.0,Female,New,July,422.76
ORD002278,1,82.31,0.0,3.0,SPORTS,boke,Cash,29.0,MALE,New,March,75.14
ORD009000,6,153.4,5.0,-8.0,Home,Boke,Mobile Money,19.0,Female,New,July,920.87
ORD005549,5,41.57,,6.0,sports,LABE,Mobile Money,32.0,Male,New,June,216.26
ORD009024,5,235.26,0.0,5.0,home,Conakri,Mobile Money,180.0,Male,New,January,1153.68
ORD000795,5,,15.0,3.0,Home,Conakry,Card,34.0,F,New,August,488.19
ORD004779,4,48.29,10.0,2.0,beauty,Labé,Cash,28.0,Female,Returning,November,178.85
ORD002335,1,180.34,0.0,7.0,HOME,Boke, Card ,40.0,Female,New,September,179.22
ORD000832,1,37.0,25.0,3.0,Toys,boke,CASH,27.0,Male,NEW,March,28.2
ORD004214,4,23.08,20.0,3.0,Food,Kindia,Mobile Money,35.0,Male,Returning,July,70.31
ORD005394,5,68.33,5.0,7.0,CLOTHING,KINDIA,Cash,44.0,Female,Returning,May,358.41
ORD006361,4,12.83,15.0,3.0,Books,Kindia,Cash,27.0,M,Returning,June,51.09
ORD002645,2,12.67,0.0,3.0,Beauty,Kankan,Card,51.0,Male,NEW,December,24.07
ORD005315,3,35.05,10.0,1.0,Sports,Kankan,Mobile Money,37.0,Female,Returning,November,93.79
ORD003602,3,81.07,0.0,5.0,Beauty,NZEREKORE,Mobile Money,16.0,Female,NEW,December,287.65
ORD007875,5,21.86,0.0,6.0,Books,Labe,Card,16.0,Female,New,June,99.83
ORD006158,6,20.43,0.0,4.0,BOOKS,Conakry,Mobile Money,31.0,Female,Returning,February,115.98
ORD007571,7,,0.0,3.0,Sports,Boke,mobile money,37.0,Male,New,September,315.75
ORD002248,6,30.83,0.0,-8.0,Beauty,Nzerekore,Mobile Money,19.0,Male,New,September,183.28
ORD008207,3,41.34,30.0,1.0,Toys,Kankan,mobile money,46.0,Female,New,June,86.84
ORD003998,4,21.79,15.0,2.0,Food,Boke,Mobile Money,39.0,Male,Returning,September,82.69
ORD001111,6,44.74,5.0,,toys,Kindia,Mobile Money,52.0,Female,Returning,March,240.86
ORD001635,6,15.77,0.0,3.0,Toys,Kankan,card,26.0,Female,New,April,96.72
ORD007351,3,87.33,15.0,3.0,Sports,Kankan,MOBILE MONEY,21.0,Male,Returing,July,214.82
ORD001451,4,62.16,20.0,8.0,Clothing,Boke,Mobile Money,19.0,Male,New,June,175.81
ORD004250,3,20.55,0.0,3.0,Books,Boke,Mobile Money,34.0,Male,Returning,October,71.94
ORD008456,4,30.16,0.0,3.0,Books,Nzerekore,,32.0,FEMALE,Returning,October,130.56
ORD009702,2,42.37,10.0,3.0,Clothing,Nzerekore,Cash,180.0,Male,New,May,70.89
ORD000359,2,102.97,20.0,6.0,Home ,boke,Cash Payment,32.0,Male,New,October,170.62
ORD005270,5,,5.0,8.0,FOOD,Boke,Card,45.0,Male,Returning,August,43.87
ORD003397,3,223.92,0.0,,Home,Conakry,MobileMoney,39.0,Male,Returning,September,664.16
ORD000695,5,8.84,25.0,4.0,Food,Kankan,cash,16.0,Male,new,December,32.44
ORD002540,-3,16.27,0.0,3.0,Food,CONAKRY,Card,26.0,Female,Returning,April,104.66
ORD000607,4,19.88,0.0,-8.0,books,Kankan,Card,20.0,M,New,March,77.91
ORD002769,5,72.87,0.0,4.0,clothing,Kindia,Mobile Money,18.0,Male,Returning,March,360.65
ORD000414,1,,250.0,7.0,BOOKS,Boke,cash,16.0,Male,Returning,October,12.74
ORD002702,3,16.18,15.0,7.0,Food,Conakry,Cash,26.0,Male,Returning,November,41.31
ORD003859,7,20.82,0.0,6.0,Foood,Conakry,Card,40.0,Female,New,October,142.07
ORD009206,4,37.12,0.0,6.0,Books,Labe,,,Male,Returning,November,161.34
ORD006362,6,15.74,0.0,2.0,food,conakry,cash,,Male,New,January,90.5
ORD002937,6,56.03,0.0,8.0, Clothing ,Labe,Mobile Money,40.0,Male,Returning,August,330.87
ORD007669,2,17.96,20.0,6.0,Toys,NZEREKORE ,CASH,25.0,Male,Returning,May,27.07
ORD009036,5,181.79,0.0,3.0,Home,Boke,Mobile Money,35.0,M,New,October,752.51
ORD005139,4,,-20.0,4.0,Toys,BOKE,Mobile Money,,Female,Returning,June,158.88
ORD001897,4,40.0,0.0,6.0, toys ,Labe,Cash ,25.0,Female,Returning,April,157.76
ORD007383,7,,0.0,8.0,toys,Labe,Cash,,Male,returning,September,184.92
ORD006764,4,42.22,0.0,4.0,Clothing, Conakry,card,,male,New,December,168.77
ORD008859,4,68.43,0.0,6.0,Beauty, Conakri ,Cash,,Female,NEW,February,299.91
ORD008520,1,21.04,15.0,7.0,Toys,Boke,Mobile Money,,Female,NEW,July,20.08
ORD005604,6,46.37,15.0,,TOYS,Kindia,CARD,180.0,Female,New,December,249.62
ORD006527,3,105.89,0.0,6.0,Home,conakry,,50.0,FEMALE,RETURNING,August,289.39
ORD000459,6,10.97,0.0,1.0,food,kindia,Mobile Money,32.0,Female,New,March,66.41
ORD009659,3,,0.0,4.0,HOME,Conakry,Mobile Money,35.0,Male,New,October,630.76
ORD004000,6,31.22,0.0,6.0,Beauty,Labe,,33.0,Female,Returning,October,176.43
ORD003187,2,52.85,,5.0,Beauty,Labe,Card ,30.0,Male,RETURNING,February,93.97
ORD003048,5,24.23,0.0,7.0,Food,Boke,Cash Payment,28.0,Female,New,September,106.93
ORD003287,2,306.91,0.0,2.0,Home,Conakry,,23.0,Male,New,November,704.92
ORD003699,4,47.96,0.0,4.0,Toys,Conakry,Card,37.0,Female,New,January,179.64
ORD008894,6,106.93,10.0,4.0,HOME,Kankan,Card,29.0,Male,Returning,December,504.29
ORD006891,4,71.28,0.0,1.0,Clothing,Conakry,Card,39.0,Female,New,August,298.53
ORD003962,4,72.13,0.0,7.0,Sports,Kankan,CASH,18.0,Female,new,February,277.43
ORD001479,1,173.74,0.0,, ELECTRONICS ,Kankan,Cash,40.0,Female,Returning,April,182.2
ORD002428,4,9.15,10.0,7.0,food,kindia,Mobile Money,48.0,Female,New,November,30.32
ORD002334,250,42.03,,4.0,BEAUTY,nzerekore,CASH,26.0,Male,Returning,July,135.98
ORD000609,6,38.48,5.0,1.0,Beauty,Kindia,Cash,39.0,Female,New,April,207.92
ORD006861,4,62.43,0.0,5.0,Beauty,Conakry,Mobile Money,46.0,Female,New,October,258.64
ORD006999,4,12.99,0.0,2.0,food,Kindia,Mobile Money,27.0,Female,New,May,55.47
ORD006900,3,115.05,0.0,5.0,Sports,Boke,Mobile Money,34.0,Female,New,July,351.84
ORD006810,2,70.81,0.0,3.0,BEAUTY,Conakri,Cash,33.0,Male,Returning,October,151.52
ORD009345,6,,0.0,4.0,home,Kankan,Mobile Money,46.0,Female,Returning,December,680.55
ORD009386,4,446.35,0.0,4.0,  Electronics ,Conakry,Card,32.0,Male,Returning,June,1720.77
ORD002262,3,-40.0,0.0,5.0,Electronics,Kindia,CASH,52.0,Female,Returning,September,1149.41
ORD008628,1,,0.0,,Electronics,Conakry,Mobile Money,34.0,Female,Returning,October,344.07
ORD006917,5,,0.0,8.0,Beauty,BOKE,Cash,21.0,Female,New,November,173.93
ORD007163,2,372.86,,4.0,Electronics,Kindia,Mobile Money,22.0,Female,returning,August,794.81
ORD007047,7,81.44,0.0,1.0,Clothing,nzerekore,Cash,180.0,Male,New,April,578.03
ORD001874,6,75.93,20.0,6.0,Clothing,KINDIA,Card,31.0,Female,new,April,349.83
ORD002730,2,23.11,15.0,2.0,Food,Conakry,Mobile Money,17.0,Male,Returning,April,37.1
ORD004231,4,26.72,250.0,1.0,Books,Labe,Card,,Male,new,February,96.32
ORD006985,4,16.2,10.0,1.0,Food,kindia,Cash,24.0,Female,Returning,September,57.71
ORD004322,3,25.98,0.0,6.0, Books ,Kindia,Card,32.0,MALE,New,February,77.54
ORD002795,5,135.88,15.0,5.0,Sports,Conakry,Mobile Money,30.0,Male,new,February,557.64
ORD002658,3,62.99,10.0,2.0,Beauty,Kindia,Cash Payment,20.0,Male,Returing,June,165.25
ORD002154,2,51.86,0.0,6.0,Clothing,Kankan,,43.0,Female,New,January,89.51
ORD006596,9,19.56,0.0,4.0,Books,Conakry,Cash,39.0,Female,Returing,November,180.75
ORD007590,5,34.71,15.0,150.0,Toys,Kankan,,31.0,Female,Returning,July,147.86
ORD007449,5,40.04,0.0,5.0,home,Conakri,cash,30.0,Female,Returning,October,186.85
ORD003866,2,66.19,0.0,,Clothing,Kindia,Cash,32.0,Male,New,September,128.05
ORD000489,4,60.83,0.0,3.0,Sports,Nzerekore,Cash,43.0,Male,New,April,275.9
ORD004186,2,35.9,15.0,4.0,Toys,BOKE,Mobile Money,19.0,Female,New,February,65.12
ORD006319,4,342.85,0.0,8.0,Eletronics,Boke,Mobile Money,39.0,Male,returning,August,1348.21
ORD007146,2,74.01,0.0,,Clothing,Labe,Card,39.0,Male,RETURNING,March,159.77
ORD006086,6,39.71,0.0,5.0,Toy,Conakry,,44.0,Female,New,March,262.33
ORD003394,3,16.23,0.0,6.0,Books,Nzerekore,Cash ,17.0,Male,New,July,47.62
ORD006445,5,149.56,5.0,4.0,Home, Conakry ,CASH,32.0,Male,New,October,649.02
ORD000806,7,8.26,0.0,4.0,Food,boke,Cash,26.0,FEMALE,New,September,60.68
ORD006447,4,14.06,10.0,8.0,Books ,Boke,,,MALE,Returning,December,54.04
ORD005055,4,486.31,0.0,4.0,Electronics,BOKE,Cash,51.0,Male,NEW,December,2191.77
ORD000001,5,85.26,10.0,7.0,clothing,Conakry,Cash,27.0,Male,New,December,400.32
ORD008359,6,39.03,0.0,5.0, Toys ,kankan,Mobile Money,27.0,Male,New,June,254.42
ORD005669,4,17.66,15.0,3.0,FOOD, Kankan ,CARD,26.0,Female,Returning,June,68.67
ORD006995,6,10.69,0.0,6.0,Books,Labe,,,M,New,February,61.48
ORD002847,3,31.72,10.0,7.0,Toys,Boke,CARD,43.0,Female,Returning,July,83.92
ORD009482,7,42.75,0.0,7.0,Toys,KINDIA,,32.0,Female,New,December,310.11
ORD002893,2,,0.0,6.0,Clothing,Conakry,card,40.0,Male,Returning,June,115.29
ORD005414,3,,10.0,2.0,Food,Conakri,MobileMoney,30.0,Male,New,March,24.3
ORD002129,5,30.51,0.0,5.0,Toys,Kindia,mobile money,27.0,Male,New,May,182.86
ORD007672,4,17.67,15.0,6.0,Food,Kankan,MobileMoney,19.0,Female,New,December,63.79
ORD004938,2,20.2,15.0,4.0,Food,kindia,Mobile Money,55.0,Female,Returning,July,32.66
ORD008548,2,10.76,5.0,4.0,Food,Nzerekore,Card,16.0,Female,Returning,August,22.08
ORD003018,7,20.42,0.0,1.0,Books ,Kankan,Card,21.0,Female,New,July,151.13
ORD006494,4,154.21,0.0,1.0,Home,Conakry,Cash,,Female,Returning,March,559.84
ORD007868,3,24.32,,4.0,Food,CONAKRY,Cash Payment,22.0,Female,returning,May,78.29
ORD006274,4,11.56,10.0,4.0,Book,Boke,Card,,Female,Returning,February,39.21
ORD006852,1,114.48,25.0,,Home,Nzerekore,card,34.0,Male,New,June,91.94
ORD008210,5,58.51,15.0,,Sports,Conakry,Mobile Money,43.0,Female,New,April,256.63
ORD009197,3,13.37,0.0,2.0,Foood,Nzerekore,Cash,,F,New,December,39.45
ORD005063,7,26.55,0.0,9.0,toys,Labe,Cash,47.0,Male,New,July,194.1
ORD004940,3,22.36,0.0,5.0,FOOD,Conakry,Mobile Money,35.0,Male,Returing,January,63.7
ORD008126,4,92.9,10.0,5.0,Sports ,kindia,Credit Card,31.0,Female,New,December,308.41
ORD008870,2,68.28,5.0,,Beauty,Conakry,Cash Payment,50.0,Female,Returning,April,115.27
ORD007535,8,28.64,0.0,4.0,Toy,Kindia,Card,49.0,Female,Returning,March,238.0
ORD007133,5,204.04,0.0,7.0, Electronics ,Kankan,Mobile Money,38.0,Female,Returning,August,897.07
ORD008227,3,71.17,0.0,7.0,Toys,Conakry,,16.0,Male,Returning,December,217.99
ORD001754,4,131.9,0.0,5.0,Home,Kindia,Cash,45.0,Male,New,August,503.56
ORD006553,-3,68.81,0.0,5.0,Toys,Conakry,Cash,43.0,Female,Returning,April,369.55
ORD008724,4,,15.0,7.0,Toys,KINDIA,MOBILE MONEY,23.0,Male,New,July,145.1
ORD003244,3,17.38,10.0,10.0,Food,Labe,Cash,39.0,Female,Returning,March,48.0
ORD003340,250,62.81,5.0,5.0,HOME,Conakry,Card,28.0,Male,New,November,242.33
ORD003416,3,39.88,5.0,1.0,toys,Conakry,Mobile Money,27.0,MALE,Returning,July,129.61
ORD005012,2,7.46,0.0,2.0,Food,Conakry,,16.0,Female,Returning,June,15.95
ORD004505,4,22.33,250.0,4.0,toys,Kindia,Card,37.0,Female,Returning,October,90.06
ORD000717,5,67.71,,2.0,BEAUTY,Labe,Card,,Female,Returning,January,317.93
ORD004032,3,30.35,5.0,3.0,Beauty,Kindia,Mobile Money,25.0,Male,Returning,January,77.03
ORD009299,6,70.43,0.0,3.0,Hom,Kankan,Mobile Money,45.0,male,New,July,456.25
ORD001499,2,72.06,5.0,-8.0,Sports,kankan,Card,20.0,Male,Returning,November,129.53
ORD009404,6,165.2,0.0,1.0,Home,Boke,Mobile Money,19.0,Male,New,November,1043.76
ORD001459,5,63.0,,7.0,toys,Kindia,Mobile Money,62.0,Male,Returning,September,260.55
ORD001678,4,47.33,0.0,9.0,Beauty,Kindia,card,37.0,Female,new,November,202.29
ORD002690,5,21.36,15.0,3.0,BEAUTY,Kankan,Card,16.0,Male,New,April,98.77
ORD007684,9,14.09,5.0,7.0,Food,Kindia,,19.0,Male,Returning,May,112.59
ORD008272,2,58.94,0.0,,Clothing ,kindia,Cash,29.0,Male,Returning,February,118.67
ORD008369,6,,0.0,7.0,Sports,Conakry ,,25.0,Female,Returning,October,742.63
ORD005468,8,500000.0,5.0,6.0,Toys,Conakry,Card,22.0,Male,New,December,391.12
ORD008341,6,426.88,15.0,2.0,Electronics,Conakry,mobile money ,47.0,Male,Returning,April,2278.73
ORD007014,5,30.63,15.0,7.0,Books,kindia,Card,34.0,Male,New,July,151.4
ORD001040,4,42.4,10.0,6.0,CLOTHING,kindia,Cash,26.0,Male,Returning,May,134.08
ORD004656,3,24.6,0.0,5.0,Books,labe,Card,45.0,Female,New,October,66.51
ORD005670,5,62.72,0.0,3.0,TOYS,Conakry,MobileMoney,16.0,male,New,October,356.26
ORD002126,4,11.64,0.0,4.0,Books,CONAKRY,cash,37.0,FEMALE,Returning,September,47.72
ORD000871,1,98.09,5.0,5.0,Sports,CONAKRY,CASH,41.0,Female,Returning,April,79.99
ORD003996,2,303.6,0.0,3.0,Electronics,kankan,Cash,24.0,Male,Returning,August,596.78
ORD009678,250,23.47,5.0,4.0,Toys,CONAKRY,cash,18.0,Female,New,June,87.32
ORD009381,3,42.52,10.0,2.0,Toys,Labe,Cash,30.0,Female,New,July,110.47
ORD003854,5,21.25,10.0,5.0,Books,Kankan,Cash,24.0,Male,New,May,110.58
ORD004166,4,71.54,0.0,4.0,sports,Kankan,Mobile Money,35.0,Male,New,August,297.23
ORD000522,5,474.42,0.0,,Electronic,Conakry,,16.0,Male,Returning,January,2224.3
ORD001016,3,20.64,30.0,5.0,Books,Kindia,Cash,44.0,Male,New,December,39.84
ORD001945,3,39.45,0.0,4.0,BEAUTY,N'Zerekore,,51.0,Male,Returning,December,116.73
ORD001527,2,104.41,20.0,4.0,Clothing,KINDIA,card,45.0,Male,NEW,March,159.01
ORD006887,2,-40.0,,4.0,food,Boke,,38.0,Male,Returning,February,42.84
ORD002954,5,78.6,10.0,-8.0,Clothing,Conakri,Card,25.0,FEMALE,New,September,365.58
ORD004773,1,9.44,0.0,3.0,books ,Kindia,,37.0,FEMALE,Returning,September,8.86
ORD002924,2,176.94,5.0,8.0,home,Conakry,Mobile Money,40.0,M,Returning,February,320.41
ORD003278,8,20.04,5.0,,Food,Conakry,Cash Payment,33.0,Female,New,September,150.9
ORD006638,3,43.61,0.0,3.0,Books,Conakry,Cash,31.0,Female,Returning,December,127.88
ORD009030,3,38.21,15.0,,Toys,Kindia,Mobile Money,34.0,Male,NEW,October,109.66
ORD003967,5,45.1,10.0,4.0,Clothing,Kankan,Mobile Money,28.0,Male,Returning,December,176.91
ORD001294,2,35.14,,4.0,Beauty,Boke,Card,23.0,Male,Returning,August,56.38
ORD008872,2,,0.0,7.0,SPORTS,Conakry,mobile money,16.0,Male,New,March,176.54
ORD003723,6,12.24,0.0,5.0,CLOTHING ,Nzerekore,Cash,32.0,Male,New,January,78.33
ORD004542,5,106.45,0.0,-6.0,Home,Boke,Credit Card,,Male,Returing,March,511.37
ORD002175,7,14.23,0.0,2.0,Toys,Boke,Mobile Money,51.0,Female,returning,December,96.19
ORD000277,1,19.31,0.0,2.0,Books,Boke,Card,27.0,Female,Returning,July,20.22
ORD008351,4,43.01,0.0,3.0,Clothing,Boke,Cash,43.0,Female,Returning,October,154.6
ORD003839,2,36.05,10.0,-8.0,Toys,Boke,,31.0,Female,New,December,63.11
ORD006811,3,,15.0,8.0,Food,CONAKRY,,34.0,Female,Returning,August,50.34
ORD002374,4,265.57,5.0,5.0,Electronics,Kankan,Cash,16.0,Female,Returning,March,965.89
ORD002398,2,,10.0,4.0,Beuty,Conakry,Card,35.0,male,Returning,December,108.2
ORD000966,2,250.86,0.0,-8.0,Electronics,BOKE,Card,43.0,Male,New,June,528.5
ORD006018,-3,5.6,5.0,7.0, Toys ,conakry, Mobile Money ,29.0,Male,returning,July,10.97
ORD005364,5,137.17,0.0,2.0, Electronics,Kindia,Card,35.0,Male,Returning,May,772.6
ORD007341,3,70.33,0.0,6.0, Clothing ,Boke,Card,32.0,Female,New,January,243.35
ORD001855,5,33.47,0.0,4.0,Toys,Kindia,Cash,38.0,Female,New,February,169.77
ORD008506,5,28.65,0.0,2.0,TOYS,Nzerekore,card,31.0,Male,Returning,March,140.27
ORD008496,3,41.81,15.0,3.0,Clothing,Labe,Card,16.0,Male,Returning,May,111.63
ORD004569,5,,0.0,7.0,clothing,Kankan,Card,45.0,Female,New,June,303.95
ORD007302,8,45.25,0.0,2.0,Beauty,Boke,Cash,38.0,Female,New,September,336.49
ORD009123,-3,30.95,20.0,2.0,Books,Conakry,Mobile Money,25.0,Female,New,April,146.09
ORD006343,5,179.34,0.0,3.0,Sports,Conakry,Cash,,FEMALE,New,May,845.43
ORD002533,2,32.78,20.0,3.0,Toys,Kindia,Credit Card,39.0,Male,NEW,February,56.23
ORD007371,8,64.48,15.0,4.0,Clothing,Boke,Card,,Female,New,July,441.12
ORD005065,6,13.67,,1.0,books,Conakry,Mobile Money,45.0,Male,NEW,March,78.84
ORD008930,2,18.88,25.0,9.0,Foood,Kindia,Card,26.0,Male,returning,August,28.05
ORD003078,4,319.3,10.0,2.0,Electronics ,Kankan,,32.0,Female,Returning,April,1155.35
ORD005461,8,37.39,0.0,5.0,Beauty,Boke,Card,36.0,F,Returning,June,306.82
ORD005678,4,88.72,0.0,7.0,Home,Kindia,Mobile Money,40.0,Male,New,May,377.47
ORD002778,5,214.39,10.0,2.0,Electronics ,Nzerekore,CARD,36.0,Male,New,September,981.58
ORD003612,5,115.78,5.0,8.0,home,Nzerekore,Mobile Money,38.0,Female,New,February,568.89
ORD006992,3,58.12,0.0,3.0,Clothing,conakry,Cash,37.0,Female,New,March,176.74
ORD001584,3,368.35,15.0,1.0,Electronics,Boke,Card,35.0,Female,RETURNING,April,957.25
ORD007577,3,27.58,15.0,9.0,Books,Conakry,Card,,Male,New,June,62.05
ORD002424,4,121.54,0.0,-8.0,Home,Nzerekore,,,Female,Returning,January,497.56
ORD003410,3,50.31,30.0,4.0,Clothing,Nzerekore,Mobile Money,17.0,Male,New,January,116.65
ORD009511,3,543.86,0.0,5.0,Electronics,Conakry,Cash Payment,36.0,Male,NEW,August,1642.58
ORD001970,5,49.97,0.0,5.0,Clothing,BOKE,Cash,23.0,Female,Returning,June,268.27
ORD007678,6,28.92,10.0,3.0,Toys,Kindia,CARD,29.0,Male,Returning,December,135.26
ORD009302,5,15.85,10.0,6.0,Food,Nzerekore,Mobile Money,29.0,Female,New,May,68.69
ORD004649,250,15.19,0.0,5.0,Food,Kankan,,40.0,Male,New,April,33.91
ORD003660,4,117.34,0.0,4.0,Sports,Boke,Cash,22.0,Male,Returning,June,454.86
ORD006884,7,73.74,,3.0,Clothing,Kindia,Mobile Money,46.0,Female,Returning,October,479.86
ORD001590,4,18.05,0.0,5.0,Food,Kindia,Card,32.0,Male,New,October,76.55
ORD006961,5,2.86,30.0,4.0,Food ,CONAKRY,Cash,49.0,Male,New,October,9.44
ORD009465,3,35.3,0.0,8.0,Beauty,nzerekore,Card,35.0,Female,New,May,114.0
ORD009683,2,75.76,0.0,9.0,Sports,Conakry,Mobile Money,17.0,Female,New,September,145.88
ORD000141,4,54.72,15.0,5.0,Beuty,Conakri,,41.0,MALE,Returning,September,142.94
ORD001264,2,43.25,0.0,5.0,Clothing,Kankan,Cash,23.0,Male,New,December,93.52
ORD004296,5,52.71,20.0,3.0,Beauty, Kindia ,cash,27.0,Female,New,November,230.44
ORD001298,4,26.56,0.0,3.0,Toys ,Labe,Mobile Money,21.0,Male,Returning,June,90.5
ORD003789,3,,0.0,6.0,Hom,Conakry,Mobile Money,19.0,Female,Returning,April,344.95
ORD009506,2,68.83,25.0,3.0,Sports,Nzerekore,,36.0,male,Returning,October,97.09
ORD007333,4,64.34,0.0,4.0,Sports,Boke ,Cash,35.0,Female,New,September,273.3
ORD001230,2,160.6,0.0,5.0,Home,Kankan,MobileMoney,19.0,female,Returning,November,350.92
ORD007054,4,50.31,0.0,6.0,Beauty,Conakry,CARD,30.0,Male,New,January,200.4
ORD006610,3,68.72,15.0,4.0,Sports,Labe,Cash,16.0,Female,Returning,August,173.77
ORD006602,3,74.82,0.0,6.0,Home,N'Zerekore,Card,46.0,Male,New,October,192.12
ORD000214,3,316.51,0.0,4.0,Electronics,Conakry,Mobile Money,48.0,Female,New,December,925.05
ORD008389,5,118.93,0.0,5.0,Home,Kindia,Mobile Money,49.0,female,New,January,677.59
ORD005668,3,443.33,30.0,2.0,Electronics,Nzerekore,Mobile Money,31.0,Female,returning,June,942.17
ORD004966,4,53.76,0.0,6.0,sports,Kankan,Card,36.0,Male,New,November,188.79
ORD002915,5,36.35,20.0,-8.0,Toys,kankan,CARD,53.0,Male,Returning,January,148.51
ORD009468,2,62.15,15.0,3.0,Beauty,Conakry,Mobile Money,19.0,M,Returning,February,117.39
ORD007455,3,260.02,15.0,5.0,Electronics,Kankan,card,26.0,Male,Returning,March,733.31
ORD001152,6,7.38,0.0,2.0,Food,Nzerekore ,Cash,42.0,Female,New,April,45.33
ORD006620,5,54.24,5.0,,Beauty,BOKE,CARD,27.0,Female,NEW,February,267.06
ORD003867,5,226.05,0.0,7.0,Electronics,BOKE,Mobile Money,29.0,Female,New,December,1278.4
ORD001873,2,58.54,10.0,2.0,Clothing,Conakry,Mobile Money,27.0,Male,New,July,105.32
ORD008951,2,94.62,0.0,-6.0,sports,Labe,,21.0,Male,Returning,May,161.57
ORD006634,4,67.77,0.0,6.0,clothing,KINDIA,MOBILE MONEY,180.0,Female,New,March,251.66
ORD003167,3,258.98,,6.0,Electronics,NZEREKORE,Mobile Money,16.0,Male,New,August,742.19
ORD009272,2,77.24,10.0,4.0,Sports,Boke,MobileMoney,39.0,Female,New,April,155.37
ORD006751,3,44.19,0.0,1.0,Toys,Boke,Cash,33.0,Female,New,April,128.13
ORD008090,6,21.19,0.0,4.0,Food,conakry,Credit Card,30.0,male,NEW,August,126.68
ORD007778,5,,0.0,1.0,Toys,Kankan,,16.0,Male,Returning,May,156.71
ORD006305,4,17.99,0.0,4.0,Books,Nzerekore,Card,16.0,Female,Returning,October,65.05
ORD002170,3,115.94,0.0,6.0,Sports,Labe,Mobile Money,23.0,female,Returning,January,347.2
ORD004726,2,53.19,5.0,5.0,Clothing,BOKE,,49.0,Female,New,September,102.82
ORD001502,250,64.34,10.0,4.0,Clothing,Kankan,Mobile Money,45.0,F,New,July,267.79
ORD009289,6,48.57,30.0,5.0,Clothing,Nzerekore,MobileMoney,20.0,Male,New,November,220.04
ORD000492,2,229.32,,3.0,Electronics,Kankan,Mobile Money,21.0,Female,New,April,456.97
ORD006063,2,1.03,0.0,4.0,Books,kindia,,16.0,M,Returning,December,1.92
ORD004202,3,421.61,10.0,4.0,Electronics,Conakry,Card,55.0,Male,Returning,February,1236.39
ORD003629,5,8.51,15.0,,Books,Nzerekore,Card,36.0,Female,New,August,40.65
ORD008309,5,269.76,10.0,2.0,Electronics,KANKAN,Cash,,Male,Returning,June,1161.03
ORD006593,4,15.26,250.0,3.0,Food,Labe, Card ,39.0,Male,Returning,September,56.25
ORD005728,6,60.14,15.0,,Sports,kankan,Card,32.0,FEMALE,New,May,297.44
ORD005855,5,165.97,5.0,6.0,Electronic,Conakry,Mobile Money,16.0,male,Returning,September,688.22
ORD002452,3,85.71,0.0,4.0,Sports,Labe,Card,32.0,Female,New,March,254.1
ORD000306,5,72.41,5.0,5.0,clothing,Conakry,Card,-12.0,Female,Returing,October,376.13
ORD001042,6,14.67,10.0,4.0,books,Boke,Card,,F,New,November,77.64
ORD002722,2,500000.0,10.0,2.0,Clothing,Conakry,Credit Card,54.0,Female,RETURNING,April,213.24
ORD008637,6,93.22,0.0,4.0,Sports,Conakry,,50.0,Female,New,March,577.45
ORD006327,3,115.98,0.0,2.0,Electronics,Nzerekore,Mobile Money,27.0,M,returning,November,310.9
ORD000844,2,-40.0,,3.0,Food,Kindia,Cash,29.0,Female,Returning,August,25.35
ORD009664,4,6.05,10.0,6.0, Books ,KINDIA,Mobile Money,,Female,Returning,January,21.54
ORD001214,3,,10.0,5.0,Toys,Labe,Cash,16.0,Female,Returning,February,128.46
ORD008124,5,16.97,0.0,2.0,Books,Kindia,cash,32.0,Female,Returning,June,75.59
ORD005627,7,55.49,0.0,4.0,Sports,N'Zerekore,,34.0,Female,New,July,351.72
ORD009523,4,366.14,0.0,1.0,Electronics,BOKE,Mobile Money,30.0,Male,Returning,March,1297.52
ORD004759,5,130.38,5.0,5.0,SPORTS,Kindia,Card,27.0,Female,New,February,667.71
ORD005913,3,55.85,5.0,3.0,Toys,conakry,MOBILE MONEY,38.0,Male,New,July,181.36
ORD007166,4,86.24,10.0,3.0,Sports,Conakry,CARD,43.0,Male,Returing,July,314.45
ORD009280,2,-40.0,0.0,,Electronics,Nzerekore,MobileMoney,29.0,Male,RETURNING,October,328.52
ORD007104,5,147.17,15.0,,Home,Kindia,MobileMoney,22.0,Male,New,October,597.86
ORD000009,4,49.24,10.0,2.0,Cloting,Conakry,MobileMoney,40.0,Female,Returning,April,181.47
ORD004687,4,33.15,5.0,6.0,Toys,Boke,Cash,36.0,Female,Returning,November,123.51
ORD005319,4,55.24,20.0,4.0,Clothing,LABE,,42.0,Female,Returning,February,195.82
ORD007295,4,83.25,0.0,,Clothing,Conakry,Mobile Money,35.0,Female,Returning,November,307.89
ORD003489,4,19.01,0.0,,Food,Conakry,Mobile Money,29.0,MALE,New,August,71.02
ORD008106,3,3.97,0.0,-6.0,Food,Boke,,41.0,Female,New,February,12.82
ORD007732,4,68.59,0.0,7.0,Clothing,KANKAN,Card,45.0,Male,New,May,310.92
ORD009601,3,510.83,0.0,3.0,Electronics,Conakry,Cash,32.0,F,Returning,August,1534.68
ORD001731,5,76.46,0.0,4.0,Sports,Conakry,Mobile Money ,25.0,Female,New,March,387.62
ORD003767,3,106.07,0.0,4.0,Home,Kankan,Mobile Money,28.0,Male,New,March,349.49
ORD007470,5,18.23,10.0,5.0,Books,Boke,card,33.0,Female,Returning,August,93.53
ORD000081,2,39.76,0.0,1.0,Clothing,Kindia,Cash,29.0,Female,Returning,August,83.52
ORD009131,6,379.9,5.0,7.0,Electronics,Labe,Mobile Money,40.0,Male,RETURNING,October,2292.79
ORD003499,6,38.82,0.0,4.0,Toys,BOKE,Card,33.0,Female,New,October,231.08
ORD007134,3,363.84,0.0,4.0,Electronics,Boke,card,37.0,Female,New,February,1108.06
ORD009132,5,49.19,,150.0,Toys, Conakry,Cash ,39.0,Male,RETURNING,February,194.48
ORD004923,7,19.7,,8.0,Toys,Boke,Cash,26.0,F,New,November,143.7
ORD005539,4,,,6.0,Food,Kindia,mobile money,34.0,Female,New,March,59.36
ORD001386,4,25.42,0.0,4.0,BOOKS,Conakri,Card,43.0,Male,New,August,81.53
ORD006409,4,69.17,,1.0,Beauty,Conakry,MOBILE MONEY,33.0,Female,RETURNING,July,279.29
ORD008785,2,76.06,0.0,6.0,Clothing,Labe,Card,33.0,Male,Returning,December,195.15
ORD001303,5,25.02,,5.0,Books,Kindia,Cash,37.0,F,Returning,September,128.97
ORD000095,2,40.6,0.0,3.0,Beauty,N'Zerekore,CASH,17.0,Male,Returning,January,84.97
ORD004541,3,16.7,0.0,7.0,Toys,Kankan,Cash,19.0,Female,Returning,August,57.1
ORD007596,5,42.14,0.0,1.0,Toys,Kankan,Cash,32.0,Male,New,December,200.45
ORD000845,2,139.65,0.0,1.0,Home,Conakry,Cash,21.0,Female,Returning,May,319.44
ORD000935,2,,0.0,6.0,Beauty,Conakry,Mobile Money,23.0,Male,New,March,67.27
ORD004379,3,354.14,,1.0,Electronics ,Nzerekore,mobile money,-12.0,Female,NEW,May,1130.31
ORD005404,1,40.02,0.0,,Beauty,Conakry,,46.0,Male,Returning,July,39.9
ORD005559,2,16.05,0.0,1.0,Food,Conakry,Card,28.0,Male,New,September,34.48
ORD005231,7,91.51,0.0,4.0,Sports,BOKE,Card,8.0,Male,New,October,646.1
ORD007418,4,74.18,0.0,1.0,Sports,Nzerekore,Cash,33.0,Male,New,August,248.83
ORD008651,4,31.55,,3.0,beauty,Boke,Card,23.0,Female,RETURNING,November,139.54
ORD000480,4,,0.0,3.0,Books, Conakry,Cash,,Male,NEW,June,62.01
ORD007858,7,30.67,0.0,9.0,Clothing,Labé,Card,39.0,Female,Returning,July,209.59
ORD007857,5,194.97,15.0,,Electronics,Nzerekore,cash,26.0,FEMALE,Returning,October,771.67
ORD007479,4,20.53,0.0,2.0,FOOD,Conakry,Card,51.0,Female,New,February,82.03
ORD008476,4,82.09,5.0,6.0,Home,Nzerekore,Mobile Money,36.0,Female,new,February,312.97
ORD004385,5,10.33,10.0,-8.0,Food,Conakry,Cash,21.0,Female,New,December,50.11
ORD004016,5,76.89,0.0,5.0,Toys,Conakry,Card,46.0,Male,Returning,September,435.48
ORD006428,5,269.61,15.0,4.0,electronics,Kankan,Card,40.0,MALE,New,June,1047.92
ORD004758,2,91.3,5.0,6.0,Sports,Conakry, Card ,16.0,Male,New,February,164.56
ORD003420,4,,15.0,4.0,Books,Nzerekore,Mobile Money,28.0,Male,Returning,January,50.26
ORD007178,3,60.37,0.0,6.0,beauty,Kankan,Cash,36.0,Male,New,September,212.31
ORD000195,8,78.8,0.0,4.0,Clothing ,Labe,MOBILE MONEY,50.0,M,New,April,708.23
ORD003088,4,528.53,0.0,2.0,Electronics,Conakry,Card,16.0,female,New,August,2275.08
ORD006240,3,63.53,0.0,5.0,Beauty,Conakry,Cash Payment,,Male,New,May,194.15
ORD007062,2,184.24,0.0,5.0,Electronics,KINDIA,Cash,29.0,Female,New,May,397.13
ORD002117,2,134.78,10.0,5.0,Electronics,KANKAN,mobile money,35.0,Male,Returning,December,248.94
ORD001011,1,13.42,20.0,7.0,Food,Labe,cash,38.0,Male,New,December,8.59
ORD002934,3,121.58,0.0,4.0,Cloting,Conakry,Card,28.0,Male,RETURNING,September,300.17
ORD001210,250,88.71,30.0,5.0,Sports,Boke,Card,,Male,New,April,504.52
ORD008895,5,15.89,,7.0,Food,Kindia,,22.0,M,New,October,79.81
ORD003578,2,,0.0,4.0,Electronics,Conakri,Mobile Money,42.0,Male,New,August,1016.72
ORD008132,5,103.26,0.0,3.0,Sport,Conakry,cash,36.0,Female,New,June,541.36
ORD006111,3,237.36,0.0,6.0,Electronics,KINDIA,Cash,47.0,Female,Returning,June,726.44
ORD008121,6,83.8,15.0,5.0,Clothing,Conakry,Mobile Money,16.0,Female,New,May,427.97
ORD009234,4,140.07,0.0,8.0,home,Kindia,Cash,16.0,Female,Returning,July,621.81
ORD002996,3,22.05,0.0,150.0,Book,Kankan,Mobile Money,27.0,Female,New,February,68.53
ORD000673,4,90.21,0.0,7.0,Sports,Conakry,Cash,45.0,M,Returning,November,355.96
ORD002727,4,,,6.0,Electronics, boke ,Cash,49.0,Male,Returning,June,1153.74
ORD005281,4,50.35,0.0,4.0,Beauty,Kindia,Cash,29.0,Female,New,January,204.38
ORD000450,4,27.33,,3.0,FOOD,Conakry,,40.0,Female,new,July,94.9
ORD006066,4,17.72,10.0,2.0,Beauty,KINDIA,Mobile Money,18.0,Male,Returning,May,57.93
ORD008019,250,10.53,0.0,2.0,Food,Boke,Mobile Money,33.0,Female,NEW,August,78.77
ORD000245,3,26.64,0.0,3.0,food,Boke,Cash,34.0,Female,New,December,85.67
ORD005922,1,48.28,0.0,4.0,Toys,Kindia,cash,42.0,Female,Returning,December,51.37
ORD001788,9,20.09,0.0,6.0,food,Kankan,Mobile Money,50.0,Male,New,March,176.14
ORD007885,5,15.07,0.0,6.0,Food,Kindia,mobile money,30.0,Female,Returning,March,69.78
ORD000901,5,107.14,0.0,6.0,home,BOKE,Credit Card,29.0,Female,Returning,November,534.53
ORD009074,5,79.29,0.0,2.0,Hom,Kankan,Cash Payment,38.0,Female,Returning,January,414.54
ORD002464,1,310.28,-20.0,6.0,Electronics,Nzerekore,Credit Card,31.0,Male,Returning,May,268.56
ORD004237,3,38.43,5.0,7.0,Clothing,BOKE,Mobile Money,,Male,Returning,December,97.14
ORD005525,2,136.9,10.0,3.0,Home,Kindia , CASH ,16.0,Male,New,August,232.7
ORD008590,8,24.11,0.0,3.0,Beauty,kankan,cash,16.0,F,Returning,January,173.8
ORD000857,4,,0.0,-8.0,Toys,Boke,mobile money,46.0,Female,Returning,January,240.74
ORD005530,2,291.17,10.0,5.0,Electronics, Conakry,Card,16.0,Female,New,April,551.01
ORD003449,6,10.64,0.0,3.0,Food,Conakry,Card,16.0,Male,New,March,57.63
ORD005916,2,6.69,250.0,3.0,Foood,Labe,Card,29.0,Male,Returning,February,9.07
ORD007768,5,113.22,0.0,6.0,Home,KINDIA,Mobile Money,26.0,Female,New,January,691.92
ORD002173,8,114.63,30.0,5.0,Hom,Nzerekore,Card,40.0,Female,RETURNING,February,657.5
ORD001364,3,,5.0,3.0,Books, Conakry,Card,25.0,male,New,June,62.49
ORD005296,1,439.85,0.0,3.0,Electronics,Conakry,Mobile Money,49.0,Female,Returning,October,404.34
ORD000907,3,11.32,15.0,6.0,FOOD,Conakry,Card,16.0,Male,New,March,28.52
ORD006117,4,59.55,0.0,3.0,Beauty,Conakry,Card,44.0,female,Returning,March,208.2
ORD008178,1,71.23,0.0,2.0,Sports, Boke ,cash,,Female,Returing,June,69.45
ORD006656,2,7.04,0.0,4.0,food,Kindia,MOBILE MONEY,180.0,Female,Returning,August,13.74
ORD009108,2,12.97,0.0,6.0,Books,Labe,cash,56.0,Male,New,August,30.93
ORD003294,3,128.28,15.0,5.0,Sports,Boke,Mobile Money,8.0,Male,Returning,August,290.38
ORD005440,3,54.5,0.0,2.0,Hom,Kankan,Credit Card,28.0,male,New,June,182.09
ORD005357,4,35.1,0.0,6.0,Cloting,LABE,Card,37.0,Male,Returning,September,146.9
ORD009310,2,16.73,25.0,8.0,Books,KINDIA,Card,29.0,Female,New,August,22.21
ORD008871,5,214.69,0.0,4.0,Home,Conakry,Mobile Money,,Male,New,November,1173.78
ORD009514,4,270.25,0.0,8.0,Electronics,Nzerekore,Mobile Money,30.0,Male,New,November,1028.24
ORD006796,5,92.67,250.0,4.0,Sports,Conakry, Cash ,25.0,Male,New,October,429.35
ORD003118,5,190.2,0.0,5.0,Electronics,Nzerekore,Card,43.0,Female,Returning,March,954.95
ORD004185,4,59.43,10.0,6.0, Sports ,Kankan,Mobile Money,33.0,Male,Returning,September,208.65
ORD008020,4,51.91,,6.0,beauty,Conakry,Card,,Female,RETURNING,October,189.94
ORD009144,5,335.59,0.0,6.0,Electronics,Conakry,Card,19.0,MALE,new,March,1744.21
ORD004582,6,27.89,0.0,7.0,Books,Conakri,Cash,39.0,Female,New,May,166.56
ORD004076,2,,10.0,-8.0,Toy,Boke,Mobile Money,39.0,Male,RETURNING,April,64.99
ORD004896,3,37.45,0.0,4.0,Clothing,Conakry,Mobile Money,42.0,Male,Returning,April,103.75
ORD003178,4,83.49,10.0,8.0,Sports,Kindia,Card,49.0,Male,New,March,296.85
ORD007076,4,118.85,5.0,7.0,Home,Labe,Mobile Money,25.0,Male,new,March,423.5
ORD008421,8,23.06,0.0,3.0,Book,Kindia,Mobile Money,28.0,Female,New,September,198.04
ORD004584,2,353.87,0.0,3.0,Electronics,Conakry,Card,26.0,Male,New,May,750.36
ORD002032,1,150.69,0.0,6.0, Electronics ,Boke,Cash,24.0,Female,New,August,150.45
ORD002591,4,38.47,,4.0,Toy,Conakry,Mobile Money,59.0,Male,Returning,November,153.84
ORD000336,3,180.09,0.0,2.0,Home,Conakry,Cash,42.0,Male,Returning,May,563.49
ORD008897,6,59.64,0.0,3.0,CLOTHING,Kindia,Mobile Money,30.0,Male,Returning,February,386.96
ORD006874,6,19.45,0.0,2.0,Books,Kankan,Mobile Money,31.0,Female,Returning,July,107.54
ORD004722,2,121.49,,3.0,Sports,Conakry,Cash,39.0,Female,New,February,257.35
ORD007251,1,1.56,,8.0,TOYS,Nzerekore,Cash Payment,40.0,Male,RETURNING,November,1.54
ORD006014,4,16.09,0.0,,food,Conakry,CASH,180.0,Female,New,April,58.76
ORD008916,3,4.54,0.0,3.0,Toys,Boke,Cash,19.0,Male,Returning,June,14.58
ORD006081,250,9.97,,6.0,Book, Nzerekore ,Cash Payment,41.0,Male,New,February,114.17
ORD004299,6,258.91,0.0,1.0,Electronics,labe,mobile money,42.0,Female,returning,February,1505.84
ORD000543,4,18.64,0.0,-8.0,Food,Conakry,,180.0,Male,Returning,August,62.67
ORD002021,4,16.51,,4.0,food,kankan,Cash,22.0,Female,RETURNING,June,65.16
ORD002956,2,20.76,,,books,Labe,Card,33.0,Male,New,March,37.42
ORD003627,250,30.08,0.0,2.0, Clothing ,Conakry,cash,31.0,Female,Returning,December,144.89
ORD003919,3,28.5,0.0,5.0, Beauty ,Kankan,Mobile Money,,Female,Returing,May,85.76
ORD004407,2,42.99,0.0,5.0,Toys,Kindia,MOBILE MONEY,30.0,Male,Returning,September,85.39
ORD009292,1,,20.0,5.0,Food,Boke,Mobile Money,35.0,Male,Returning,December,13.45
ORD004204,4,104.38,10.0,4.0,Home,Conakri,Mobile Money,,Female,New,July,427.4
ORD007299,3,70.71,15.0,4.0,Beauty,Conakry,Cash Payment,48.0,Male,New,January,179.4
ORD004499,4,79.19,0.0,9.0,Home,Labé,Card,30.0,Female,New,December,310.8
ORD009038,3,13.66,250.0,7.0,books,Kankan,Card,35.0,Male,new,July,42.36
ORD008911,6,381.85,0.0,3.0,Electronics,Conakry,CASH,22.0,Female,New,August,2199.16
ORD008990,6,13.09,15.0,7.0,Books,Conakri,Card,45.0,F,Returning,April,55.42
ORD009701,3,17.14,250.0,5.0,food,BOKE,Card,26.0,Female,New,November,43.48
ORD003124,5,305.2,0.0,4.0, Electronics,Conakry,card,17.0,Female,New,July,1523.44
ORD006707,5,60.44,0.0,5.0,Beauty, Conakry ,Cash Payment,30.0,Male,New,June,293.36
ORD001638,4,16.49,0.0,5.0,FOOD,Conakry,Mobile Money,24.0,Male,Returning,April,56.4
ORD006838,3,19.38,25.0,3.0,Food,Kindia,CARD,,Female,Returning,December,45.54
ORD004155,2,140.61,10.0,4.0, Electronics ,Labe,Cash,16.0,Male,Returning,August,246.77
ORD002982,4,29.92,0.0,-8.0,FOOD,Conakry,Cash Payment,16.0,F,New,September,117.37
ORD004101,7,123.21,10.0,5.0,Home, Labe ,Cash,34.0,Female,New,October,712.21
ORD000182,8,32.18,0.0,5.0,Toys,Conakry,,21.0,Female,Returning,April,216.94
ORD001838,4,80.53,10.0,6.0,Sports,Kindia,Cash,56.0,Female,New,July,289.19
ORD000101,3,24.61,0.0,5.0,Books,Boke,Mobile Money,-12.0,male,Returing,November,74.62
ORD009490,3,86.77,0.0,,Sports, Conakry ,Mobile Money,49.0,Female,New,December,219.94
ORD005373,3,27.73,0.0,5.0, Toys ,Labe,Cash,46.0,Male,New,August,90.66
ORD000718,5,15.55,5.0,-8.0,food,Conakry,,,Female,New,February,79.84
ORD007651,6,-40.0,0.0,6.0,Electronics,Nzerekore,Card,29.0,MALE,Returning,July,477.2
ORD001971,4,44.41,10.0,3.0,HOME,Labe,Mobile Money,35.0,Male,New,June,165.17
ORD002802,3,86.45,,,Sports,Kankan,Cash,42.0,Male,New,July,245.83
ORD008148,1,12.22,0.0,7.0,food,Nzerekore,Mobile Money ,35.0,Male,Returning,August,12.38
ORD008867,4,44.72,5.0,6.0,Toys,Boke,,34.0,Female,New,July,181.47
ORD001898,6,59.69,0.0,1.0,Beauty,Conakry,Card,,Male,New,July,409.15
ORD008105,3,59.06,10.0,4.0,Beauty,boke,Credit Card,39.0,Male,New,June,141.68
ORD006856,3,40.97,10.0,7.0,Toys,Conakri, Card ,19.0,Male,Returning,May,112.31
ORD005107,3,76.4,10.0,2.0,Clothing,Kindia,Card,42.0,Female,Returning,January,194.26
ORD002831,2,13.27,5.0,6.0,Books,KINDIA,CARD,,Male,New,June,25.75
ORD004116,2,250.03,0.0,2.0,Electronics,Boke,MobileMoney,180.0,Female,New,March,490.3
ORD006358,2,344.77,0.0,4.0,Electronics,Kindia,Card,34.0,Male,New,May,655.98
ORD001720,4,12.08,20.0,5.0,Food,CONAKRY,,41.0,F,New,December,42.03
ORD006019,7,25.04,10.0,2.0,Home,Kindia,CASH,36.0,Male,Returing,June,140.25
ORD006133,3,,0.0,1.0,Home, Nzerekore ,Cash,21.0,Male,Returning,March,661.91
ORD003554,4,13.08,0.0,7.0,Toys,Kankan,Cash,50.0,Female,New,July,47.73
ORD005224,2,222.31,0.0,6.0,Electronics ,Labe,Card,44.0,Male,Returning,August,419.25
ORD005031,2,82.32,20.0,3.0,Home,Kankan,cash,27.0,Male,New,April,140.72
ORD001330,4,500000.0,15.0,5.0,Toys,Boke ,Cash,,Female,Returning,October,86.69
ORD008100,1,302.27,0.0,5.0,Electronics,NZEREKORE,Credit Card,62.0,Female,Returning,December,337.26
ORD002548,3,33.39,5.0,5.0,Beauty,Conakry,Card,43.0,Female,New,February,82.98
ORD003264,2,94.75,0.0,5.0,Sports,Boke,card,31.0,Female,New,March,172.39
ORD001832,5,15.34,30.0,7.0,Beauty,Conakry,cash,35.0,Female,New,November,55.87
ORD005010,5,54.33,10.0,5.0,Sports,Conakry,,20.0,Male,New,April,277.5
ORD007216,2,22.96,0.0,4.0,Books,Conakry,Cash,31.0,Female,Returning,January,45.95
ORD003208,4,394.63,0.0,4.0,Electronics,Conakry,Cash ,35.0,Female,New,January,1531.25
ORD008078,1,104.05,15.0,2.0,Clothing,Conakry,CASH,39.0,Male,Returning,April,89.12
ORD001056,4,11.12,10.0,7.0,Books,nzerekore,Mobile Money,16.0,Female,New,January,32.96
ORD004557,4,335.32,10.0,6.0,Electronics,Boke,Cash,,Male,New,May,1353.23
ORD007066,-3,34.25,20.0,5.0,Toys,Labé,Credit Card,34.0,Female,New,February,115.76
ORD007232,3,203.68,0.0,8.0,Home,conakry,CARD,30.0,Female,Returning,October,593.14
ORD006551,3,36.63,10.0,4.0,TOYS,Labé,Card,25.0,male,New,November,92.88
ORD001110,2,40.44,0.0,1.0,Toys,Boke,Credit Card,25.0,Male,Returning,December,78.3
ORD002889,3,16.92,0.0,,Toys,Boke,Mobile Money,48.0,Female,Returning,January,49.18
ORD001112,3,68.66,0.0,1.0,CLOTHING,Conakry,,40.0,Male,New,February,214.89
ORD006972,5,36.41,10.0,4.0,Toys,Conakry,Cash,29.0,Male,RETURNING,September,171.78
ORD003250,2,195.83,15.0,1.0,Electronics ,Labe,Credit Card,39.0,Male,New,November,329.27
ORD008672,1,85.24,0.0,5.0,Clothing,Conakry, CARD ,33.0,M,returning,January,76.95
ORD007860,7,57.0,0.0,4.0,Toys,Conakry,mobile money,31.0,Female,Returing,April,379.85
ORD002012,1,171.59,0.0,6.0,home,Labe,Card,33.0,Female,New,January,151.32
ORD005642,5,500000.0,0.0,3.0,Home,Labe,CARD,35.0,F,New,July,612.23
ORD009152,4,,0.0,4.0,Electronics,Boke,Cash,,Male,Returing,May,713.1
ORD006221,6,186.98,15.0,5.0,Home,Conakry,CASH,35.0,Male,Returning,August,931.84
ORD004240,2,205.44,0.0,2.0,Home,CONAKRY,,44.0,Male,new,July,410.88
ORD003440,5,38.97,5.0,5.0,Beauty,Kankan,Mobile Money,,F,New,July,190.57
ORD004545,3,90.98,,2.0,Sports,Kindia,Card,,Female,New,August,229.43
ORD007542,5,21.18,5.0,4.0,Food,Boke,,46.0,Female,Returning,August,98.22
ORD002709,3,24.08,10.0,5.0,Food,Kindia,Cash,37.0,M,New,April,61.5
ORD002106,2,58.46,0.0,7.0,Toys,Labe,Mobile Money,25.0,Male,Returning,March,108.69
ORD006893,3,20.62,15.0,7.0,Books,Kindia,,28.0,Female,New,June,51.23
ORD003835,5,15.03,0.0,6.0,Food, Conakry,Cash,22.0,F,New,October,71.5
ORD008616,5,24.38,10.0,4.0,Food,kankan ,,,Female,New,March,102.86
ORD008567,3,135.45,0.0,6.0,HOME,Boke,Cash,21.0,Male,Returning,November,443.44
ORD006880,3,109.92,25.0,7.0,sports,Boke,Card,29.0,Female,Returning,November,249.58
ORD006860,5,36.01,0.0,7.0,Books,Conakry,Cash,27.0,Female,New,May,163.18
ORD000122,4,38.2,0.0,5.0,Beauty,Boke,Cash,32.0,Male,Returning,July,150.0
ORD005616,3,20.61,5.0,6.0,Food,Conakry,MOBILE MONEY,,Male,Returning,July,55.81
ORD005201,4,12.39,15.0,3.0, Foood ,Boke,Card,59.0,Male,Returning,January,39.57
ORD008712,2,63.74,0.0,5.0,Clothing,Labe,Cash,38.0,M,New,April,139.93
ORD000288,6,,15.0,5.0,FOOD,KANKAN,Cash,,F,Returning,April,48.22
ORD009563,6,31.6,20.0,2.0,Books,Conakry,Card,16.0,Male,New,April,147.86
ORD000943,1,38.75,250.0,1.0,TOYS,Kankan,Card,42.0,FEMALE,New,March,39.05
ORD003480,4,500000.0,10.0,3.0,Beauty,Boke,Card,30.0,Male,New,November,83.66
ORD008638,4,109.93,,5.0,SPORTS,Conakry,CARD,36.0,Female,New,June,463.39
ORD005032,3,295.21,0.0,7.0,Electronics,Conakry,Cash,16.0,Male,New,April,917.78
ORD009319,5,105.87,0.0,2.0,Home,Nzerekore,Card,29.0,Female,New,October,575.92
ORD006662,4,58.21,15.0,6.0,SPORTS,conakry,Card,26.0,Female,New,December,202.64
ORD002404,4,62.46,5.0,3.0,Toys,Conakry,Card,52.0,Male,New,June,232.06
ORD007661,3,189.42,0.0,5.0,Electronics,Nzerekore,Mobile Money,27.0,male,Returning,January,644.33
ORD002396,6,19.11,15.0,5.0,Toys,Kankan,Mobile Money,30.0,Female,New,November,100.1
ORD006229,5,,,2.0,sports,Nzerekore,cash,18.0,Female,New,August,496.06
ORD009706,3,500000.0,0.0,6.0,Electronics,kindia,MobileMoney,43.0,Male,Returning,February,335.26
ORD007487,2,256.39,10.0,2.0,Electronics,conakry,Mobile Money,26.0,male,new,November,427.31
ORD001193,2,29.41,15.0,3.0,Beauty,Nzerekore,Cash,19.0,Female,Returning,February,46.43
ORD008334,7,27.73,10.0,3.0,Books,Conakry,Cash,25.0,FEMALE,New,May,167.53
ORD000016,2,95.46,0.0,5.0,Home,Nzerekore,card,35.0,Female,Returning,July,190.81
ORD001281,4,38.37,15.0,2.0,Toy ,Conakry,Mobile Money,16.0,Male,New,June,134.03
ORD003573,5,17.85,0.0,6.0,Books,Kindia,Cash,54.0,Male,New,September,85.26
ORD004096,5,13.23,0.0,3.0,Food,Nzerekore,CASH,24.0,Female,Returning,May,69.6
ORD009641,3,130.18,,,Sports,kankan,,33.0,FEMALE,New,May,376.64
ORD007948,3,478.84,0.0,5.0,electronics,Conakri,Card,,Male,New,May,1541.96
ORD008320,4,40.83,20.0,,Toys,Kindia,Mobile Money,21.0,Female,New,September,128.94
ORD005439,4,17.49,0.0,5.0,Books,Kindia,Card,34.0,Female,New,December,71.77
ORD002817,3,16.81,0.0,10.0,Foood,Boke,,31.0,FEMALE,Returning,October,47.57
ORD000563,3,348.14,5.0,,Electronics,Conakry,Cash,16.0,Male,Returning,February,815.15
ORD003567,3,111.05,10.0,5.0,Sports,Kankan,cash,26.0,Male,NEW,May,318.6
ORD000557,3,311.03,0.0,4.0,Electronics,Conakry,Card,37.0,Male,Returning,September,921.94
ORD002987,6,43.18,0.0,4.0,Clothing,KINDIA,Card,20.0,Male,New,March,233.24
ORD002302,5,36.95,15.0,4.0,beauty,conakry,Card,35.0,Male,Returning,January,146.01
ORD002442,6,14.36,0.0,3.0,Food,Conakry,Card,,Male,RETURNING,April,85.07
ORD001764,4,60.97,0.0,5.0,Beauty,Conakry,,53.0,Female,New,August,224.28
ORD008372,8,84.48,,,Clothing,Boke,Card,42.0,female,New,January,558.65
ORD005859,2,7.31,10.0,6.0,Food,LABE,,45.0,Female,Returning,July,11.95
ORD007227,6,,0.0,4.0,CLOTHING,Kankan, Cash ,40.0,Male,Returning,July,261.23
ORD005944,2,59.85,0.0,5.0,Clothing,Conakry,Cash,35.0,Female,New,October,121.35
ORD007993,4,14.68,,7.0,food,Boke,Cash,32.0,female,NEW,August,55.48
ORD007396,5,34.75,10.0,2.0,Toys,Kankan,CASH,50.0,Female,New,March,160.28
ORD001658,4,24.13,5.0,4.0,Books,Labe,Credit Card,,Male,New,February,85.71
ORD007320,5,19.04,0.0,2.0,Food,conakry,Cash,,F,New,September,86.43
ORD003847,-3,431.42,0.0,,Electronics,kindia,,46.0,Male,Returning,October,716.87
ORD001299,2,22.27,0.0,8.0,Food,Conakry,mobile money,42.0,FEMALE,Returning,January,46.13
ORD008654,4,30.18,0.0,4.0,toys,Boke,Card,26.0,Female,RETURNING,February,120.48
ORD002756,3,36.95,0.0,3.0,Toys,Conakry,CARD,20.0,Male,New,May,100.43
ORD002210,4,18.29,0.0,2.0,Food,conakry,Cash,28.0,Male,New,April,74.67
ORD000148,4,9.13,0.0,1.0,Books,Nzerekore,Cash,,Male,New,March,43.65
ORD003664,2,25.11,20.0,1.0,Books,Boke,Card,38.0,Male,Returning,June,31.63
ORD005954,2,10.89,0.0,5.0,Books,Kankan,Card,20.0,MALE,New,March,20.19
ORD007790,3,17.19,0.0,4.0,Food,BOKE,cash,30.0,FEMALE,Returning,August,56.29
ORD000209,6,96.64,0.0,6.0,Sports,Boke,Cash Payment,41.0,Male,Returning,October,610.29
ORD009041,5,347.39,20.0,,Electronics,Labe,card,32.0,Male,Returning,March,1522.97
ORD000055,7,14.18,0.0,6.0,Food,Labe,Cash,35.0,Male,Returning,September,99.0
ORD000356,4,52.83,0.0,,Beuty,Kankan,,29.0,Male,new,June,229.15
ORD004819,6,19.71,0.0,1.0,Beauty,Labé,CARD,42.0,M,RETURNING,May,110.57
ORD005620,3,183.08,10.0,5.0,Home,Conakry,Card,22.0,Female,New,October,496.81
ORD008267,3,31.91,10.0,1.0,CLOTHING ,Labe,Card,25.0,Female,New,March,88.35
ORD002589,3,49.06,5.0,5.0,Books,Conakry,Mobile Money,29.0,Male,Returning,May,141.04
ORD009434,4,61.31,20.0,4.0,Toys,Kindia,Credit Card,41.0,male,Returning,May,204.63
ORD008253,-3,76.91,10.0,1.0,Beauty,Conakry,Credit Card,29.0,Female,Returning,September,458.36
ORD005991,4,25.62,25.0,6.0,toys,Nzerekore,,,Female,New,May,66.74
ORD007032,4,43.43,0.0,4.0,Home,Kankan, Mobile Money ,31.0,Male,Returning,March,178.71
ORD006120,5,34.41,25.0,2.0,Beauty,Kindia,Cash,49.0,Female,Returing,June,131.18
ORD007159,5,31.24,0.0,7.0,Food,Conakry,Mobile Money,180.0,Male,New,May,151.37
ORD007674,5,67.66,10.0,2.0,home,Labe,Card,20.0,Male,Returning,January,366.94
ORD004183,11,304.24,10.0,6.0,Electronics,Conakry,Card ,38.0,Female,NEW,August,3233.68
ORD001181,4,17.85,10.0,8.0,Books,Conakry,Card,26.0,Female,Returning,June,68.74
ORD001755,4,89.1,15.0,3.0,clothing,Conakri,Cash,-12.0,Female,Returning,November,310.52
ORD003377,6,38.33,0.0,4.0,Sports,Kankan,Mobile Money ,26.0,Female,Returning,July,210.81
ORD004703,4,51.99,10.0,,Cloting , Kankan ,CARD,35.0,Female,New,December,186.93
ORD002142,2,23.23,0.0,6.0,Toys, Conakri ,Cash ,32.0,Male,returning,February,46.7
ORD009267,5,104.18,0.0,3.0,Sport, Conakry,Cash,31.0,Female,New,March,486.0
ORD005433,4,289.63,10.0,5.0,Electronics,KINDIA,,26.0,Male,New,October,1051.77
ORD009393,4,230.2,0.0,3.0,Electronics,Nzerekore,Mobile Money,,Female,New,December,783.75
ORD003872,4,183.11,10.0,5.0,Home,Conakry,Cash,16.0,Female,Returning,November,656.49
ORD003975,3,240.54,0.0,4.0,Electronics,Nzerekore,Cash,23.0,F,New,December,672.66
ORD008674,6,,10.0,3.0,toys,Kankan,Credit Card,46.0,F,Returning,July,76.89
ORD007151,5,90.67,0.0,7.0,Home,Labé,Cash Payment,,Male,New,July,466.97
ORD003937,4,55.17,15.0,6.0,Clothing,conakry,MobileMoney,18.0,male,New,October,196.42
ORD005179,3,108.11,0.0,5.0,Clothing,Conakry, Card ,27.0,Female,new,February,296.24
ORD008367,3,39.85,0.0,2.0,TOYS,Kankan,,36.0,Female,Returning,June,106.47
ORD001562,3,16.93,0.0,4.0,Foood,Conakry,Cash,16.0,Female,New,March,44.32
ORD006987,7,59.27,0.0,4.0,Beauty,Conakri,Card,25.0,male,Returning,December,357.28
ORD006693,4,235.38,,5.0,ELECTRONICS,Labe,,41.0,Female,NEW,August,722.89
ORD000118,5,58.91,0.0,2.0,Beauty,Boke,Mobile Money,16.0,Female,New,March,317.29
ORD007373,1,33.09,,7.0,Toys,Kankan,cash,46.0,Male,New,September,36.01
ORD004252,4,40.28,0.0,5.0,Beauty,Kankan,Card,35.0,Female,New,May,150.77
ORD000385,2,7.58,15.0,7.0,BEAUTY,BOKE,MOBILE MONEY,,Female,Returning,September,14.12
ORD002456,5,2.65,250.0,3.0,Beauty,kindia,Cash,33.0,female,New,February,12.25
ORD009343,4,53.34,,3.0,Cloting,Kankan,CARD,22.0,Female,New,October,197.46
ORD009626,2,130.14,0.0,150.0,Sports,Conakry,Cash,31.0,Male,New,September,289.33
ORD002269,4,6.96,15.0,7.0,Food,Nzerekore,mobile money,19.0,Female,NEW,September,24.76
ORD006690,6,54.44,15.0,7.0,Beauty,Nzerekore,CARD,22.0,Male,Returning,July,285.9
ORD003884,3,217.53,0.0,4.0, Electronics  ,Kindia,CARD,47.0,Male,returning,September,739.59
ORD009669,1,63.92,10.0,6.0,Cloting,Nzerekore,Cash,28.0,Male,new,November,57.94
ORD002022,7,13.06,20.0,1.0,Beauty,Kankan,Mobile Money,48.0,Male,Returning,July,76.82
ORD000976,-3,62.4,0.0,4.0,Toys,Conakry,cash,16.0,Female,Returning,May,319.35
ORD006938,3,112.3,15.0,5.0,Home,Boke,Cash,20.0,Male,Returning,December,278.85
ORD005358,5,35.28,10.0,6.0,Toys,Conakry,Card,35.0,male,New,March,161.22
ORD005674,4,46.65,0.0,8.0,Beauty,Conakry,Cash,,Female,New,December,193.9
ORD005732,2,178.67,10.0,5.0,HOME,kindia,Mobile Money,21.0,Male,Returning,May,334.29
ORD007130,4,85.06,5.0,5.0,Sports,Conakry,CARD,45.0,Male,New,May,389.02
ORD002659,5,,0.0,4.0,clothing, NZEREKORE ,,25.0,Female,Returning,December,188.6
ORD006216,1,85.78,,5.0,Clothing,Conakry,,,Female,Returning,July,71.48
ORD001783,3,137.79,0.0,4.0,Sports,Boke, Mobile Money ,36.0,Male,new,January,389.53
ORD005238,4,19.78,0.0,4.0,Foood,Conakry,Card,16.0,Female,New,April,77.55
ORD006860,5,36.01,0.0,7.0,Books,Conakry,Cash,27.0,Female,New,May,163.18
ORD003186,7,195.74,5.0,8.0,Electronics,Kankan,Cash,27.0,Female,New,August,1134.76
ORD003537,6,,10.0,5.0,Beauty,Boke,Card,19.0,Female,New,June,432.76
ORD000516,4,32.51,0.0,1.0,Book,Boke,,36.0,female,RETURNING,October,132.07
ORD001749,4,164.12,0.0,5.0,Sports,conakry,Credit Card,28.0,Male,New,September,664.1
ORD007876,3,43.57,,3.0,Toys,Kankan,MOBILE MONEY,24.0,Male,New,August,111.16
ORD008729,1,77.81,5.0,3.0,CLOTHING,Boke,Mobile Money,19.0,male,Returning,February,69.84
ORD005305,4,60.22,0.0,3.0, Sports ,Labe,Card,37.0,female,New,December,209.53
ORD006776,6,9.0,25.0,1.0,Food,Labe,Card,36.0,Female,Returning,April,40.71
ORD001408,3,-40.0,0.0,3.0,Home, Conakry,Cash,42.0,Female,New,July,685.92
ORD004491,3,,,2.0,Home,Kindia,Cash,24.0,female,Returning,April,424.9
ORD002776,3,26.13,0.0,4.0,Food,Conakry,Card,25.0,Male,Returning,August,83.81
ORD006839,2,28.63,5.0,5.0,Books,kindia,Card,19.0,Male,Returning,September,47.76
ORD000411,3,415.52,0.0,3.0,Electronics,Conakry,Card,30.0,F,new,February,1323.54
ORD008134,4,62.84,30.0,6.0,Clothing,CONAKRY,Mobile Money,30.0,FEMALE,New,December,183.79
ORD006235,2,52.96,15.0,6.0,Beauty,Kindia,MOBILE MONEY,43.0,Male,New,July,94.82
ORD003258,5,42.27,0.0,2.0,Beauty,kankan,cash,24.0,FEMALE,Returning,August,239.45
ORD003040,2,226.14,0.0,4.0,Home,Conakry,Cash,37.0,Female,New,August,449.49
ORD002726,5,161.75,5.0,6.0,Home,Conakry ,Card,16.0,Female,New,November,719.02
ORD009629,2,25.49,10.0,4.0,books,boke,Mobile Money,17.0,Male,Returning,October,47.47
ORD005776,3,70.74,0.0,8.0,home,Kindia ,Cash,24.0,Female,New,January,198.38
ORD009588,5,33.08,5.0,4.0,Sports,KANKAN,Mobile Money,,Male,New,February,156.05
ORD004338,3,100.73,5.0,3.0,Home,KINDIA,,35.0,Male,Returning,June,268.62
ORD006981,3,154.69,0.0,7.0,Hom,Conakry,CASH,16.0,Female,New,July,454.59
ORD005502,4,317.5,0.0,5.0,Electronics,Kankan,Mobile Money,23.0,Male,New,October,1150.03
ORD005450,4,18.48,10.0,2.0,Toys, nzerekore ,Mobile Money,24.0,Male,New,February,67.44
ORD001097,5,396.4,10.0,4.0,Electronics,Conakry,,20.0,Male,New,July,1617.16
ORD006798,3,166.49,0.0,7.0,Electronics,Conakry,Mobile Money,,Male,New,August,535.85
ORD006687,3,65.29,15.0,6.0,Toys,Boke,Cash,,male,New,May,166.51
ORD003542,5,40.66,0.0,3.0, Beauty ,Kindia,CARD,38.0,Female,Returning,November,202.46
ORD004543,5,66.65,0.0,5.0,Clothing,Labe,card,,Female,New,October,346.47
ORD004604,3,76.68,0.0,3.0,HOME,Kindia,Mobile Money,20.0,Male,New,October,238.47
ORD005491,1,39.24,0.0,8.0,toys,Conakry,Mobile Money,49.0,Female,New,March,41.32
ORD003175,5,89.76,0.0,6.0,HOME,boke,CARD,46.0,Male,New,June,473.48
ORD001155,4,75.84,0.0,7.0,Clothing,Conakry,Mobile Money,35.0,female,New,October,237.37
ORD003853,5,127.51,0.0,2.0,Home,conakry,Cash,32.0,Female,Returning,September,659.53
ORD008633,2,34.25,0.0,3.0,beauty,Conakry,card,35.0,Female,Returning,June,66.18
ORD000523,7,24.17,0.0,4.0,BOOKS,Nzerekore,Card,43.0,Female,New,September,158.67
ORD000243,4,402.26,10.0,9.0,Electronics,Nzerekore,Card,,Female,New,February,1590.37
ORD006452,6,68.22,10.0,5.0,Clothing,Conakry,Card,28.0,Male,Returning,November,386.35
ORD009586,3,22.44,10.0,3.0,toys,kindia,Mobile Money,36.0,Female,New,October,56.09
ORD005015,4,,5.0,2.0,Beauty,Conakry,Card,47.0,Male,New,June,93.85
ORD003803,7,24.66,5.0,4.0,Food,Conakry,,37.0,Male,returning,February,141.02
ORD009466,4,10.3,0.0,3.0,Book,Kankan,Cash Payment,24.0,Female,NEW,November,41.03
ORD002116,6,15.95,-20.0,5.0,Books,Kankan,CASH,16.0,Female,new,November,98.18
ORD005380,3,15.22,15.0,3.0,Books,Boke,Mobile Money,,Female,Returning,October,40.56
ORD005385,1,18.65,0.0,,Food,Kankan,MOBILE MONEY,24.0,Female,New,October,19.05
ORD003303,6,88.28,0.0,2.0,Clothing,Kindia,,26.0,Male,NEW,April,556.31
ORD005905,5,46.93,0.0,4.0,Beauty,Boke,Cash,41.0,Male,Returning,June,232.28
ORD002587,2,371.39,0.0,2.0,Electronics ,Conakry,Mobile Money,41.0,Male,New,November,663.68
ORD000326,2,39.79,15.0,8.0,Beauty,Kankan,,35.0,Female,Returning,May,69.47
ORD007094,3,44.97,0.0,7.0,Beuty,Labé,Credit Card,48.0,Male,Returning,November,124.97
ORD002563,3,46.94,0.0,3.0,Books,conakry,,,Female,Returning,July,136.61
ORD004956,3,,20.0,3.0,Home,Conakry,Card,52.0,Female,New,August,451.41
ORD001597,4,277.2,,6.0,Electronics,boke,Credit Card,47.0,Female,New,January,1085.56
ORD001168,9,25.55,,3.0,Toys,NZEREKORE,Mobile Money,41.0,Female,Returning,August,161.45
ORD004340,6,52.49,25.0,3.0,Toys,Boke,CASH,,Female,Returning,June,259.15
ORD002057,5,16.23,0.0,3.0,FOOD,Kindia,Mobile Money,24.0,Male,New,October,67.37
ORD001872,7,113.16,30.0,7.0,Hom,Labe,Cash,24.0,MALE,New,January,551.19
ORD008143,3,42.89,0.0,3.0,Beuty,kankan,cash,29.0,Female,Returning,May,135.41
ORD003675,6,84.34,5.0,6.0,Home, Conakry,Cash Payment,44.0,Male,Returing,May,436.31
ORD003382,7,119.35,15.0,5.0,Cloting,Conakry,MobileMoney,42.0,Female,Returning,July,676.96
ORD005722,6,7.83,5.0,3.0,Books,Kankan,Cash Payment,25.0,Female,Returing,January,43.04
ORD001385,3,274.58,0.0,5.0, Electronics ,Kankan,Cash,43.0,Female,New,October,873.51
ORD006027,3,113.81,,5.0,Home,Nzerekore,Cash,38.0,Male,new,May,310.67
ORD005644,4,150.59,0.0,3.0,Home,Conakry,,34.0,Male,New,February,623.25
ORD003827,3,12.46,0.0,7.0,Book,Conakry ,cash,33.0,Female,NEW,July,40.14
ORD001142,5,11.82,0.0,4.0,Books,Labe,Mobile Money,16.0,Male,New,August,55.63
ORD008972,4,27.45,10.0,3.0,Beauty,boke,Mobile Money,29.0,M,New,September,89.75
ORD004798,1,109.96,5.0,5.0,Home,Boke,Card,49.0,Male,New,June,99.7
ORD006989,5,301.19,15.0,4.0,Electronics ,Kankan,Card,31.0,Male,New,October,1127.86
ORD004268,4,29.36,0.0,-6.0, Books ,Conakry,Credit Card,28.0,FEMALE,Returing,June,125.75
ORD004215,5,34.71,5.0,4.0,Books,conakry,Cash,29.0,Female,Returning,June,156.13
ORD005609,6,27.88,0.0,5.0,Book,Conakry,Card,16.0,Male,New,February,186.0
ORD008222,8,62.42,0.0,5.0,Sports,Nzerekore,MOBILE MONEY,180.0,Male,New,July,460.5
ORD002906,4,18.6,10.0,5.0,Toys,kankan,mobile money,24.0,Male,New,December,67.85
ORD001486,5,39.76,0.0,3.0,Books,Conakry,MOBILE MONEY,22.0,Female,new,August,171.12
ORD004279,4,319.69,20.0,5.0,Electronics,Boke,Cash,28.0,Female,Returning,May,1119.01
ORD003862,4,36.53,15.0,4.0,Books,Labe,Cash,180.0,Male,New,September,122.32
ORD003994,5,89.0,0.0,5.0,CLOTHING,Conakry,Mobile Money,16.0,Male,Returning,March,484.65
ORD005704,5,74.8,10.0,1.0,Clothing,KANKAN,Mobile Money,33.0,Male,Returning,November,342.09
ORD004469,3,21.71,5.0,8.0,FOOD,Conakry,Card,26.0,Male,New,October,72.03
ORD000668,6,88.37,0.0,6.0,Home,Nzerekore,cash,27.0,Female,Returning,June,467.32
ORD005324,3,15.18,15.0,4.0,Food,Conakry,Cash Payment,24.0,Female,New,October,43.89
ORD008523,2,52.3,0.0,,Beauty, Conakry,Mobile Money,39.0,Male,Returning,June,104.58
ORD000664,3,50.04,0.0,3.0,Toy,Conakry,,32.0,Female,New,August,122.14
ORD001545,2,33.16,10.0,,Toys,Boke,,55.0,Female,new,December,63.78
ORD005276,4,118.05,0.0,5.0,Sports,Conakry,Cash,33.0,Female,New,October,465.87
ORD003415,2,40.63,0.0,3.0,BEAUTY,Labe,Mobile Money ,46.0,Female,RETURNING,February,88.38
ORD004212,4,112.82,20.0,3.0,Home,KINDIA,Mobile Money,33.0,Female,Returning,July,393.63
ORD005849,6,223.42,10.0,,ELECTRONICS,Boke,Cash,16.0,Male,Returning,March,1220.36
ORD001842,2,20.85,0.0,2.0,Food,Kindia ,Mobile Money,37.0,Female,Returning,September,43.88
ORD005869,5,,250.0,4.0,food,boke,Mobile Money,36.0,Male,new,October,75.3
ORD003868,3,,0.0,-8.0,food,Kankan,Mobile Money,40.0,Male,Returing,May,70.19
ORD000596,7,29.11,30.0,3.0,beauty,Conakry,Cash,46.0,Male,Returning,April,134.66
ORD002610,6,,,3.0,TOYS, Conakry,card,45.0,Female,New,December,211.03
ORD001792,6,61.41,0.0,3.0,Home,Labe,MOBILE MONEY,21.0,female,New,January,374.49
ORD009602,7,16.66,15.0,1.0,Books,Conakry,cash,35.0,Female,New,June,101.33
ORD001058,8,28.95,5.0,4.0,Food,Conakry,Card,33.0,Female,New,July,209.61
ORD008601,8,35.43,0.0,6.0,Toys,Conakry,MobileMoney,34.0,Male,Returning,April,313.35
ORD001911,7,,0.0,,Toys,Nzerekore,MOBILE MONEY,25.0,Male,Returning,May,266.98
ORD003547,4,127.72,0.0,4.0,Home,Labé,,39.0,Male,New,June,518.46
ORD004355,3,19.78,5.0,4.0,Books,Kindia,MobileMoney,40.0,Female,Returning,September,56.02
ORD006696,6,11.72,0.0,3.0,Books,Kankan,Cash,,Male,New,December,70.9
ORD007359,1,107.69,0.0,6.0,Home,Nzerekore,Credit Card,33.0,Male,New,October,98.87
ORD006619,5,55.65,30.0,8.0,Toys,Conakry,Card,16.0,Female,Returning,January,205.02
ORD007583,3,66.13,5.0,5.0,clothing,Conakry,Mobile Money,29.0,Female,New,October,180.14
ORD008301,5,66.76,0.0,6.0,Beauty,Conakry,Mobile Money,37.0,Male,New,June,281.77
ORD008547,3,97.19,30.0,5.0,Sports,Kindia,MOBILE MONEY,36.0,Female,New,June,196.4
ORD002141,5,85.65,0.0,5.0,Sports,Kankan,,41.0,Female,Returning,September,459.4
ORD002884,5,,0.0,6.0,Home,Boke,Cash,37.0,Female,New,April,520.36
ORD003235,4,,0.0,5.0,Food,Kankan,Card,,Female,Returning,September,37.75
ORD000514,8,240.29,0.0,4.0, Home ,Conakri,Cash Payment,37.0,Female,Returning,March,1888.25
ORD009330,3,128.79,15.0,4.0,Sports ,LABE,Mobile Money,26.0,Female,New,August,371.18
ORD001143,6,26.49,15.0,6.0,Books,Conakry,Mobile Money,24.0,Male,Returning,September,132.25
ORD002409,5,,10.0,8.0,Toys,Conakry,,38.0,Female,New,January,180.52
ORD001180,3,229.6,0.0,4.0, Electronics , Kankan ,Mobile Money,59.0,Female,Returning,July,722.27
ORD006644,4,148.27,25.0,7.0,Home,nzerekore,Mobile Money,32.0,Male,New,January,444.57
ORD005611,2,211.84,,,Home,conakry,mobile money,30.0,Female,NEW,December,388.44
ORD003977,3,46.69,0.0,7.0,Clothing,kankan,Card,,Male,New,December,160.54
ORD005853,7,21.09,0.0,8.0,Beauty,Conakry,MobileMoney,25.0,female,new,November,145.81
ORD003177,3,,0.0,6.0,Clothing,Kindia,Cash Payment,43.0,Male,Returning,December,145.13
ORD003211,5,,0.0,4.0,sports,Boke,mobile money,34.0,Male,New,August,279.54
ORD003165,5,15.82,0.0,5.0,Food,Nzerekore,,21.0,Male,NEW,July,79.35
ORD000064,4,83.27,0.0,6.0,home,Conakri,Mobile Money,27.0,Female,New,February,316.4
ORD005413,4,,0.0,1.0,Books,kankan,Mobile Money,35.0,Male,New,May,62.32
ORD001662,6,69.11,0.0,7.0,Beauty,Kankan,Cash,39.0,Female,Returning,May,370.83
ORD000222,3,134.31,20.0,8.0,Home,Nzerekore,cash,39.0,Female,New,January,305.6
ORD006580,3,34.69,0.0,5.0,Clothing,Kindia,Cash,45.0,MALE,Returning,February,102.18
ORD000577,2,50.25,,7.0,Clothing,Kindia,Mobile Money,51.0,Female,Returning,August,93.45
ORD000583,6,16.74,0.0,3.0,BOOKS,Boke,CARD,40.0,Female,Returning,April,95.74
ORD008373,3,5.82,15.0,4.0,Sports,Labe,Mobile Money,33.0,Male,new,March,13.68
ORD000211,3,108.51,0.0,5.0,Hom ,Nzerekore,Cash,31.0,female,New,May,337.31
ORD002524,5,8.17,10.0,6.0,Food,Conakry,Cash,29.0,Female,Returning,May,40.64
ORD005771,2,73.91,250.0,3.0,Sports,Boke,CARD,45.0,Male,New,March,131.14
ORD007158,3,16.13,0.0,6.0,Food,Boke,Mobile Money,,Female,Returning,June,48.58
ORD008826,1,55.51,0.0,6.0, Clothing , KINDIA ,Cash,27.0,Female,New,October,52.71
ORD006909,3,17.89,15.0,5.0,food,Kindia,Cash,30.0,Female,New,May,35.87
ORD001392,3,173.33,0.0,1.0,Sports,Conakry,Credit Card,,Male,New,May,534.63
ORD000891,3,,5.0,8.0,Electronics,conakry,Card,18.0,Male,New,September,934.08
ORD004857,2,15.33,0.0,3.0,Food,Boke,Cash,39.0,Male,Returning,November,28.79
ORD007426,2,396.95,0.0,7.0,ELECTRONICS, Conakry,CASH,,Female,New,September,929.71
ORD003911,4,27.04,0.0,6.0,BOOKS,Kankan,Mobile Money,28.0,Female,New,September,99.66
ORD007172,9,42.58,0.0,3.0,Toys,Nzerekore,Card,29.0,Male,New,January,344.06
ORD005768,5,135.97,0.0,7.0,HOME,Nzerekore,CASH,23.0,Female,New,February,730.39
ORD002400,8,38.05,0.0,3.0,Beuty,KANKAN,Card,51.0,Female,New,May,274.1
ORD008185,5,,15.0,1.0,Electronics,Kankan,Cash,33.0,female,Returning,September,1038.77
ORD009278,7,,10.0,3.0,Books,Conakry,cash,34.0,Female,New,September,122.32
ORD000805,-3,101.48,0.0,3.0,clothing,Kindia,Card,43.0,MALE,Returning,November,429.18
ORD001321,6,19.51,0.0,5.0,Books,Boke,CARD,35.0,Female,Returning,August,106.07
ORD007328,4,110.72,10.0,3.0,Home,Kindia,Card,40.0,Male,New,August,379.6
ORD002700,2,54.82,0.0,150.0,toys,Conakry,card,35.0,Male,Returning,June,99.22
ORD005472,2,26.98,,6.0,Toys,Nzerekore,mobile money,24.0,Male,Returning,March,51.93
ORD007628,3,4.91,0.0,,Food,kindia,CASH,33.0,Female,Returning,January,15.83
ORD007694,2,16.8,10.0,4.0,FOOD,Kankan,Mobile Money,28.0,Female,New,April,27.87
ORD002418,2,7.53,0.0,3.0,Food ,Kindia,Cash Payment,36.0,Female,Returning,October,14.43
ORD002774,7,9.44,25.0,3.0,Books,Conakry,Cash,17.0,Female,returning,January,55.5
ORD005813,2,30.89,0.0,4.0,Books,Nzerekore,Mobile Money ,16.0,Female,Returning,November,64.37
ORD006191,6,31.86,10.0,6.0,Sports,Conakry,Cash,38.0,Female,New,September,176.89
ORD009279,3,22.3,,7.0,Beauty,Nzerekore, Mobile Money ,18.0,Male,New,October,66.5
ORD007991,5,20.45,25.0,4.0,FOOD,Conakry,MobileMoney,34.0,MALE,New,June,74.14
ORD003893,5,,5.0,7.0,Hom,Kankan,CARD,45.0,Female,Returning,April,145.44
ORD007003,5,16.3,0.0,3.0,Books,Kindia,Cash,35.0,Female,returning,September,77.74
ORD007098,12,36.88,,7.0,Cloting,Labe,Cash,30.0,Female,returning,August,420.62
ORD009666,2,55.05,0.0,3.0,Sport,Labé,Card,19.0,Male,Returning,February,113.31
ORD009410,5,23.65,0.0,6.0,Foood,Conakry,Cash Payment,16.0,Female,Returning,September,110.59
ORD006898,6,,250.0,6.0,Toys,CONAKRY,card,16.0,Female,New,June,363.62
ORD009689,2,17.44,0.0,6.0,Beauty,Kindia,Mobile Money,35.0,FEMALE,New,April,38.98
ORD000325,3,19.2,5.0,3.0,Food,Conakry,Card,46.0,Female,NEW,October,59.08
ORD002902,3,21.24,10.0,5.0,Clothing,Kankan,Cash,37.0,female,New,November,56.98
ORD000276,4,199.76,0.0,3.0,Home,Conakry,Mobile Money,16.0,Female,New,June,897.06
ORD001522,1,130.52,0.0,4.0,SPORTS,  Conakry ,Cash Payment,39.0,Male,RETURNING,December,122.3
ORD003655,2,25.09,0.0,4.0,Toys,CONAKRY,Mobile Money,45.0,Male,NEW,March,47.52
ORD007964,4,,0.0,4.0,Home,Boke,Cash ,28.0,Female,Returning,September,548.8
ORD007145,4,187.23,,6.0,Sports,Conakry,Card,26.0,Male,RETURNING,May,800.89
ORD000150,2,,0.0,3.0,Books, Kindia ,Card,33.0,female,Returning,May,28.98
ORD000906,5,96.6,0.0,4.0,Home,boke,cash,29.0,Male,New,March,478.08
ORD002857,2,,0.0,8.0,Home,Kindia,Card,8.0,Female,New,October,121.81
ORD000296,5,369.55,0.0,6.0,Electronics,Kindia,Card,31.0,Female,New,September,1914.98
ORD002832,3,13.84,0.0,4.0,Food,KINDIA,Cash,16.0,Male,Returning,July,41.19
ORD007297,1,36.94,,9.0,Beauty,conakry,Cash,34.0,Female,New,April,31.68
ORD005908,4,29.2,15.0,4.0,Toys,Kankan,Credit Card,44.0,Female,New,November,89.47
ORD003146,2,65.76,0.0,4.0,sports,kindia,Card,37.0,male,new,May,125.15
ORD001833,3,28.23,0.0,3.0,Books,Kindia,MOBILE MONEY,8.0,Female,Returning,October,85.54
ORD005622,5,70.14,30.0,6.0,Sports,Nzerekore,Card,39.0,Male,New,March,266.46
ORD006337,4,16.39,15.0,7.0,Books,Labe,Card,27.0,male,New,February,50.87
ORD003908,2,,0.0,2.0,Books,Kindia,Mobile Money,36.0,Male,New,January,15.19
ORD006808,1,7.86,,3.0,Beauty,Conakry,Cash,36.0,Male,New,February,6.96
ORD005569,6,6.04,,2.0,Beauty,Kindia,Card,32.0,Female,New,August,37.5
ORD001978,2,9.48,5.0,6.0,Food,KANKAN,Card,21.0,Male,Returning,October,19.71
ORD007364,3,20.54,25.0,4.0,Food,Kindia,Cash,23.0,Female,Returning,April,42.42
ORD006698,3,,25.0,6.0,BOOKS,Boke,card,39.0,Male,New,September,9.3
ORD005418,4,20.4,10.0,6.0,Books,Conakry,CASH,26.0,Male,New,October,74.18
ORD008577,5,97.9,0.0,4.0,Home,Nzerekore,Cash,34.0,Female,New,February,471.53
ORD002929,5,49.36,250.0,2.0,TOYS,labe,Cash ,19.0,Female,New,January,244.39
ORD005519,1,-40.0,10.0,5.0,BOOKS, Labe ,Cash,49.0,Female,New,June,12.56
ORD007960,4,14.09,0.0,6.0,Food,Nzerekore,Card,31.0,Female,Returning,March,62.32
ORD003029,5,,0.0,5.0,Food,CONAKRY,Mobile Money,49.0,Female,Returning,June,59.13
ORD000048,7,288.91,5.0,6.0,Electronics,Kindia,Card,23.0,Male,new,April,1829.12
ORD006476,8,6.49,0.0,3.0,Books,Kindia,Cash,,Female,New,January,50.37
ORD001967,2,49.32,20.0,6.0,Beauty, Kankan ,Card,39.0,Male,Returning,August,84.6
ORD000180,4,544.14,,6.0,Electronics,Conakry,Mobile Money,38.0,Female,New,December,2404.87
ORD006095,3,40.24,10.0,4.0,beauty,Conakry,mobile money,40.0,Female,Returning,February,105.37
ORD005740,5,23.46,0.0,3.0,Books,Conakry,card,34.0,Female,Returning,June,112.21
ORD002951,7,19.58,0.0,3.0,Toys,Kankan,card,32.0,Male,New,August,150.4
ORD009427,5,86.74,5.0,4.0,Sports,Nzerekore,MobileMoney,37.0,Female,Returning,August,350.34
ORD008422,5,22.01,,6.0,Books,Kindia,Mobile Money,40.0,Female,Returning,April,104.37
ORD007934,5,221.73,0.0,,Home,Conakry,Card,34.0,Female,New,November,1149.93
ORD009260,5,242.91,0.0,6.0,electronics,Boke,Mobile Money,33.0,Male,New,February,1412.22
ORD004037,2,144.4,0.0,4.0,Home,Labe,mobile money,,Female,Returning,December,296.87
ORD002521,5,133.94,0.0,6.0,Home,CONAKRY,Cash Payment,29.0,Female,New,February,661.04
ORD005933,4,18.65,25.0,9.0,Books,Kankan,Card,33.0,Female,New,April,60.38
ORD004800,4,,0.0,2.0,Books,kindia,Card,27.0,Female,New,June,114.18
ORD004474,3,78.05,0.0,,Clothing ,Boke,Cash,28.0,FEMALE,New,October,240.1
ORD006683,5,48.44,10.0,1.0,Toys,Kindia,,28.0,Male,Returning,September,192.9
ORD002632,6,27.27,30.0,6.0,Beauty,LABE,MOBILE MONEY,43.0,Male,New,December,107.65
ORD003978,6,56.46,0.0,7.0,Beauty,Boke,Mobile Money,,Male,new,March,302.64
ORD008058,1,70.39,0.0,7.0,Clothing,Nzerekore,Card,24.0,MALE,Returning,March,69.63
ORD005859,2,7.31,10.0,6.0,Food,LABE,,45.0,Female,Returning,July,11.95
ORD006501,6,17.05,10.0,3.0,Book,Kankan,MOBILE MONEY,25.0,Male,Returning,October,89.4
ORD002927,4,125.37,10.0,-8.0,Cloting,Conakry,Cash,180.0,F,New,October,443.29
ORD000223,250,30.46,0.0,7.0,Toys,N'Zerekore,Mobile Money,35.0,Male,New,December,33.3
ORD001544,4,23.95,0.0,,Foood,Boke,Card,38.0,Female,New,November,97.75
ORD007395,6,70.34,,4.0,Beauty,kindia,CASH,30.0,M,New,October,363.08
ORD004953,3,69.34,0.0,3.0,sports,labe,Mobile Money,22.0,Male,new,July,226.33
ORD003579,2,27.3,5.0,4.0,Books,Conakry,mobile money,38.0,Male,New,May,49.8
ORD008603,5,83.45,0.0,2.0,Sports,BOKE,Cash,30.0,Female,New,October,441.5
ORD000163,3,105.11,10.0,6.0,SPORTS,Kindia,MobileMoney,24.0,Male,New,October,253.57
ORD004899,2,44.94,0.0,4.0,Toys,Conakry,Cash,25.0,Male,Returning,December,84.49
ORD006834,7,122.62,0.0,6.0,Clothing,conakry,Cash,19.0,Female,New,October,842.23
ORD002681,4,29.94,0.0,5.0,Clothing, Conakry,Cash,29.0,Female,Returning,September,142.96
ORD006104,2,500000.0,250.0,3.0,Toys,Kindia,Cash,37.0,Female,New,May,82.06
ORD005301,1,325.49,20.0,4.0,Electronics,Kindia,Mobile Money,37.0,Female,Returning,October,245.32
ORD004712,5,53.05,5.0,2.0,Home,KANKAN,Cash,39.0,Male,Returning,February,253.82
ORD006922,6,6.35,10.0,6.0,Books,Boke,Card,39.0,Female,Returning,November,32.51
ORD006110,6,26.46,0.0,7.0,Books,Conakry,Mobile Money,21.0,Male,NEW,May,164.83
ORD002555,6,20.66,10.0,5.0,Food,boke,mobile money,28.0,Female,New,April,118.66
ORD003215,2,,0.0,,Beauty,Conakry,MobileMoney,47.0,Male,Returning,October,120.94
ORD002351,5,37.04,0.0,6.0,Toys,Kankan,Cash,,Male,New,November,182.72
ORD005376,10,22.31,,6.0,Book,Kankan,Cash Payment,36.0,Female,New,May,167.45
ORD004716,4,-40.0,0.0,6.0,Sports,Conakry,CASH,30.0,Female,Returning,March,432.69
ORD009011,4,75.41,0.0,4.0,Home,Conakry,Cash,37.0,Male,New,June,332.59
ORD005117,2,141.71,10.0,5.0,Home,Boke,Cash,32.0,Female,Returning,March,215.44
ORD008056,9,43.04,0.0,4.0,Clothing,Boke,Cash,28.0,Female,Returning,February,396.09
ORD002600,3,20.79,10.0,4.0,Books,Conakry,Card,32.0,Female,Returning,November,57.07
ORD006036,2,,,1.0,Toys,Labe,Card,16.0,Male,New,February,61.04
ORD000995,3,24.19,15.0,5.0,Food,Conakry,,26.0,Male,New,August,57.26
ORD003325,4,482.56,15.0,6.0,Electronics,kindia,Cash,24.0,Male,Returning,May,1874.93
ORD005216,6,12.04,0.0,,Books,conakry,Card,30.0,Male,New,July,67.07
ORD004284,3,101.22,0.0,2.0,Cloting,Kindia,CARD,43.0,Male,New,March,297.83
ORD002560,5,26.22,20.0,6.0,Sports,Conakry,Cash,30.0,Female,Returning,October,114.66
ORD006369,5,36.73,0.0,5.0,Toys,Conakry,CASH,16.0,Male,Returning,April,195.94
ORD003034,2,92.83,0.0,8.0,Clothing,Boke,Card,17.0,Female,Returning,October,181.64
ORD008799,5,140.23,0.0,3.0,Home,Conakry,Mobile Money,58.0,Male,New,December,805.67
ORD003058,5,16.67,15.0,5.0,Toys,Nzerekore,Cash,16.0,male,Returning,March,71.58
ORD005767,6,254.07,0.0,6.0,Electronic,Kankan,Mobile Money,19.0,Male,Returning,September,1386.67
ORD005580,3,69.78,0.0,7.0,SPORTS,Kindia,Mobile Money,38.0,Female,New,September,214.56
ORD007812,4,97.02,15.0,2.0,Sports,Kindia,CASH,18.0,Male,New,December,331.91
ORD001674,6,15.79,10.0,5.0,Food,Kindia,Mobile Money,27.0,Female,New,December,73.34
ORD003683,3,-40.0,25.0,,Food,Kankan,Card,18.0,Male,New,January,13.95
ORD007385,2,101.95,0.0,,Sports,Labe,mobile money,29.0,female,New,July,198.72
ORD000047,5,14.58,30.0,6.0,Food,labe,Cash,32.0,Female,NEW,February,47.87
ORD005645,2,23.38,0.0,7.0,FOOD,Boke,,41.0,Female,Returing,December,48.26
ORD004492,5,54.37,20.0,7.0,beauty,Conakry,Mobile Money,-12.0,Female,New,July,244.01
ORD005605,3,51.52,0.0,5.0,Toys,Conakry,Mobile Money,37.0,Female,New,February,151.8
ORD006382,7,30.22,15.0,4.0,Books,CONAKRY,Mobile Money,34.0,Male,New,January,192.04
ORD003020,2,,15.0,6.0,TOYS,Kankan,MOBILE MONEY,29.0,Male,Returning,June,73.69
ORD002093,1,43.41,5.0,2.0,Beauty,Kindia,Mobile Money,22.0,male,Returning,May,46.5
ORD001742,2,75.89,0.0,7.0,Home,Kankan,Cash Payment,39.0,Male,Returning,October,175.73
ORD000393,4,,,4.0,Beauty,Conakry,card,42.0,Female,New,December,161.3
ORD001724,5,500000.0,0.0,6.0,Foood,Kindia,Cash Payment,16.0,Male,Returning,November,98.77
ORD008639,4,37.57,0.0,,CLOTHING,Kankan ,Card,34.0,Male,New,August,143.89
ORD002388,4,45.42,0.0,4.0,Clothing,Nzerekore,Cash,26.0,Male,NEW,March,186.54
ORD005812,2,12.03,,4.0,Beauty,Kindia,Card,,Female,Returning,June,22.81
ORD008905,6,500000.0,0.0,,Toys,Labe,Cash,35.0,Male,Returning,June,163.03
ORD009215,3,86.76,0.0,5.0,Clothing,Boke,Cash,25.0,Male,Returning,September,282.42
ORD007797,3,39.94,0.0,5.0,Beauty,Kindia,Cash,32.0,Female,Returning,August,117.51
ORD005234,3,59.16,20.0,4.0,Beauty,Boke ,MOBILE MONEY,16.0,Female,Returning,August,149.26
ORD003923,2,11.6,,8.0,Food,conakry,Mobile Money,38.0,Female,New,August,16.99
ORD009603,3,42.48,0.0,6.0,Toy,KANKAN,card,26.0,Male,New,June,120.94
ORD007454,5,48.51,0.0,,toys,Conakry,,16.0,female,Returning,August,245.02
ORD008929,2,304.01,25.0,8.0,Electronics,KANKAN,Mobile Money,48.0,Female,Returing,September,435.12
ORD000117,4,21.12,25.0,8.0,food, Conakry ,Card,44.0,Female,New,October,56.05
ORD008370,4,36.15,0.0,6.0,Books,Kindia,Card,36.0,Female,Returning,April,136.22
ORD002067,4,117.33,,8.0,Sport, Conakry,Card,34.0,Female,Returning,August,370.1
ORD000616,3,194.88,10.0,2.0,Electronics,Kankan,Card,23.0,M,New,December,529.36
ORD008181,7,29.92,0.0,,FOOD,Conakry,card,25.0,Male,Returning,December,190.74
ORD001726,4,41.85,,6.0,toys,Labe,Card,31.0,Male,New,December,128.13
ORD002394,5,76.04,10.0,6.0,Clothing,Conakry,Card,25.0,Male,new,December,343.47
ORD000876,5,49.5,0.0,4.0,Sports,Kindia,Cash,23.0,Female,Returning,February,236.51
ORD006177,5,85.47,,3.0,Sports,kindia,Card,29.0,Female,Returning,February,522.2
ORD004735,3,,0.0,3.0,Sports,KINDIA,Mobile Money,25.0,Male,New,January,303.32
ORD004804,4,61.81,0.0,1.0,Sports,Nzerekore,Cash,31.0,Female,returning,February,272.29
ORD004570,7,11.2,,4.0,Books,Kankan,Mobile Money,16.0,Female,New,July,65.9
ORD004817,5,38.39,0.0,3.0,Beauty, kindia ,Cash Payment,20.0,Female,New,June,171.32
ORD007881,2,491.5,0.0,3.0,Electronic,Conakry,Credit Card,23.0,male,New,August,1008.86
ORD000934,9,281.52,15.0,1.0,Electronics,Labe,Mobile Money,48.0,Male,Returning,November,2159.63
ORD004365,4,137.5,-20.0,4.0,Clothing,conakry,Card,34.0,Male,Returning,March,502.93
ORD003127,5,53.04,15.0,150.0,Beauty,Conakri,Card,38.0,Male,Returning,May,226.92
ORD003172,4,59.49,,3.0,Home, Boke ,Cash,28.0,female,new,May,207.25
ORD000719,2,19.21,0.0,4.0,Beauty,CONAKRY,Card,42.0,Female,New,November,38.28
ORD006435,4,35.93,10.0,,toys,Kankan,Credit Card,36.0,Male,Returning,October,124.06
ORD001166,2,37.58,0.0,1.0,CLOTHING,Kindia,Mobile Money,27.0,Male,New,November,81.85
ORD002144,4,66.0,0.0,3.0,clothing,Labe,Cash Payment,21.0,Female,New,November,277.9
ORD001686,4,37.8,0.0,6.0,Books,Conakry,Mobile Money,21.0,Male,NEW,October,139.37
ORD009597,5,22.27,10.0,,Food,Conakry ,Mobile Money,42.0,Male,New,July,109.12
ORD005536,4,67.38,20.0,7.0,Clothing,Kindia,,29.0,Female,New,November,216.8
ORD000739,1,237.83,0.0,4.0,Sports, Conakry,Card,35.0,Female,Returning,May,251.06
ORD000159,2,14.62,15.0,5.0,Books ,Boke,,34.0,Female,Returning,January,21.76
ORD002384,4,62.94,,-8.0,Beauty,Kindia,Cash,39.0,Female,New,December,227.11
ORD003183,4,584.54,,6.0,Electronics,Conakry,Mobile Money,30.0,Female,Returning,May,2553.4
ORD003327,7,,15.0,,Clothing, Conakry,Cash,36.0,Male,New,January,381.78
ORD002550,3,29.29,15.0,4.0,Beuty,Conakry,MOBILE MONEY,8.0,Male,New,October,82.0
ORD006375,2,94.1,10.0,5.0,Sports ,Conakry,,39.0,Male,Returning,September,157.75
ORD003329,4,62.58,0.0,6.0,Clothing,Conakry,cash,39.0,Female,New,June,246.49
ORD002361,6,106.05,5.0,7.0,Sports,Kankan,Mobile Money,47.0,F,returning,July,652.27
ORD004081,7,60.22,0.0,4.0,Sports,labe,card,33.0,Male,New,October,419.71
ORD003179,-3,18.81,10.0,,BOOKS,Kankan,Cash,31.0,Female,Returning,July,76.52
ORD004689,3,182.17,0.0,2.0,Home,KINDIA,Cash,36.0,Female,Returning,January,575.53
ORD003909,1,48.1,0.0,3.0,Home,Kankan,Cash,57.0,Male,returning,March,47.91
ORD002477,4,502.85,25.0,5.0,Electronics,Conakry,Mobile Money,38.0,Female,New,August,1797.34
ORD008139,3,,,1.0,Home,N'Zerekore,Card,32.0,Male,Returning,December,392.23
ORD007402,2,17.99,,3.0,Books ,Labe,Card,43.0,Male,Returning,October,35.57
ORD003751,8,16.28,0.0,6.0,Books,KINDIA,Card,,Male,New,March,115.63
ORD002000,2,12.87,20.0,3.0,Books,BOKE ,Cash,38.0,Male,Returning,August,21.02
ORD007164,4,36.09,0.0,,Clothing,Conakry,Cash,34.0,MALE,Returning,December,129.41
ORD008828,5,335.94,0.0,7.0,Electronics,Kindia,Cash Payment,27.0,Male,New,June,1604.91
ORD007760,6,267.09,20.0,6.0,Electronics  ,CONAKRY,mobile money,16.0,Female,New,May,1163.27
ORD002071,4,461.14,20.0,4.0,Electronics,conakry,Card,27.0,Male,Returning,June,1464.1
ORD007268,4,24.5,0.0,4.0,FOOD,Boke,Credit Card,30.0,female,new,April,100.53
ORD006919,5,236.33,15.0,1.0,ELECTRONICS,Nzerekore,Cash,27.0,Female,New,June,1034.77
ORD008398,7,32.38,0.0,1.0,Toys,Kankan,Card,36.0,male,New,August,228.79
ORD006208,4,35.37,0.0,2.0,toys,Kankan,Card,35.0,Female,Returning,August,154.0
ORD009398,6,100.11,25.0,5.0, SPORTS ,Conakry,card,,Male,New,March,420.05
ORD003568,5,38.42,0.0,1.0,Toy,LABE,Mobile Money,30.0,Female,Returning,July,196.5
ORD004648,9,74.4,0.0,5.0,Beauty,Conakri,Mobile Money,29.0,male,New,October,654.16
ORD000941,4,,0.0,1.0,Clothing,Kindia,Card,37.0,Female,New,June,255.12
ORD004198,5,89.29,0.0,7.0,BEAUTY,Conakry,Credit Card,39.0,Male,New,July,488.91
ORD007536,4,71.57,0.0,4.0,Beauty,boke,Mobile Money,41.0,Male,NEW,February,288.85
ORD009069,2,34.84,0.0,4.0,Toys,Kankan,Mobile Money,36.0,Male,NEW,April,70.0
ORD009391,5,,0.0,8.0,Toys,Kankan,Card,24.0,Female,Returning,July,246.59
ORD006605,4,9.96,5.0,2.0,Food,Kindia,,29.0,Male,Returing,April,35.38
ORD007903,5,12.16,0.0,6.0,Food,Boke,Card,30.0,Male,Returning,December,62.47
ORD002779,6,16.65,0.0,4.0,Food,Nzerekore,cash,41.0,Female,Returning,March,99.55
ORD005182,2,48.61,0.0,4.0,Hom,Labe,Mobile Money,,Male,New,August,99.23
ORD001114,4,88.22,15.0,1.0,BEAUTY, Conakry,Mobile Money,32.0,Female,Returning,February,318.66
ORD005607,3,140.29,5.0,6.0,Home,Boke,CASH,19.0,female,Returning,July,335.22
ORD002342,4,5.94,0.0,-6.0,Foood,Kankan,Cash,25.0,Female,New,August,23.69
ORD000686,4,217.01,5.0,1.0,Electronics,Conakry,Mobile Money,42.0,Female,Returning,March,727.23
ORD001990,3,33.59,0.0,,beauty,Nzerekore,CASH ,45.0,Male,New,August,97.47
ORD001884,3,204.48,0.0,5.0,Eletronics,Kindia,Mobile Money,32.0,Female,returning,October,649.77
ORD008707,5,419.02,0.0,3.0,Eletronics,Kindia,MOBILE MONEY,16.0,Male,Returning,October,1621.32
ORD002994,3,33.73,0.0,1.0,Beuty,Kindia,MOBILE MONEY,26.0,Male,New,January,103.16
ORD008034,4,,5.0,,Home, Labe ,Cash,36.0,Female,NEW,July,624.22
ORD003180,3,,30.0,7.0,Electronic,Nzerekore,Cash Payment,42.0,M,Returning,April,424.09
ORD004017,250,37.66,15.0,3.0,Books,Kindia,Card,27.0,Female,Returing,July,103.04
ORD003282,5,,0.0,5.0,electronics,Kindia,Cash,45.0,Male,New,December,2092.03
ORD007368,6,,0.0,4.0,Electronics,Kankan ,Cash,60.0,Female,New,December,2000.63
ORD006286,3,15.8,0.0,5.0,Foood,kankan,Cash,29.0,male,New,April,35.74
ORD006178,4,79.78,5.0,7.0,Sports,conakry,Card,31.0,Female,New,July,328.21
ORD000485,6,40.73,0.0,5.0,Clothing,labe,CASH,26.0,Male,New,November,242.53
ORD005658,3,34.98,15.0,3.0,Toys,Boke,Card,42.0,male,Returning,June,83.8
ORD007782,6,43.59,,6.0,Beauty,conakry,card,32.0,Male,New,July,270.28
ORD001096,5,92.2,0.0,4.0,Clothing,Conakry,,,Male,New,April,468.79
ORD003748,7,18.96,10.0,7.0,Food,Kankan,cash,52.0,Male,New,July,126.09
ORD008131,6,89.1,0.0,4.0,Home,Conakry,Mobile Money,38.0,Female,New,July,522.46
ORD001084,4,222.39,10.0,2.0,Eletronics,Boke,CASH,49.0,Male,Returning,July,873.57
ORD003171,3,14.01,0.0,6.0,Food,Nzerekore,card,39.0,Female,new,September,42.41
ORD003792,5,57.21,10.0,6.0,Clothing,Kankan,Card,31.0,Male,Returning,May,255.8
ORD000734,1,60.59,0.0,6.0,Clothing,Kindia,Card,26.0,Male,Returning,October,59.69
ORD001418,3,30.98,10.0,2.0,Toys,Kankan,Cash,41.0,Female,New,July,84.74
ORD008281,2,98.38,0.0,7.0,Clothing,Conakry,Card,31.0,Female,Returning,August,186.61
ORD002978,6,93.17,0.0,6.0,SPORTS,Boke,Mobile Money,20.0,Female,New,January,498.82
ORD001067,6,175.94,0.0,5.0,Home,Labe,Credit Card,17.0,female,New,December,939.83
ORD001916,2,43.74,0.0,7.0,Toys,Labe,card,36.0,Male,New,October,86.65
ORD007033,3,166.05,0.0,6.0,Electronics,Boke ,cash,33.0,Female,New,January,434.88
ORD000972,2,14.28,0.0,3.0,Food,Conakry,Card,38.0,Female,New,May,28.77
ORD009421,3,89.27,30.0,4.0,Sports,Conakry ,Mobile Money,21.0,FEMALE,New,September,192.56
ORD005011,4,93.88,5.0,5.0,Sports,Conakry,,16.0,Female,New,April,315.83
ORD000188,5,236.11,10.0,2.0,Electronics,Labé,Mobile Money,30.0,Female,New,April,1063.74
ORD004077,7,116.7,25.0,5.0,Home,Kankan,Credit Card,,Female,New,April,558.67
ORD004620,5,37.14,0.0,7.0,Toys,Labé,Mobile Money,33.0,Female,Returning,February,198.84
ORD002339,5,121.74,0.0,4.0,Hom,nzerekore,Card,55.0,Female,New,January,555.81
ORD004755,2,35.09,0.0,7.0,Books,Conakri,Cash,26.0,Male,New,January,64.31
ORD002732,1,168.22,,5.0,Home, Conakry ,cash,30.0,Female,New,August,174.3
ORD005284,4,,10.0,7.0,Food,Boke,card,29.0,Male,Returning,July,68.72
ORD003509,4,101.27,15.0,4.0,Home,Conakry,Card,61.0,Female,New,January,356.95
ORD000831,2,68.42,5.0,6.0,Cloting,Conakry,Cash Payment,30.0,Male,New,May,142.14
ORD005306,5,24.41,0.0,4.0,Toys,NZEREKORE,Cash,44.0,Male,New,July,116.11
ORD001681,6,41.32,0.0,6.0,Toys,Kankan,cash,30.0,Female,Returning,July,246.03
ORD004005,4,70.72,20.0,9.0,Sports,CONAKRY,Cash,,female,New,December,216.7
ORD003658,4,46.63,0.0,5.0,Toys,Kankan,Cash,29.0,Male,New,July,179.61
ORD005772,3,338.07,,150.0,Eletronics,Kindia,Cash,37.0,Female,NEW,December,875.6
ORD004046,4,13.98,5.0,5.0,Books,Nzerekore,mobile money,,Male,New,July,58.8
ORD007245,3,146.9,,4.0,SPORTS,Conakry,Mobile Money,18.0,Male,Returning,December,384.83
ORD004784,4,,0.0,6.0,Sports,Kankan,Mobile Money,36.0,Female,New,December,98.12
ORD008278,6,174.56,25.0,1.0,Home,Boke,Mobile Money,36.0,Male,Returning,December,746.45
ORD006539,5,500000.0,20.0,2.0,electronics,N'Zerekore,Mobile Money,23.0,Male,Returning,October,829.15
ORD009059,2,88.57,5.0,3.0,Home,Nzerekore,cash,38.0,M,Returning,October,153.27
ORD006076,4,24.13,,,Books,Nzerekore,Card,30.0,Female,Returning,May,93.17
ORD005972,5,56.59,0.0,5.0,CLOTHING,Labe,Card,31.0,Female,New,October,298.46
ORD000054,3,164.99,0.0,7.0, Electronics ,Conakry,Cash,29.0,Female,New,June,523.38
ORD009401,2,401.82,0.0,4.0,Electronics,Conakri,Card,35.0,Female,New,November,892.32
ORD006506,3,120.83,20.0,5.0,Sports,Conakry,Cash,41.0,Male,New,March,285.94
ORD008794,250,17.97,0.0,3.0,Food,Boke,Mobile Money,28.0,Male,Returning,May,115.49
ORD006035,2,27.81,0.0,2.0,Beauty,Boke,MobileMoney,36.0,FEMALE,Returning,August,44.82
ORD003624,2,145.66,0.0,,Electronics ,Boke,Card,32.0,Male,New,June,246.49
ORD004153,2,52.87,15.0,3.0,clothing,kindia ,Card,36.0,Male,Returning,May,65.66
ORD003031,3,19.51,0.0,6.0,Food, Conakry,Mobile Money,43.0,Female,New,July,62.22
ORD003312,5,16.13,0.0,4.0,Books,Conakry,Mobile Money,38.0,Female,New,March,78.51
ORD004707,2,10.9,0.0,7.0,Books ,Kindia,Card,28.0,Female,New,March,20.9
ORD000564,3,,15.0,1.0, Toys ,Conakry,Credit Card,28.0,Male,New,June,101.39
ORD000912,2,27.9,0.0,,Toys,Labe,Cash,45.0,Male,RETURNING,August,52.51
ORD004933,4,,0.0,6.0,Beuty, Conakry ,,46.0,female,New,December,397.12
ORD002375,2,49.06,0.0,5.0,Toys,BOKE,Cash,,Female,returning,February,93.07
ORD007435,7,25.19,0.0,5.0,Beauty,Boke, Cash ,51.0,Female,new,November,170.87
ORD006188,3,,0.0,6.0,Home,Kindia,CASH ,55.0,Male,Returning,November,337.49
ORD008535,1,13.88,10.0,5.0,BOOKS,LABE,Card,32.0,Male,New,December,13.21
ORD006978,5,19.66,0.0,5.0,Food,Kindia,CARD,42.0,F,New,March,101.39
ORD001057,4,5.71,0.0,6.0,food,Boke,card,31.0,Female,New,August,26.88
ORD000541,5,18.59,10.0,,Books ,Nzerekore,Cash,24.0,Female,new,November,82.06
ORD003407,3,12.55,15.0,5.0,Food,Conakry,Card,30.0,Male,Returning,October,34.0
ORD006196,4,140.84,,3.0,Home,LABE,Card,16.0,MALE,New,October,548.52
ORD009235,5,33.3,0.0,7.0,Toys,LABE,Cash,36.0,FEMALE,returning,March,144.93
ORD005066,3,126.57,0.0,7.0,Home,boke,Cash,44.0,Male,New,December,379.57
ORD009264,7,62.88,0.0,,Hom,kankan,Cash,39.0,Male,Returning,September,464.91
ORD001926,5,79.18,250.0,4.0,Sports,Kindia,Cash,39.0,Male,New,January,425.76
ORD003918,3,,,4.0,Beauty,Conakry,Cash,27.0,Male,Returning,July,110.6
ORD009358,1,100.24,0.0,5.0,Home,Labe,Cash Payment,,Female,Returning,March,99.39
ORD006406,4,13.37,0.0,4.0,Food,Boke,Cash,31.0,Male,Returning,October,57.26
ORD001178,4,161.19,10.0,-8.0,Sports,Conakri,Mobile Money,,Male,NEW,May,498.19
ORD000246,4,77.22,0.0,3.0,Clothing,Conakry,Cash,34.0,Female,Returning,November,320.44
ORD004345,6,23.35,,7.0,Toys,Kankan,Card,,Female,New,November,129.87
ORD008003,4,111.73,5.0,5.0,Sport,Labe,Mobile Money,47.0,MALE,Returning,November,362.54
ORD002903,4,43.16,0.0,2.0,Toys,Kankan,,29.0,Female,New,June,170.79
ORD007344,2,,0.0,1.0,SPORTS, Conakry,cash,25.0,Male,NEW,March,291.41
ORD003535,4,20.6,0.0,6.0,Toys,kindia,Cash,36.0,Male,Returning,July,77.29
ORD008037,7,,10.0,3.0,home,Boke,Mobile Money,44.0,Female,New,April,310.66
ORD006136,3,21.08,20.0,3.0,Books,Conakry,Cash Payment,20.0,Male,New,April,46.88
ORD004836,4,520.69,0.0,5.0,Electronics,Kindia,Cash,25.0,Female,Returning,August,1985.91
ORD006957,4,51.97,25.0,5.0,clothing,Kindia,Card,27.0,Male,New,November,169.29
ORD005360,2,,5.0,5.0, Food ,Nzerekore,CARD,29.0,Female,New,March,22.95
ORD001355,2,107.31,0.0,150.0,Home,kankan,CARD,35.0,Female,New,December,233.5
ORD000043,5,22.18,5.0,3.0,Food,Conakry,Card,27.0,Male,returning,February,107.07
ORD002029,2,151.5,15.0,3.0,Home,Conakry ,Cash,49.0,Female,New,June,287.05
ORD005020,4,67.72,0.0,3.0,Sports,KINDIA,MOBILE MONEY,30.0,Female,New,April,296.84
ORD007716,2,,0.0,3.0,beauty, Nzerekore ,cash,46.0,Male,Returning,February,77.61
ORD009594,3,22.83,,8.0,Food,Conakry,Cash ,38.0,Male,Returning,February,68.55
ORD001921,4,156.76,0.0,,home,Conakry,,16.0,Female,Returning,January,681.61
ORD008995,4,,,9.0,books,boke,Mobile Money,61.0,female,NEW,December,54.92
ORD008876,6,33.97,0.0,4.0,Books,Conakry,Card,31.0,Male,Returning,December,221.87
ORD001403,3,9.17,5.0,7.0,Food,Kindia,Card,45.0,Male,New,January,23.76
ORD002807,4,98.33,0.0,-6.0,Clothing,Conakry,card,24.0,Male,New,March,401.35
ORD003453,4,,25.0,,Home,Conakri,Credit Card,39.0,Male,New,July,678.09
ORD008038,3,24.25,0.0,5.0,Books,Boke,Cash,43.0,Male,New,December,71.03
ORD003203,3,42.2,0.0,5.0,Beauty,Kankan,Mobile Money,37.0,Male,Returning,June,135.24
ORD004107,8,247.48,30.0,7.0,Electronics,Boke,Mobile Money,17.0,Male,New,October,1289.04
ORD003132,5,18.9,5.0,2.0,Food,Conakry,Cash,24.0,Female,Returning,October,101.58
ORD008293,3,159.83,0.0,2.0,Home,Kankan ,,16.0,Male,New,January,502.44
ORD005372,5,18.32,20.0,5.0,Books, Kankan ,Card,44.0,male,RETURNING,August,81.09
ORD000382,5,9.94,0.0,1.0,Food,Kankan,Cash,33.0,Female,NEW,June,51.49
ORD000422,3,26.38,0.0,3.0,food,LABE,Cash,33.0,Female,New,January,73.42
ORD007209,2,-40.0,0.0,2.0,beauty,Boke,Cash,54.0,Female,Returning,February,54.23
ORD007995,3,99.54,5.0,,Sports,Boke,Card,25.0,Female,new,July,274.11
ORD007704,4,11.62,0.0,4.0,Food,Kindia,,26.0,Male,NEW,March,48.54
ORD006526,6,22.05,0.0,6.0,Books,Kindia,MobileMoney,28.0,Female,New,December,138.19
ORD006030,5,117.07,5.0,4.0,Sports ,Nzerekore,card,26.0,Female,Returning,January,560.75
ORD009566,2,459.62,0.0,,Electronics,conakry,Card,49.0,Male,New,April,832.73
ORD005341,2,148.34,0.0,,Sports,Kindia,cash,22.0,MALE,Returning,December,310.97
ORD000131,250,124.58,15.0,6.0,home,KINDIA,CARD,52.0,Male,Returning,May,600.33
ORD002968,2,10.73,0.0,3.0,food,Labe,Mobile Money,,MALE,New,November,21.1
ORD003625,6,82.78,10.0,1.0,Sports ,Kankan,Cash,23.0,Male,New,March,444.16
ORD007072,4,25.78,0.0,5.0,Beauty,Conakry,Mobile Money,16.0,Female,New,June,100.49
ORD008452,3,20.32,,-8.0,books,Conakry,Cash,37.0,Female,Returning,March,55.47
ORD008913,4,38.05,0.0,4.0,Beauty,KINDIA,Cash,27.0,Female,Returning,September,145.01
ORD002990,2,44.81,15.0,5.0,Beauty,Conakry,mobile money ,40.0,Male,New,June,67.74
ORD007970,6,79.17,20.0,7.0,Sports,Kankan ,Mobile Money,37.0,Male,New,October,409.12
ORD008437,4,44.25,15.0,7.0,Toys,Conakry,Mobile Money,36.0,F,Returning,February,169.26
ORD004611,7,20.02,0.0,6.0,Food,Conakri,MOBILE MONEY,42.0,Female,Returning,July,138.54
ORD002444,7,92.14,-20.0,,Clothing,kindia,Card,44.0,Male,New,November,605.29
ORD002125,6,372.04,0.0,3.0,Eletronics,Nzerekore,Card,34.0,Female,Returning,August,2249.16
ORD007852,2,416.87,5.0,8.0,Electronics,Boke,Cash,23.0,Male,Returning,November,845.64
ORD006747,2,22.89,0.0,4.0,Books,Nzerekore,Cash Payment,34.0,Female,New,June,42.89
ORD005101,2,,0.0,6.0, Electronics ,CONAKRY,Cash,39.0,Female,New,May,270.18
ORD006541,4,230.6,0.0,6.0,Home ,Kankan,card,17.0,Female,Returning,October,1104.38
ORD007550,3,120.34,10.0,4.0,Home,Kankan ,Mobile Money,47.0,male,New,March,310.81
ORD000248,6,19.11,0.0,3.0,Food,Boke,cash,16.0,Female,New,March,143.44
ORD002044,3,106.99,15.0,6.0,Sports,kindia,CARD,21.0,Male,New,November,278.91
ORD003074,5,73.19,10.0,8.0,Beauty,Conakri,Cash,25.0,Female,Returning,November,331.48
ORD005498,3,,15.0,5.0,Sport,Boke,Mobile Money,16.0,Male,New,December,336.27
ORD008593,5,34.41,0.0,3.0,Toys,kindia,Credit Card,35.0,Male,New,May,162.81
ORD008048,4,123.56,20.0,9.0,electronics,Conakry,Cash,36.0,Female,New,April,385.87
ORD006420,8,127.36,15.0,3.0, home ,Kankan,Mobile Money,34.0,Female,Returning,July,878.57
ORD008285,1,18.82,0.0,9.0,Books,Boke,Credit Card,45.0,Male,New,July,19.16
ORD007076,4,118.85,5.0,7.0,Home,Labe,Mobile Money,25.0,Male,new,March,423.5
ORD008472,1,61.5,0.0,5.0,Beauty,conakry,MOBILE MONEY,31.0,Male,New,October,66.1
ORD001761,3,16.14,15.0,7.0,Foood,Conakry,CASH,8.0,Male,Returning,June,42.92
ORD007196,4,50.46,10.0,3.0,Beauty,Kindia,,180.0,Female,Returning,April,204.31
ORD009242,4,39.34,0.0,7.0,Beauty,Kankan,Cash,46.0,Male,New,July,132.12
ORD003435,8,188.94,5.0,-8.0,Electronics,Kindia,Mobile Money,22.0,Female,Returning,October,1614.13
ORD000893,2,,10.0,3.0,Electronic,Kindia,,41.0,Male,New,January,780.92
ORD001336,7,58.74,0.0,,CLOTHING , Conakry,Card,33.0,Male,Returning,September,350.2
ORD003351,4,25.4,15.0,6.0,Books,Boke,Cash Payment,16.0,Male,New,June,87.82
ORD004241,2,105.74,15.0,8.0,Clothing,conakry,Card,46.0,Male,New,December,163.32
ORD002245,8,113.43,20.0,,Home,Kindia,,34.0,Female,New,April,702.85
ORD000397,5,116.04,15.0,3.0,home,Kindia,Card,26.0,Female,New,August,519.01
ORD002236,6,205.98,0.0,,HOME,Conakry,Card,16.0,Male,Returning,April,1238.87
ORD002018,5,39.36,0.0,,Books,Conakry,Card,21.0,female,Returing,December,178.07
ORD002135,3,43.08,25.0,5.0,Beauty,Conakry,Cash,25.0,Female,Returning,May,115.16
ORD007213,3,89.52,0.0,1.0,Sports,Kindia,Cash ,44.0,Male,NEW,November,278.45
ORD008223,5,43.24,0.0,5.0,Toys,Kindia,Cash,19.0,Female,New,June,199.28
ORD004095,3,52.86,0.0,2.0,beauty,Boke,,32.0,Male,New,September,174.82
ORD007971,5,48.26,5.0,7.0,Clothing,CONAKRY,Cash,29.0,male,Returning,September,229.39
ORD003503,6,75.41,10.0,3.0,Beauty,Conakry,Cash,20.0,Male,Returning,January,414.97
ORD003045,5,55.07,0.0,,Clothing,Kindia,Mobile Money,43.0,Female,Returning,April,308.34
ORD003926,2,73.62,10.0,-8.0, Beauty , Conakry,Card,37.0,Female,New,July,133.92
ORD005929,6,2.75,0.0,3.0,Books,Boke,cash,17.0,Male,New,August,17.4
ORD004713,3,54.19,0.0,7.0,BEAUTY,Conakry,Mobile Money,31.0,Male,Returning,September,172.25
ORD006923,2,58.67,10.0,6.0,Sports,Kankan,Card,24.0,Male,returning,August,112.54
ORD000906,5,96.6,0.0,4.0,Home,boke,cash,29.0,Male,New,March,478.08
ORD007490,8,65.12,5.0,3.0,Beauty,conakry,Card,20.0,FEMALE,New,February,524.65
ORD001803,6,16.76,10.0,1.0,Food,Kankan,Card,,Female,New,February,92.35
ORD005260,5,669.48,0.0,3.0,electronics,Conakry,Card,46.0,Male,New,October,2954.11
ORD009665,3,43.32,0.0,4.0,Books,Conakry,,24.0,Female,New,May,112.08
ORD009243,3,18.78,5.0,4.0,Foood,Nzerekore,card,32.0,Female,Returning,December,53.78
ORD008810,4,64.79,0.0,,clothing,Conakri,Card,23.0,F,New,April,270.81
ORD002218,6,34.34,0.0,5.0,Toys,Conakri,CARD,33.0,Male,New,August,197.08
ORD008174,4,44.41,5.0,6.0,Clothing,Conakry,Cash,8.0,Female,Returning,November,181.81
ORD007954,6,12.97,25.0,4.0,Book,BOKE,Card,28.0,FEMALE,Returing,December,59.73
ORD007462,6,10.39,0.0,6.0,Beauty,Kindia,Cash,16.0,Male,Returing,October,57.92
ORD009420,3,55.41,10.0,7.0,Beuty, Conakri ,,16.0,M,Returning,November,146.88
ORD007080,3,79.89,,2.0,Clothing,Labe,Card,39.0,Female,NEW,March,234.84
ORD006443,5,29.1,0.0,3.0,BOOKS,CONAKRY,MOBILE MONEY ,35.0,Female,Returning,January,143.97
ORD004292,4,40.02,,5.0,Sport,boke,Card,38.0,Male,Returning,August,156.12
ORD004393,1,218.53,0.0,6.0,Sports,Conakry,Card,40.0,M,New,November,210.84
ORD005680,1,,5.0,7.0,Food,Conakry,Card,19.0,Female,New,January,18.84
ORD007697,4,153.1,0.0,,Cloting, CONAKRY ,mobile money,36.0,M,Returning,April,568.17
ORD003284,5,500000.0,10.0,7.0,Electronics,Boke,cash,33.0,Male,New,March,1905.36
ORD006446,4,27.89,15.0,7.0,TOYS,Kankan, Mobile Money ,32.0,Female,New,March,79.8
ORD007886,5,145.08,15.0,4.0, HOME ,CONAKRY,Cash,31.0,Male,New,March,622.54
ORD001232,5,30.57,0.0,4.0,BOOKS,Labe,CARD,180.0,Female,Returning,December,154.6
ORD009704,4,38.61,10.0,3.0,Toys,Nzerekore,Cash,30.0,Female,New,October,128.96
ORD003318,1,20.77,5.0,4.0,Food, Conakry,Mobile Money,33.0,Male,New,March,20.49
ORD007401,4,100.26,0.0,4.0,Clothing,Conakry,Mobile Money,38.0,Female,Returning,April,406.24
ORD004918,5,42.85,10.0,4.0,Beuty,Boke,Card,19.0,Male,Returning,October,186.76
ORD002951,7,19.58,0.0,3.0,Toys,Kankan,card,32.0,Male,New,August,150.4
ORD004556,2,113.04,10.0,5.0,Clothing,CONAKRY,Mobile Money,37.0,Male,New,February,196.45
ORD001302,3,152.72,5.0,5.0,home,Conakry,Card,43.0,Female,RETURNING,March,507.0
ORD002669,5,112.44,0.0,,Home,nzerekore,,35.0,female,New,November,514.85
ORD002536,1,99.29,,1.0,Home,Kankan,cash,30.0,female,New,June,90.83
ORD006242,3,139.1,0.0,5.0,Electronics ,Nzerekore,Card,,Male,Returning,April,426.59
ORD009195,6,48.88,0.0,2.0,Beauty,Kindia,Cash,34.0,Male,Returning,December,285.54
ORD009670,3,19.69,20.0,,Books,Boke,card,31.0,Male,New,February,48.65
ORD002425,7,87.44,0.0,7.0,SPORTS,kankan,Mobile Money,18.0,Female,Returning,October,662.86
ORD003984,7,37.35,,4.0,Toys,Labe,MobileMoney,23.0,Male,Returning,April,191.36
ORD008720,3,62.51,0.0,6.0,Clothing,Kindia,card,20.0,Male,New,October,178.9
ORD000155,4,24.1,0.0,3.0,Food,Kindia,Mobile Money,23.0,Male,New,October,112.94
ORD008216,7,34.96,0.0,-8.0,toys,Kankan,Mobile Money,37.0,Male,New,September,226.32
ORD007056,5,75.69,0.0,6.0,Beauty,Conakry,Card,32.0,Female,New,February,354.65
ORD001335,5,197.39,25.0,4.0,Electronics,Kankan,Credit Card,35.0,Female,Returning,February,769.83
ORD006863,6,23.98,0.0,4.0,Books,Conakry,Mobile Money,36.0,Male,Returning,January,151.3
ORD007374,3,35.87,0.0,6.0,Beauty,kindia,Card,19.0,Male,New,February,118.75
ORD009487,5,59.29,0.0,3.0,Beauty,Conakry,Mobile Money,40.0,Male,Returing,December,304.98
ORD002941,5,123.15,,4.0,Home,Labe,Cash,23.0,Male,New,March,626.28
ORD004476,8,76.48,10.0,-6.0,CLOTHING,Kankan,Cash,28.0,Male,Returning,May,456.65
ORD007281,3,41.95,15.0,5.0,Toys,Kindia,,37.0,Male,New,July,113.27
ORD005641,5,151.66,15.0,,Electronics,Kankan,Card,47.0,Male,New,February,521.08
ORD001904,3,25.74,10.0,1.0,Books,KINDIA,Cash,59.0,Female,New,April,58.81
ORD006735,2,20.73,15.0,7.0,Food,Kindia,Mobile Money,8.0,Female,New,August,35.24
ORD004418,6,75.06,0.0,6.0,Home,Conakry,Card,21.0,Male,New,February,429.17
ORD002846,3,36.19,10.0,4.0,TOYS, KINDIA ,Cash,43.0,Female,New,December,94.55
ORD008622,6,84.99,0.0,-8.0,Clothing,Conakry,Mobile Money ,,Male,Returning,June,496.36
ORD006383,8,,0.0,4.0, Beuty ,Conakry,Cash,26.0,Female,returning,February,277.04
ORD008481,2,6.53,0.0,5.0, Books ,Kindia,Cash,180.0,Female,New,November,14.21
ORD004679,4,,0.0,,Books,Conakry,cash,31.0,Female,NEW,October,134.45
ORD002897,3,40.75,20.0,4.0,Home,KANKAN,CARD,,Male,NEW,March,91.05
ORD006695,5,340.89,0.0,-8.0,Electronic,Conakry,MOBILE MONEY,28.0,Female,Returning,June,1710.03
ORD003273,2,13.56,0.0,7.0,Books,Boke,Card,37.0,Female,New,August,29.2
ORD004943,2,,0.0,7.0,Toys,Conakry,CARD,22.0,Female,New,December,122.03
ORD008129,2,90.38,0.0,6.0,Clothing,Conakry,Credit Card,20.0,Female,New,December,178.29
ORD009334,5,-40.0,10.0,3.0,Book,Boke,CARD,34.0,Male,New,July,114.24
ORD005275,2,385.67,0.0,3.0,Electronics,boke,cash,28.0,Female,RETURNING,June,843.9
ORD000450,4,27.33,,3.0,FOOD,Conakry,,40.0,Female,new,July,94.9
ORD009613,3,12.41,0.0,,Food,Boke,Card,33.0,Male,New,July,38.5
ORD004450,2,420.01,0.0,6.0,Electronics,Conakry,Card,40.0,MALE,New,May,877.18
ORD001683,2,106.08,0.0,1.0,Home,Kindia,MobileMoney,35.0,Male,New,December,210.16
ORD005825,3,,5.0,5.0,Electronics,Conakri,Mobile Money,28.0,Male,new,November,1352.74
ORD008973,1,21.39,-20.0,7.0,Toys,Kankan,Mobile Money,37.0,Female,Returning,May,22.06
ORD006653,5,10.99,15.0,4.0,Food,Conakri,,25.0,Male,new,November,47.9
ORD003112,3,201.93,0.0,2.0, Home ,Kindia,,16.0,male,New,November,596.77
ORD003561,6,11.19,0.0,1.0,BOOKS,Conakry,MobileMoney,24.0,Female,Returning,February,69.18
ORD003776,4,348.9,10.0,6.0,Electronics,Labe,Cash,36.0,Female,New,June,1332.73
ORD003204,1,18.61,0.0,2.0,Food,Boke,Cash,16.0,Female,Returing,April,18.85
ORD002283,6,46.21,5.0,7.0,Beauty,Labe,Cash,43.0,Female,NEW,June,223.69
ORD000076,4,167.19,0.0,4.0,Sports,Conakry,Mobile Money ,39.0,Female,New,April,619.42
ORD005442,2,12.62,0.0,4.0,FOOD,Labe,Card,25.0,Female,Returning,June,26.57
ORD000877,4,100.39,0.0,5.0,Home,Nzerekore,Credit Card,33.0,Male,Returning,November,375.38
ORD003894,1,396.61,0.0,4.0,Electronics,Labe,,31.0,Male,New,September,375.42
ORD007188,3,11.3,0.0,1.0,Food,Labe,MOBILE MONEY,18.0,F,New,January,31.55
ORD003654,4,46.17,0.0,4.0,BEAUTY,CONAKRY,Credit Card,25.0,Female,Returning,July,196.1
ORD005532,3,78.23,20.0,6.0,Beauty,Conakry,MobileMoney,34.0,Male,Returning,November,199.64
ORD005985,3,107.0,15.0,5.0,Clothing,Conakry,Mobile Money,16.0,Female,Returing,April,298.84
ORD004984,6,16.7,5.0,4.0,Food,Boke,Mobile Money,26.0,Female,Returning,April,91.66
ORD006496,6,,15.0,,Books ,Kankan,Mobile Money,34.0,Male,New,March,4.37
ORD007437,3,,15.0,5.0,HOME,Labe,Cash,43.0,male,RETURNING,January,189.95
ORD001876,4,20.24,0.0,6.0,Books,Kankan,Mobile Money,30.0,Male,New,September,86.72
ORD004446,8,179.37,20.0,7.0,Home,Boke,Cash,42.0,Female,Returning,April,1218.64
ORD008545,2,59.87,0.0,7.0,Clothing,Conakry,Mobile Money,24.0,Female,New,December,98.99
ORD002910,4,92.09,15.0,2.0,Sports,Kankan,Mobile Money,45.0,FEMALE,New,September,281.35
ORD003223,5,28.42,10.0,5.0,Books, Conakry,Cash,27.0,Male,New,April,136.01
ORD007968,5,15.88,5.0,3.0,Food,Kankan,MobileMoney,32.0,Female,Returning,October,71.96
ORD003553,3,362.48,0.0,4.0,ELECTRONICS,Boke,,43.0,Male,Returing,August,946.91
ORD001569,1,8.45,0.0,6.0,Foood,Kankan,Mobile Money,23.0,F,New,December,9.78
ORD004328,4,104.43,30.0,3.0,Sports,Conakry,MOBILE MONEY ,35.0,Male,New,November,284.63
ORD003360,2,25.78,5.0,5.0,Beauty,Kindia,Cash,49.0,Male,New,June,48.7
ORD001198,2,12.44,20.0,6.0,Food,Labe,Mobile Money,43.0,Female,Returning,January,17.81
ORD007040,1,73.58,0.0,8.0,Beauty,conakry,Mobile Money,,Female,Returing,June,78.89
ORD005377,3,15.87,10.0,-8.0,Books,Kindia,MobileMoney,21.0,Male,New,March,49.91
ORD004333,3,44.84,0.0,3.0,Beauty,Labe,mobile money,23.0,Female,New,October,133.19
ORD007874,5,24.02,0.0,4.0,SPORTS,Nzerekore,CASH,31.0,Female,Returning,November,121.99
ORD009633,7,245.04,0.0,8.0,ELECTRONICS,nzerekore,Mobile Money,16.0,Female,Returing,July,1573.97
ORD000349,4,29.03,25.0,4.0,Beauty,Kankan,MOBILE MONEY,35.0,Female,New,November,89.24
ORD002416,7,99.29,0.0,7.0,Sports,Labe,Card,35.0,Female,New,September,680.59
ORD004343,3,,30.0,4.0,Sports,Kindia,Mobile Money,43.0,Female,Returning,December,271.86
ORD008957,3,23.76,0.0,1.0,Toys,Conakry,,36.0,female,Returning,July,78.98
ORD009578,4,49.32,0.0,,Cloting,Kankan,Mobile Money,21.0,Male,New,October,221.46
ORD004180,4,78.83,0.0,5.0,Clothing,KINDIA,Cash,49.0,Female,Returning,April,326.42
ORD001858,3,39.12,0.0,1.0,toys, Conakry,Cash,,Male,New,December,120.4
ORD007147,4,91.85,0.0,5.0,Home,Kankan,Cash,47.0,Male,Returning,March,365.25
ORD005018,8,189.54,0.0,3.0,Home,Labé,Cash,42.0,Female,Returning,February,1491.33
ORD003311,6,23.11,0.0,6.0,Books,Kindia ,Card,34.0,FEMALE,Returning,August,145.44
ORD002194,5,109.69,0.0,5.0,Home,N'Zerekore,Card,26.0,Female,Returning,December,519.61
ORD008255,3,149.31,0.0,4.0,Electronics,Kankan,Cash,50.0,Female,New,May,382.7
ORD004665,4,17.61,25.0,8.0,Books,kankan,Cash,26.0,Male,Returning,May,55.28
ORD007895,4,35.97,,6.0,Clothing,Kindia,Cash,41.0,Female,New,November,163.51
ORD006213,4,20.26,0.0,4.0,FOOD,CONAKRY,Cash Payment ,23.0,Male,Returning,April,85.86
ORD002747,250,11.51,15.0,5.0,Books,Kindia,Mobile Money,32.0,MALE,Returning,April,26.96
ORD000780,3,24.41,10.0,5.0,Beauty,Labe,Cash,29.0,Female,Returning,June,60.47
ORD006217,8,82.51,15.0,10.0,sports,Conakry,Card,29.0,Female,New,August,575.57
ORD009239,4,,0.0,4.0,Toys,Conakry,Card,39.0,Female,NEW,October,101.24
ORD008179,1,56.06,20.0,7.0,Cloting,Boke,Mobile Money,22.0,Female,Returning,August,46.57
ORD001932,7,,5.0,4.0,Beauty,BOKE,Cash,25.0,Male,Returning,June,339.8
ORD000856,8,79.54,0.0,5.0,Beauty,Conakry,Mobile Money,23.0,MALE,New,April,624.94
ORD009515,4,15.6,0.0,5.0,FOOD,Labe,Cash Payment,31.0,Male,New,January,58.07
ORD001671,3,58.61,5.0,,Sports,Kankan ,MobileMoney,53.0,Male,New,June,183.1
ORD004561,1,40.66,0.0,6.0,BOOKS,Kankan,Card,34.0,F,New,January,39.2
ORD009617,4,14.7,10.0,6.0,Beuty,Nzerekore,MOBILE MONEY,30.0,Female,Returning,August,47.6
ORD006912,4,77.8,0.0,6.0,Clothing,Boke,Card ,33.0,Female,New,August,313.64
ORD002094,8,92.31,10.0,7.0,Clothing,Nzerekore,Cash,25.0,Male,Returning,October,686.25
ORD006963,2,212.35,5.0,4.0,Hom,Conakry,,23.0,Female,Returning,November,404.06
ORD000452,1,46.4,10.0,4.0,HOME,Kindia,Cash,32.0,Female,New,April,40.56
ORD002407,3,170.3,10.0,5.0,Home,Conakry,MobileMoney,33.0,Male,RETURNING,July,443.32
ORD008693,9,94.6,10.0,4.0,Hom,KANKAN,Cash,17.0,Female,New,March,775.96
ORD006962,3,419.63,0.0,5.0,Eletronics,Boke,Cash,35.0,Female,Returning,May,1259.25
ORD006833,3,15.09,0.0,8.0,BOOKS,Labe,Card,26.0,Male,New,June,50.3
ORD007883,3,83.51,,3.0,Sports,Kindia,Cash,30.0,Female,New,December,268.46
ORD009498,4,191.07,0.0,4.0,Home,Boke,Card,24.0,Female,New,May,860.58
ORD005533,5,151.44,0.0,5.0,Home,Kankan,Cash ,32.0,Female,Returing,February,691.55
ORD007937,3,54.56,20.0,5.0,beauty,Conakry,Cash,21.0,Female,New,February,134.81
ORD005196,5,34.9,0.0,1.0,Books, Conakry ,Card,24.0,Male,NEW,March,171.29
ORD000897,5,37.83,0.0,5.0,Book,Conakry,Cash Payment,48.0,Male,Returing,August,213.88
ORD007223,2,40.99,30.0,3.0,Beauty,kankan,,-12.0,Female,New,June,60.89
ORD002688,3,93.06,25.0,,Clothing,Kankan,,40.0,Female,new,December,214.79
ORD002949,2,24.68,20.0,5.0,TOYS,labe,Cash,25.0,M,New,July,43.82
ORD001847,4,17.88,10.0,6.0,Foood, Conakry,CASH,21.0,Male,Returning,October,69.74
ORD004924,4,164.76,10.0,2.0,Hom,Kankan,Cash,27.0,Male,New,August,612.03
ORD000103,4,159.48,0.0,,Electronics ,Kindia,Cash,34.0,Female,New,November,613.49
ORD002297,6,12.66,10.0,,Foood,Nzerekore,mobile money,27.0,Female,Returning,June,64.83
ORD007901,6,38.9,0.0,8.0,Books,Kankan,Card,25.0,Female,Returning,April,227.8
ORD003682,5,26.59,250.0,5.0,TOYS,kankan,CASH,30.0,Female,new,February,136.2
ORD000763,3,18.68,,2.0,books,Kankan,Credit Card,47.0,Female,Returning,July,48.14
ORD001334,2,19.45,0.0,7.0,Toys,Labe,Card,,Male,Returning,December,34.96
ORD009163,2,76.54,10.0,4.0,Sports,NZEREKORE,Mobile Money,39.0,M,New,September,126.33
ORD001592,5,,0.0,6.0,Sports,Conakry,Card,32.0,Male,Returning,March,1081.78
ORD004460,2,23.17,30.0,3.0, Food ,Conakry,Card,42.0,Male,Returning,March,30.88
ORD003964,2,12.57,0.0,,BOOKS,Labe,Mobile Money,35.0,Male,Returning,January,28.14
ORD002585,4,16.49,0.0,4.0,Food,N'Zerekore,Mobile Money,38.0,Male,Returning,June,54.95
ORD008833,4,351.33,5.0,5.0,Electronics,N'Zerekore,card,16.0,Male,New,April,1520.85
ORD007088,4,127.26,5.0,-6.0,Sports,Conakry ,Card,20.0,Female,Returning,April,505.76
ORD005630,7,,0.0,,Books,BOKE,Cash,,Male,NEW,November,214.0
ORD007497,2,472.91,0.0,,Electronics,Kindia,Cash Payment,28.0,Male,Returing,December,1012.83
ORD000184,7,25.28,10.0,6.0,Foood, Conakry,MOBILE MONEY,33.0,Female,Returning,February,142.74
ORD006737,3,,0.0,7.0,Books,Labé ,Mobile Money,,Female,Returning,December,57.21
ORD002347,9,10.11,0.0,3.0,BOOKS,Nzerekore,Mobile Money,43.0,Male,Returning,January,93.13
ORD001229,5,124.12,20.0,5.0, HOME ,kindia,cash,30.0,Male,New,May,510.47
ORD000843,5,586.91,0.0,5.0,Electronics,Conakry,card,16.0,Male,RETURNING,February,3041.89
ORD001127,4,88.75,15.0,,home,Conakry,Cash,49.0,Female,Returning,February,312.11
ORD005655,4,,10.0,1.0,Food,Kindia,Card,28.0,Female,New,September,65.63
ORD007653,4,46.52,0.0,-8.0,Beuty,Kindia,card,29.0,Female,Returning,August,190.13
ORD000952,4,246.9,15.0,8.0,Electronics ,Nzerekore,Cash,,Female,Returning,January,899.47
ORD006528,2,50.51,0.0,6.0,Clothing,Conakry,Cash,,Female,New,October,106.18
ORD008241,-3,15.53,0.0,3.0,Books,Boke,Mobile Money,,Male,Returning,July,47.6
ORD006082,5,46.44,0.0,6.0,Beauty,boke,Card,29.0,Female,Returning,February,244.53
ORD003817,2,57.78,0.0,,TOYS,Labe,card,47.0,M,Returning,April,126.73
ORD003895,3,30.43,0.0,6.0,Cloting, Kindia ,Card,27.0,Male,New,July,94.9
ORD002421,4,33.3,,8.0,Books,Conakry,Cash,45.0,Male,Returning,June,144.42
ORD008010,4,273.66,0.0,4.0,Electronics,boke,Credit Card,19.0,Female,returning,August,1139.8
ORD006457,6,31.89,0.0,,Clothing,Kankan,Card,22.0,Female,New,December,198.03
ORD008205,2,48.55,0.0,7.0,Toys,Kindia,,27.0,Female,New,January,95.99
ORD006096,4,,0.0,5.0,Beauty,Nzerekore,Cash,18.0,FEMALE,New,June,192.19
ORD001131,4,13.88,25.0,,FOOD,kindia ,Mobile Money,24.0,F,New,November,35.14
ORD001261,8,47.51,,4.0,Clothing,conakry,Cash,37.0,Male,Returing,August,387.5
ORD008559,7,80.01,10.0,2.0,sports, Conakry,Cash,30.0,Male,Returning,January,499.23
ORD007422,3,51.78,20.0,8.0,beauty,Conakry,Cash,34.0,Female,RETURNING,May,120.0
ORD007026,8,38.56,15.0,4.0,toys,Boke,MOBILE MONEY,26.0,Female,New,October,247.09
ORD006977,2,42.44,5.0,5.0,Toys,Conakry,MobileMoney,47.0,Female,New,February,73.09
ORD005526,3,48.14,0.0,3.0,Books,Conakry, cash ,,male,New,June,156.52
ORD002289,3,10.96,15.0,5.0,Food,Conakry,Cash,40.0,M,Returning,August,27.45
ORD001741,10,133.77,0.0,4.0,Sport,Kindia,Card ,32.0,Female,New,July,1525.76
ORD002432,4,152.15,0.0,,home,Kankan,Card,40.0,Female,New,July,620.28
ORD006732,250,9.07,5.0,8.0,Food, nzerekore ,,31.0,Male,new,June,36.41
ORD006976,5,84.73,0.0,7.0,SPORTS,Conakry,Cash Payment,22.0,Female,RETURNING,June,463.5
ORD008459,5,120.03,0.0,10.0,Sports,Conakry,MobileMoney,16.0,Male,New,March,597.99
ORD002467,4,491.99,,3.0,Electronics,Conakri,Mobile Money,30.0,Male,new,May,1788.55
ORD008153,5,202.47,,4.0, Electronics ,kankan,Card,35.0,Male,Returning,July,914.47
ORD000904,6,,0.0,2.0,Home,Kindia,Credit Card,33.0,Male,New,May,489.75
ORD007955,6,18.26,0.0,1.0,Food,Conakry,Mobile Money,39.0,Male,New,January,109.57
ORD002951,7,19.58,0.0,3.0,Toys,Kankan,card,32.0,Male,New,August,150.4
ORD001997,6,42.59,0.0,4.0,Toys,KANKAN,Mobile Money,18.0,Male,New,August,270.88
ORD003067,7,19.23,15.0,3.0,Food,Labe,Card,25.0,MALE,New,November,100.1
ORD007156,1,31.46,-20.0,5.0,toys, Kindia ,Mobile Money,38.0,Female,new,April,23.65
ORD009034,3,44.85,5.0,4.0,Beauty,Conakry,Mobile Money,,Male,returning,October,134.95
ORD000388,8,-40.0,10.0,8.0,home,Conakry,Cash Payment ,51.0,Male,RETURNING,April,666.12
ORD006461,3,,0.0,6.0,Home,Kindia,card,8.0,Male,New,November,294.61
ORD003565,3,154.76,0.0,3.0,Home,Labe,Card,42.0,Female,Returning,April,482.28
ORD003271,3,214.93,-20.0,1.0,HOME,Conakry ,,38.0,Female,Returning,September,586.47
ORD008554,5,43.88,25.0,4.0,Beauty,Conakry,Credit Card,23.0,Male,New,September,173.67
ORD009635,3,22.84,0.0,2.0,Food,Boke,,30.0,Female,New,November,67.92
ORD002336,3,347.21,10.0,5.0,Electronics,KINDIA,Mobile Money,25.0,Male,New,July,922.65
ORD006651,4,79.93,0.0,5.0,Clothing,Conakry,,36.0,Female,New,December,356.94
ORD008379,1,44.68,25.0,,Toys,Conakry,Card,32.0,Female,Returning,February,33.91
ORD004056,1,80.18,0.0,7.0,sports,kankan,Credit Card,42.0,Female,New,January,68.05
ORD001474,5,108.92,0.0,5.0,Home,Kankan,Card,37.0,Male,New,October,577.26
ORD002576,1,48.65,15.0,3.0,Clothing,nzerekore,,33.0,Female,Returning,March,37.59
ORD002754,5,433.5,0.0,,Electronic,labe,Cash,40.0,Female,New,February,2202.82
ORD006766,5,52.79,0.0,3.0,Beauty,CONAKRY,Cash,,MALE,Returning,July,254.72
ORD008877,3,137.89,5.0,6.0,Home,Nzerekore,Card ,20.0,Female,New,November,398.35
ORD004381,6,15.87,0.0,7.0,Books,NZEREKORE,card,43.0,Female,New,September,105.58
ORD008823,5,34.09,0.0,2.0,Toys,kindia,Mobile Money,20.0,Male,Returning,February,173.79
ORD005798,5,10.68,0.0,5.0,Food,Labe,cash,,Female,RETURNING,May,48.51
ORD003773,4,210.94,0.0,5.0,Home ,Conakry,Cash,41.0,Female,New,May,725.67
ORD007578,3,17.06,0.0,4.0,Toys,Nzerekore,Mobile Money,23.0,Male,New,November,52.71
ORD000461,4,35.73,0.0,6.0,Beauty,Conakry,Cash,23.0,Female,RETURNING,June,135.62
ORD004097,3,61.96,25.0,6.0,Clothing,KANKAN,Mobile Money,22.0,Male,Returning,April,131.43
ORD001194,5,132.02,15.0,6.0,Home,nzerekore,Cash,,F,Returning,May,566.24
ORD002515,1,110.51,0.0,4.0,Cloting,Conakry,Mobile Money,18.0,Male,Returning,August,114.63
ORD000886,6,17.06,10.0,6.0,Books,Kindia,Mobile Money ,21.0,Female,New,November,80.29
ORD008321,1,9.32,0.0,3.0,Sport,Labe,Cash,17.0,Male,New,April,9.72
ORD004105,-3,399.93,30.0,4.0,Electronics ,boke,Mobile Money,34.0,Male,New,December,274.51
ORD003614,1,,5.0,4.0,Clothing, LABE , Cash ,22.0,Male,NEW,January,57.57
ORD000344,5,177.27,0.0,6.0,Electronics ,Boke,MOBILE MONEY,44.0,Female,Returning,August,1005.83
ORD009184,7,26.11,,6.0,Toy,Conakry,Card,,Female,Returing,November,182.58
ORD003781,2,9.16,0.0,6.0,Books,Kindia ,Card,20.0,Female,Returning,August,17.73
ORD002569,4,129.57,15.0,4.0,Sports,Conakry,Mobile Money,37.0,Male,Returning,March,451.85
ORD002200,6,321.57,10.0,5.0,Electronics,Kindia,Card,33.0,Male,New,August,1625.16
ORD002105,4,111.95,0.0,,SPORTS,Conakry,,43.0,Female,New,June,510.9
ORD005803,3,14.2,10.0,6.0,Beauty,Boke,Cash,23.0,F,New,May,37.47
ORD008412,2,371.6,10.0,5.0,Electronics,Kankan,Mobile Money,28.0,Male,Returning,June,733.7
ORD001778,2,426.1,10.0,4.0,Electronics,Boke,Cash,,Male,Returning,July,806.2
ORD005920,2,26.19,10.0,2.0,Food,Conakri,Mobile Money,41.0,Male,New,April,45.81
ORD008137,3,7.5,,3.0,Books,Labe,Mobile Money,53.0,Female,Returning,April,22.22
ORD000098,3,57.24,0.0,4.0,Clothing,kankan,Mobile Money,25.0,FEMALE,Returning,June,196.62
ORD005254,3,33.14,0.0,2.0,BEAUTY,kindia,Cash Payment,,Female,Returning,January,100.35
ORD005651,3,69.13,0.0,8.0,Clothing,Kankan,card,32.0,Male,Returning,November,213.78
ORD000315,2,117.99,0.0,1.0,Sports,Conakry,mobile money,39.0,Female,Returning,August,235.67
ORD005503,7,320.36,0.0,6.0,Electronics,Kankan,Card,30.0,female,New,January,1882.48
ORD003484,6,33.4,10.0,5.0,Toys,Conakry,Cash,43.0,Female,New,February,175.14
ORD008232,5,167.63,30.0,7.0,Home,Conakry,Cash,30.0,Male,New,July,534.13
ORD005587,4,,0.0,150.0,Clothing,Labe,Card,38.0,Male,New,May,85.98
ORD002601,4,12.02,10.0,7.0,beauty,Conakry,MobileMoney,28.0,Male,RETURNING,May,46.27
ORD005748,4,283.63,30.0,6.0,Electronics,Kindia,card,31.0,Male,Returning,October,792.74
ORD002588,4,,10.0,3.0,Food,Kindia,,20.0,MALE,Returning,May,49.59
ORD005069,5,15.13,0.0,4.0,FOOD,Nzerekore,Card,33.0,Male,New,July,73.32
ORD000325,3,19.2,5.0,3.0,Food,Conakry,Card,46.0,Female,NEW,October,59.08
ORD002412,2,174.83,10.0,5.0, Home ,Conakry,CASH,17.0,Female,New,June,325.35
ORD001697,250,94.19,0.0,5.0,Sports,Kindia,MOBILE MONEY,23.0,Female,New,October,299.74
ORD004371,2,118.54,0.0,5.0, Electronics , Conakry,cash,28.0,Female,Returning,August,224.3
ORD001391,4,389.45,0.0,6.0,Electronics,Conakry,Cash,30.0,Female,New,November,1570.64
ORD005647,6,32.28,0.0,2.0,Toys,Kankan,Cash Payment,,Male,Returning,November,208.17
ORD003784,7,239.48,25.0,1.0,Electronics,Kankan,Card,23.0,Female,New,January,1250.93
ORD007531,1,27.2,10.0,2.0,Books,Boke,Cash,37.0,Male,New,August,24.69
ORD009062,5,24.21,0.0,3.0,Books,nzerekore,Mobile Money,38.0,MALE,New,August,112.88
ORD005417,4,285.95,0.0,9.0,Electronics,Kankan,,56.0,male,Returning,November,1055.85
ORD000040,8,,15.0,6.0,beauty,boke,Cash,38.0,Female,NEW,December,279.77
ORD001325,6,31.12,0.0,2.0,Books,CONAKRY,Cash,180.0,FEMALE,New,March,185.55
ORD005603,4,95.06,0.0,,Home,Kindia,Card ,,Male,Returning,August,432.16
ORD008580,5,27.07,10.0,3.0,Food,Conakry,Card,,Female,Returing,March,121.08
ORD008103,3,128.27,0.0,5.0,Home,boke,MobileMoney,48.0,Male,New,May,392.47
ORD007753,6,19.23,10.0,7.0,Books,Kankan,Credit Card,21.0,Male,New,May,99.17
ORD007406,8,63.07,25.0,4.0,Toy,Conakry,Credit Card,19.0,Male,Returning,May,399.37
ORD005019,3,30.7,0.0,7.0,toys,CONAKRY,Card,28.0,Female,Returning,June,94.69
ORD005852,4,91.16,5.0,6.0,Sports,Kindia,Cash,46.0,Female,New,May,310.29
ORD002496,5,40.56,0.0,4.0,Toys,Labe,Card,45.0,male,Returning,January,226.73
ORD002206,5,29.26,0.0,4.0,Book,Boke,mobile money,32.0,FEMALE,New,May,147.94
ORD003733,5,,,9.0,Toy,Kindia,Mobile Money,24.0,Female,New,October,152.2
ORD006450,5,38.19,10.0,1.0,Beauty,Conakry,Card,17.0,Female,New,November,164.11
ORD003017,3,42.06,0.0,7.0,Clothing,Conakry,Card,28.0,Female,Returning,July,144.5
ORD002647,4,400.45,0.0,,Electronics,Conakry,Mobile Money,39.0,Female,Returning,February,1802.83
ORD000102,1,99.79,20.0,,Home,Conakry,Cash,43.0,Male,Returning,October,79.32
ORD001315,3,230.76,15.0,5.0,Sports,Conakry ,Card,40.0,Male,New,October,588.88
ORD003032,4,72.57,10.0,5.0,Toys,Conakri,Card,36.0,Male,Returning,March,247.66
ORD001441,5,49.15,0.0,2.0,Clothing,Kindia,Mobile Money,16.0,M,Returning,May,234.15
ORD009560,2,17.62,15.0,7.0,Books,Nzerekore,,16.0,Female,New,February,28.16
ORD008192,5,250.18,0.0,6.0,ELECTRONICS,Nzerekore,,24.0,FEMALE,RETURNING,July,1332.45
ORD007810,6,118.0,0.0,4.0,Home,Nzerekore,Mobile Money,36.0,Male,Returning,July,648.9
ORD007346,4,,0.0,-6.0,Beauty,Kindia,Card ,16.0,Female,Returning,April,130.83
ORD003361,1,,0.0,4.0,Beauty,Boke,Cash,32.0,Male,New,May,24.46
ORD008631,3,85.52,25.0,6.0,CLOTHING, Boke ,Mobile Money,43.0,Female,Returning,May,201.75
ORD003649,1,70.99,10.0,4.0,Clothing,Kankan,Mobile Money,16.0,female,New,October,65.62
ORD008829,4,34.18,0.0,4.0,Clothing,CONAKRY,CARD,29.0,M,New,November,142.44
ORD007962,1,24.98,10.0,2.0,Books,Conakry,Card,40.0,Female,Returning,May,23.53
ORD000221,2,387.48,0.0,4.0, Electronics ,Conakry,Card,16.0,Male,New,May,823.27
ORD005100,3,103.02,0.0,6.0,Sports,conakry,Mobile Money,23.0,Female,Returning,January,324.92
ORD002143,3,144.39,0.0,3.0,Sports, Conakri ,MOBILE MONEY,29.0,Male,New,October,432.96
ORD004911,6,117.69,0.0,8.0,Home ,Nzerekore,CARD,27.0,M,Returning,July,778.65
ORD001573,2,81.83,10.0,7.0,Home,Labe,Credit Card,35.0,Male,New,March,149.12
ORD001164,2,50.26,250.0,8.0,Beauty,Conakry,CASH,39.0,Male,New,August,99.41
ORD006803,3,79.28,0.0,,Cloting,Conakry,Mobile Money,49.0,Male,Returning,December,218.2
ORD004537,4,104.82,0.0,5.0,Clothing,kankan,card,45.0,Male,Returning,April,404.86
ORD003428,4,71.76,0.0,4.0,Toys,Conakry,Mobile Money,44.0,Male,Returning,October,335.44
ORD009444,3,21.55,0.0,3.0,toys,Labe,Card,41.0,Male,New,March,81.94
ORD000232,3,-40.0,0.0,3.0,Beauty,Conakry,Card,47.0,Male,Returning,November,28.94
ORD007854,5,71.68,20.0,6.0,Home,Kankan,,28.0,Male,New,May,279.2
ORD002199,3,9.92,20.0,4.0,food,Boke,Cash,35.0,Male,Returning,July,21.92
ORD006658,6,99.83,0.0,8.0,Clothing,Conakry,Card,46.0,female,NEW,April,600.01
ORD007772,6,75.77,5.0,3.0,Cloting,Kankan,Cash,30.0,Female,New,August,427.92
ORD009582,8,62.49,20.0,5.0,Clothing,Boke,Card,24.0,Male,Returning,October,421.48
ORD007530,4,43.58,10.0,4.0,Clothing,boke ,Cash,26.0,Female,RETURNING,July,154.26
ORD002879,4,-40.0,30.0,,Sports, Nzerekore ,CARD,29.0,Male,Returning,September,257.98
ORD008075,5,139.76,0.0,3.0,Home,Kankan,Credit Card,,Male,Returning,April,687.56
ORD003954,2,39.09,,1.0,TOYS,conakry,Cash,26.0,M,New,December,60.7
ORD007992,6,34.29,15.0,5.0,Toys,BOKE,Cash,,Male,New,July,153.42
ORD004244,2,,,5.0,Books,Nzerekore,Credit Card,24.0,Male,Returning,May,72.98
ORD003493,4,99.8,0.0,,Sports,Kindia,,34.0,Male,Returning,December,424.52
ORD000540,5,78.66,0.0,1.0,Cloting,Conakry,Cash,16.0,Male,New,October,411.91
ORD000684,4,10.67,0.0,4.0,Books,Labe,Credit Card,30.0,Female,Returning,July,49.01
ORD001629,2,99.57,15.0,,Clothing,boke,Mobile Money,20.0,FEMALE,New,September,186.94
ORD007627,3,309.81,0.0,5.0,Electronics,kindia,Cash,27.0,Male,Returning,December,823.06
ORD001285,4,99.23,0.0,3.0,Home,KANKAN,CARD,34.0,Female,returning,December,464.14
ORD005781,6,10.63,0.0,7.0,Food,labe,Card,25.0,Female,Returning,March,66.02
ORD004688,3,-40.0,10.0,5.0,Home,Boke ,Card,28.0,Female,New,June,237.04
ORD002360,3,,,2.0,Beauty,BOKE,Card,24.0,Female,New,April,102.63
ORD007169,4,227.55,20.0,7.0,Electronics ,Boke,,8.0,MALE,Returning,November,664.35
ORD006255,5,,15.0,8.0,Toys,Kindia,Mobile Money,31.0,Male,Returning,October,125.91
ORD002316,5,28.74,0.0,6.0, Books ,Kindia,Cash Payment,22.0,Male,New,August,148.24
ORD008880,3,31.95,25.0,3.0,Toy, LABE ,Cash Payment,22.0,female,New,May,76.36
ORD007185,6,107.65,10.0,4.0,Sports,Boke,Cash,23.0,Male,Returning,May,536.11
ORD003775,4,32.07,5.0,6.0,Toys,Kindia,mobile money,39.0,Male,New,October,121.75
ORD004467,3,28.34,0.0,2.0,Books,Kindia, cash ,27.0,Male,Returning,December,88.01
ORD005990,3,103.14,10.0,7.0,Home,Boke,Cash,32.0,Male,New,July,261.98
ORD008327,4,16.76,5.0,2.0,Toy,Boke,mobile money,32.0,M,New,January,55.58
ORD000162,5,43.15,15.0,6.0,Beauty,Boke,Mobile Money,55.0,Female,RETURNING,May,189.16
ORD008750,3,96.9,0.0,4.0,Beauty,Conakry,Cash Payment,,Male,Returing,May,318.57
ORD006200,4,81.33,0.0,5.0,Beauty,Conakri,Cash,28.0,Female,New,May,300.59
ORD003156,3,24.25,0.0,3.0,Food,CONAKRY,Card,40.0,Male,New,June,70.59
ORD009651,4,15.98,10.0,6.0,Food, Conakry,Cash,22.0,Male,New,June,56.61
ORD008387,5,30.97,25.0,4.0,Toys,Kankan,CARD,35.0,Female,New,January,125.63
ORD001280,3,24.35,0.0,9.0,Beauty,conakry,Cash,16.0,Female,New,December,70.75
ORD008391,3,71.93,0.0,11.0,CLOTHING,kindia,Card ,51.0,Male,Returning,December,201.36
ORD003504,5,16.75,,4.0,Book,Kindia,Card,35.0,Female,Returning,September,76.53
ORD002387,3,144.75,5.0,,Home,Kindia,Cash,41.0,Male,Returning,November,366.39
ORD005408,3,,0.0,4.0,Electronics,Conakri ,Cash,23.0,Female,new,November,1406.35
ORD002517,4,9.64,5.0,2.0,Food,Kankan,Mobile Money,16.0,Male,new,March,35.57
ORD002793,3,48.11,0.0,6.0,TOYS,Conakry,Cash,16.0,Male,Returning,July,139.62
ORD000925,3,129.57,10.0,5.0,Clothing,conakry,Cash,40.0,Female,New,December,354.58
ORD007869,5,24.73,15.0,7.0,Beauty,KINDIA,Mobile Money,30.0,F,New,July,106.5
ORD004525,2,52.26,0.0,3.0,Clothing,Kankan,Card,26.0,Female,New,January,93.32
ORD007332,5,107.73,0.0,3.0,Sports,Boke,Mobile Money,29.0,Male,Returning,September,545.24
ORD000771,3,56.47,0.0,6.0,Beauty,Labe,Card,18.0,Male,Returning,March,157.74
ORD005846,5,254.01,0.0,6.0,Electronics,Boke,Cash,40.0,Female,Returning,November,1272.95
ORD005581,4,417.18,5.0,6.0,Electronics,Conakry,cash,36.0,Female,Returning,July,1705.99
ORD009569,4,65.81,5.0,6.0,Clothing, Nzerekore ,Mobile Money,35.0,Female,New,June,268.34
ORD004837,5,90.14,0.0,6.0,clothing,conakry,Cash,20.0,Female,Returning,December,466.49
ORD000696,7,29.35,0.0,5.0,Food,Conakry,Cash,36.0,Male,Returning,November,200.63
ORD002268,4,140.64,0.0,5.0,Home,KANKAN,Card,29.0,F,Returning,June,572.79
ORD003317,2,37.26,0.0,5.0,Beauty,NZEREKORE,Cash Payment,47.0,Male,New,May,84.48
ORD003932,5,21.57,5.0,6.0,Beauty,Kankan,Mobile Money,19.0,Female,Returning,April,96.74
ORD003214,9,126.69,0.0,5.0,Sports,Conakry,Cash,44.0,Male,New,August,1040.04
ORD004472,2,28.54,0.0,3.0,Toys,KINDIA,Mobile Money,16.0,Male,Returning,June,56.06
ORD001966,2,16.33,0.0,3.0,Toy,Kankan,Mobile Money,16.0,Male,New,December,33.26
ORD001220,4,14.59,5.0,,toys,Kindia,Card,30.0,Male,New,November,48.91
ORD004602,2,422.59,5.0,,Electronics,Conakri,Mobile Money,46.0,Male,new,July,918.22
ORD004565,1,442.45,15.0,7.0,Electronics,Kindia,mobile money,24.0,Female,Returning,February,370.37
ORD009559,3,81.51,5.0,7.0,Clothing,Boke,Cash,33.0,Female,Returning,May,222.39
ORD001936,3,73.65,0.0,4.0,Home,Nzerekore,CASH,26.0,Male,Returning,May,203.03
ORD003485,5,97.99,0.0,6.0,Home,nzerekore,Card,,FEMALE,New,August,517.39
ORD004325,2,136.33,10.0,4.0,Hom ,Kankan,Cash,24.0,Female,Returning,August,250.3
ORD003268,5,-40.0,0.0,2.0,Books, Conakry ,Mobile Money,32.0,Female,Returning,March,35.32
ORD004560,3,12.93,0.0,3.0,FOOD, Conakry,,23.0,Male,RETURNING,February,42.67
ORD002169,4,18.33,0.0,4.0,BOOKS,Nzerekore,Mobile Money,16.0,Female,New,July,72.5
ORD008430,1,124.45,0.0,4.0,Home,Conakry,Cash,21.0,Male,Returning,October,124.91
ORD007624,8,60.87,-20.0,6.0,Clothing,KANKAN,Card,54.0,Male,New,March,499.7
ORD004088,5,84.92,5.0,6.0,Home,kankan,Card,16.0,Male,Returning,October,405.35
ORD008380,2,43.62,10.0,4.0,Clothing,Kindia,Card,40.0,Female,New,October,77.17
ORD000063,3,82.54,10.0,7.0, Toys ,Conakry,,21.0,Female,new,April,219.46
ORD001374,3,41.41,25.0,3.0,Beauty,Conakry,Credit Card,47.0,Female,NEW,September,81.15
ORD009227,6,40.31,25.0,,Beauty,Conakry,mobile money,23.0,Male,New,January,172.24
ORD007334,3,296.88,,5.0,Electronics,Kankan,Mobile Money,30.0,Female,New,July,623.72
ORD009529,1,55.72,0.0,5.0,Toys,kindia,Cash,37.0,female,New,August,49.54
ORD008480,5,313.27,15.0,5.0,Electronics,Boke,cash,,F,New,March,1391.59
ORD002301,4,32.36,0.0,7.0,Book,Conakry,,37.0,Male,New,February,129.49
ORD002457,4,255.48,0.0,,Electronics,Kindia,Mobile Money ,35.0,Male,New,October,1060.03
ORD009401,2,401.82,0.0,4.0,Electronics,Conakri,Card,35.0,Female,New,November,892.32
ORD004763,3,226.56,0.0,3.0,Electronics,KINDIA,Mobile Money,34.0,Male,Returning,January,728.34
ORD008280,6,47.02,0.0,10.0,Beauty,Labe,Cash,46.0,female,Returning,October,284.73
ORD001376,8,17.37,0.0,5.0,Toy,Conakry, Cash Payment ,21.0,Male,New,October,136.64
ORD001815,5,54.78,15.0,2.0,Cloting,Conakri,Card,17.0,Female,NEW,December,229.75
ORD004765,3,18.18,5.0,6.0,Beauty,Kindia ,Card,44.0,Female,Returning,August,53.67
ORD001993,5,149.73,15.0,4.0,HOME,Kindia, Cash ,51.0,female,Returning,September,636.02
ORD007515,4,25.48,15.0,3.0,Beauty,Kindia, Cash ,,Female,New,April,85.53
ORD001170,2,30.89,0.0,2.0,books,Boke,MOBILE MONEY,46.0,Female,NEW,July,63.67
ORD008496,3,41.81,15.0,3.0,Clothing,Labe,Card,16.0,Male,Returning,May,111.63
ORD005761,1,21.04,,4.0,Electronics,kankan,Cash,8.0,Female,New,January,21.83
ORD006434,3,309.02,15.0,5.0, Electronics, Conakry,Cash,35.0,Female,Returing,March,835.19
ORD004509,4,362.03,30.0,4.0,Eletronics,labe,CARD,,M,New,June,901.4
ORD008885,250,15.5,0.0,4.0,Toys,boke,,,Female,new,December,65.5
ORD000671,4,39.11,10.0,6.0,Toy,Conakry,,38.0,female,New,October,117.37
ORD004732,4,274.24,,5.0,Electronics,Nzerekore,Card,28.0,Male,New,September,1174.99
ORD001758,5,228.36,0.0,2.0,Electronics,Conakry,Card,27.0,Female,Returning,April,1232.32
ORD001782,4,39.96,0.0,4.0,beauty,Labe,CASH,34.0,Female,Returning,February,181.63
ORD003983,2,212.6,0.0,7.0,Electronics,KINDIA,Cash,31.0,female,Returning,May,465.21
ORD009507,2,18.32,15.0,,FOOD,KINDIA,mobile money,26.0,Female,Returning,August,31.38
ORD008085,3,217.0,20.0,6.0,Home,Conakry,Cash,,female,NEW,April,533.75
ORD001225,4,15.58,0.0,4.0,Foood,Boke,Mobile Money,31.0,Male,returning,July,63.78
ORD002122,2,66.63,0.0,,Clothing,Boke, Mobile Money ,37.0,Female,New,November,130.24
ORD009145,5,103.43,15.0,1.0,Clothing,Conakry,Card,,FEMALE,New,April,545.26
ORD002790,5,540.1,10.0,4.0,Electronics,Conakry,Mobile Money,39.0,M,Returning,January,2126.49
ORD003022,3,32.02,20.0,6.0,Toys,Nzerekore,Mobile Money,50.0,Female,new,July,80.07
ORD005050,4,88.52,0.0,,Home,Nzerekore,CARD,18.0,Female,new,April,394.88
ORD007485,6,14.15,,5.0,Food,NZEREKORE,,35.0,Male,Returning,August,73.62
ORD008101,4,72.78,0.0,,Sports,KANKAN,Cash,32.0,Female,New,April,305.67
ORD000685,6,329.37,0.0,2.0, ELECTRONICS ,Kankan,MobileMoney,40.0,Female,New,November,1979.89
ORD006052,2,19.25,10.0,9.0,Toys,Nzerekore,Mobile Money,35.0,Female,New,September,29.69
ORD002038,4,397.12,10.0,3.0,Electronics,Conakry,card,8.0,Male,Returning,February,1647.14
ORD002874,6,106.77,5.0,2.0,Sports,Conakry,Cash,24.0,Female,returning,November,745.43
ORD006670,3,66.76,20.0,5.0,Clothing,kindia,Cash,27.0,Female,Returning,January,171.65
ORD000082,4,9.35,0.0,4.0,Books,Nzerekore,Card,16.0,Female,Returning,December,37.24
ORD007615,7,36.45,0.0,8.0,Toys,Conakri,Card,34.0,Male,New,November,243.18
ORD004664,5,23.47,0.0,2.0,Food,Conakry,card,43.0,Male,Returning,June,116.43
ORD003886,3,12.32,5.0,8.0,Food,kindia,,16.0,MALE,Returning,April,33.26
ORD009541,3,261.46,10.0,3.0,Electronics,Kankan,Card,32.0,Male,New,November,722.02
ORD009003,3,47.39,0.0,2.0,Toys,Labé,CASH,26.0,Female,returning,November,156.7
ORD001270,6,8.17,20.0,4.0,Books,Kankan,MobileMoney,28.0,F,New,March,38.55
ORD002303,4,96.56,0.0,5.0,Sports,Conakry,Mobile Money,34.0,Male,New,July,343.87
ORD004307,2,,0.0,3.0,Beauty,Kindia,mobile money,41.0,Male,New,March,98.24
ORD009055,5,12.69,15.0,4.0,Food,Nzerekore,Credit Card,40.0,M,Returning,January,53.81
ORD007983,3,-40.0,0.0,6.0,Beauty,Nzerekore,Card,33.0,Male,New,June,127.14
ORD005646,4,500000.0,15.0,2.0,Home,Labe,Cash Payment,16.0,Male,New,January,465.95
ORD001790,5,17.48,0.0,1.0,Toys,Labe,CASH,24.0,Female,Returning,August,91.92
ORD001434,3,68.36,0.0,,Sports,Kankan,Card,31.0,FEMALE,Returning,April,221.09
ORD000698,8,119.0,0.0,2.0,Sports,Kankan,Mobile Money,36.0,Male,RETURNING,March,854.84
ORD005339,3,238.29,15.0,6.0,electronics,Conakry,Cash,25.0,Female,Returning,August,647.98
ORD004808,4,29.49,15.0,3.0,TOYS,Kindia,Cash Payment,16.0,Male,New,March,95.01
ORD008909,5,55.93,0.0,6.0,Clothing,NZEREKORE,Cash,,Male,New,September,304.34
ORD007306,3,,5.0,2.0,Foood ,Conakry,Mobile Money,37.0,Female,Returning,December,44.33
ORD005422,4,86.7,5.0,4.0,clothing,Boke,,180.0,Male,Returning,April,334.59
ORD007023,6,14.36,0.0,4.0,Food,Boke,Cash,52.0,Male,Returning,April,86.78
ORD004280,3,105.37,20.0,1.0, Electronics ,Nzerekore,Card,41.0,Female,Returning,February,258.1
ORD005864,3,61.9,10.0,5.0,Beauty,Kankan,Cash,31.0,Female,Returning,January,155.39
ORD009350,3,131.23,0.0,5.0,Home,kindia,Mobile Money,43.0,Female,returning,April,391.35
ORD004595,2,35.15,15.0,2.0,Beauty,Kankan,Cash Payment,17.0,Female,Returning,June,53.86
ORD003314,4,20.17,0.0,5.0,Books,Conakry,Mobile Money,35.0,Female,New,July,80.74
ORD001969,3,12.45,5.0,6.0,Books,Kankan,Card,35.0,Female,New,April,35.55
ORD007780,3,41.28,0.0,1.0,Beauty,Kankan,Card,35.0,Female,Returning,May,114.47
ORD006585,5,42.22,20.0,1.0,BEAUTY,Conakry,,40.0,M,New,January,165.33
ORD006681,1,92.38,5.0,7.0,CLOTHING,Kindia,,16.0,Female,New,August,91.74
ORD001813,1,,,3.0,Electronics,Kindia,Mobile Money,36.0,Female,NEW,January,94.73
ORD009344,2,84.65,0.0,3.0,Sport, Boke ,Mobile Money,21.0,Male,Returning,February,183.25
ORD006545,2,319.12,,7.0,Electronics,Boke,Cash Payment,,Male,New,March,618.99
ORD000416,2,8.86,0.0,7.0,Food,nzerekore,Card,32.0,Male,New,June,17.29
ORD005918,4,59.96,15.0,5.0,TOYS,Kindia,Card,29.0,F,Returning,June,205.98
ORD006325,1,,5.0,4.0,Cloting,Kindia,Card,41.0,Male,Returning,December,51.51
ORD001087,2,17.31,25.0,,Books,Nzerekore ,,41.0,Male,Returning,February,26.34
ORD008266,4,,5.0,3.0,Books,Kindia,Card,25.0,Female,New,August,113.21
ORD007723,3,21.91,15.0,6.0, Toys ,Kankan,Card,33.0,Female,Returning,August,60.82
ORD000110,7,28.89,-20.0,5.0,Beauty,Boke,CARD,24.0,Female,Returning,September,162.22
ORD005047,2,42.73,0.0,4.0,beauty,Conakry,Mobile Money,27.0,MALE,Returning,November,82.26
ORD003686,3,81.43,5.0,4.0,Home,Conakry,Cash,34.0,Female,Returning,July,249.49
ORD002931,1,122.86,,1.0,Home,Boke,Mobile Money,37.0,MALE,Returning,March,110.76
ORD007566,3,89.5,5.0,5.0,Clothing, Conakry,cash,35.0,Female,New,January,321.82
ORD004383,6,93.75,15.0,3.0,Clothing,Labe,Cash,34.0,Male,Returning,November,471.98
ORD004273,3,96.2,20.0,7.0,Sport,Conakry,card,,Female,New,June,221.89
ORD003222,8,,10.0,,toys,Conakry,Credit Card,16.0,Male,New,October,376.89
ORD006743,3,30.06,0.0,5.0,clothing,Labe,Cash,180.0,female,New,April,97.15
ORD009429,3,18.82,20.0,1.0,Books,boke,Cash,35.0,Female,Returning,October,41.49
ORD008099,6,10.23,20.0,6.0,Food,kindia,cash,33.0,Female,New,November,46.08
ORD004401,4,26.87,0.0,6.0,Toys,Kindia,Card,30.0,Male,Returning,March,87.01
ORD004835,4,69.09,0.0,4.0,Home,Labe,Card,40.0,Female,New,May,239.55
ORD001707,3,428.83,0.0,10.0, Electronics ,Kankan,Card,,Male,Returing,April,1340.11
ORD001243,3,26.33,0.0,6.0,TOYS,kindia,Cash,27.0,Male,new,December,76.75
ORD009648,1,33.27,0.0,2.0,Books,Conakry,Mobile Money,24.0,Female,New,April,32.63
ORD003770,3,23.3,0.0,4.0,Books,Kankan,MOBILE MONEY,26.0,Female,New,January,69.3
ORD004829,3,45.27,0.0,2.0,Toys,Conakry,Cash,41.0,Female,Returning,June,135.06
ORD005333,6,14.08,0.0,,books,Kindia,,50.0,Female,Returning,September,89.29
ORD002162,2,9.48,10.0,6.0,Food,Conakry,Mobile Money,33.0,Male,New,September,19.5
ORD003461,1,6.56,10.0,7.0,Food,Nzerekore,Mobile Money,16.0,Female,Returning,April,5.26
ORD002668,2,24.61,0.0,5.0,Toy,N'Zerekore,,42.0,MALE,Returning,December,52.77
ORD004655,6,500000.0,5.0,3.0,Toy,conakry,Cash,40.0,Female,Returning,October,339.13
ORD007763,5,118.6,15.0,4.0,Home,Boke,Card,25.0,Female,New,February,496.64
ORD002293,4,47.3,15.0,6.0,BEAUTY,Kankan,Card,43.0,female,New,October,145.92
ORD005617,2,206.03,,6.0,Electronics,Kankan,Cash,18.0,FEMALE,RETURNING,December,414.3
ORD005716,1,84.64,0.0,-8.0,Beauty,Conakry,mobile money,26.0,MALE,New,July,74.88
ORD004007,5,,0.0,1.0,Food,Conakry,Cash,34.0,Male,New,May,76.65
ORD002055,8,,20.0,1.0,SPORTS,Boke,mobile money,16.0,Male,New,June,475.97
ORD003307,2,89.13,10.0,4.0,SPORTS,N'Zerekore,Credit Card,25.0,Male,Returning,March,174.4
ORD003292,2,46.83,0.0,,Toys,Conakry,Card,33.0,Female,New,August,93.55
ORD006783,3,40.96,0.0,3.0,Home,Boke,card,41.0,Female,new,February,109.47
ORD004549,5,,0.0,5.0,Eletronics,Conakry, Mobile Money ,16.0,Male,New,November,2521.59
ORD000365,2,30.32,0.0,3.0,Toys,Nzerekore,Cash,29.0,Male,New,August,62.03
ORD005325,3,39.5,5.0,6.0,toys, labe ,Mobile Money,35.0,Male,New,June,111.08
ORD005656,7,15.08,,,Food,Conakry,Cash,26.0,Male,New,May,104.1
ORD007428,3,25.36,0.0,4.0,Food,Conakry,,38.0,Male,Returning,June,89.41
ORD006973,2,69.51,0.0,9.0,Clothing,Boke,Cash,24.0,Male,New,January,146.44
ORD008741,5,36.8,0.0,4.0,beauty,Labe,CARD,22.0,Male,New,June,176.29
ORD002837,3,9.7,5.0,7.0,Beauty,Nzerekore ,CASH,57.0,Male,Returning,March,27.56
ORD003914,4,177.18,0.0,2.0,Sport,Conakri, Card ,17.0,Male,Returning,March,792.53
ORD005420,6,117.78,0.0,4.0,home,Conakry,Cash,37.0,male,New,March,760.15
ORD003572,3,55.85,5.0,3.0,Toys, Conakry,Mobile Money,39.0,Female,returning,November,148.52
ORD003245,2,115.92,0.0,7.0,Clothing,Conakry,Card,20.0,Male,New,March,253.86
ORD003243,5,105.76,0.0,3.0,Home,Boke,Cash,16.0,Male,New,March,562.18
ORD001122,2,32.7,0.0,,Beauty,Kindia,Card,47.0,FEMALE,Returning,March,57.21
ORD008386,2,228.57,0.0,5.0,Electronics,Kindia,CARD,17.0,Female,Returning,February,470.33
ORD006049,3,72.97,20.0,1.0,home,KANKAN,Credit Card,37.0,Male,New,September,167.05
ORD005904,3,62.08,0.0,4.0,beauty,Labe,Mobile Money ,50.0,Female,new,December,198.5
ORD005943,4,34.38,10.0,3.0,beauty,Conakri,CARD,21.0,Female,New,April,147.5
ORD008592,6,48.58,0.0,3.0,Toys,Conakry,,36.0,Male,New,December,285.85
ORD000542,4,18.2,20.0,2.0,books,Conakry,mobile money,31.0,Male,New,August,60.54
ORD003783,250,43.64,0.0,3.0,TOYS,Conakry,Card,32.0,Female,New,December,228.8
ORD002422,4,28.42,10.0,6.0,Toys,Nzerekore,Card,32.0,Female,Returning,June,113.47
ORD001684,5,43.69,20.0,4.0,Clothing,NZEREKORE,,,Female,NEW,November,185.62
ORD007667,4,57.8,0.0,,Toys,conakry,Cash,16.0,Female,returning,May,227.91
ORD000588,4,86.13,10.0,7.0,Sports,Boke,MobileMoney,,Male,New,July,302.39
ORD007949,6,69.28,25.0,3.0,sports,Conakry,Cash,37.0,Female,Returing,March,258.72
ORD000512,1,20.89,0.0,4.0,Foood,Kindia,,26.0,Male,Returning,November,20.74
ORD000800,3,25.18,15.0,5.0,Food,Kindia,Mobile Money,28.0,Male,New,March,68.02
ORD008538,6,18.49,30.0,150.0,Books,Kindia,Mobile Money,28.0,Female,Returning,June,94.25
ORD000679,2,53.68,20.0,3.0,Beauty,Kindia,,28.0,Male,New,December,91.18
ORD002368,4,138.92,0.0,4.0,Home,Conakri,MOBILE MONEY,35.0,Female,Returing,June,625.23
ORD009570,4,22.7,10.0,6.0,Food,Conakry,Cash,27.0,Female,New,October,70.23
ORD005441,3,184.47,,2.0,Electronics,Nzerekore,Cash,49.0,Male,New,June,619.32
ORD000902,6,45.72,0.0,3.0,Beauty,Boke,Mobile Money,,Female,New,June,257.02
ORD006846,4,32.72,0.0,,Toys,Kankan,Cash,37.0,M,NEW,August,122.45
ORD006051,3,79.68,0.0,2.0,sports,Kindia,Card,,Female,Returning,February,243.37
ORD000460,7,23.06,10.0,3.0,Books,Kindia,Cash,18.0,Male,Returning,August,149.36
ORD000755,2,94.75,0.0,5.0,Clothing,conakry,Card,41.0,Male,Returing,September,165.02
ORD001495,6,58.57,10.0,6.0,Clothing,Kindia,MobileMoney,36.0,Male,New,October,294.49
ORD006241,3,,0.0,2.0,Beauty,Conakry,CASH,51.0,M,New,June,212.8
ORD001512,250,,15.0,,Clothing, Conakry, Cash ,29.0,Male,New,June,357.43
ORD007352,4,38.59,0.0,6.0,Beauty,Boke,Cash Payment,29.0,Female,New,July,134.23
ORD007477,4,112.18,15.0,6.0,HOME,Conakry,Card,42.0,Female,Returning,November,379.21
ORD002921,8,58.19,20.0,8.0, Beauty ,Conakry,Mobile Money,24.0,FEMALE,Returning,February,340.54
ORD001464,5,188.94,0.0,6.0,Home,Boke,Mobile Money,41.0,Male,Returning,January,958.28
ORD004543,5,66.65,0.0,5.0,Clothing,Labe,card,,Female,New,October,346.47
ORD001242,2,315.51,0.0,6.0,Electronics,Conakry,,30.0,Female,New,December,553.57
ORD005154,3,17.37,0.0,150.0,Home,Conakry,,31.0,Male,Returning,September,52.3
ORD003196,5,143.19,0.0,3.0,Sports,Conakri,Cash,39.0,Male,Returning,August,741.25
ORD008941,5,,30.0,5.0,Home,Conakry,Cash,27.0,Female,New,April,561.86
ORD007287,7,,,2.0, sports ,boke,MobileMoney,42.0,Male,New,December,637.7
ORD009690,3,25.15,0.0,4.0,Books,conakry,Mobile Money,41.0,F,Returning,January,75.12
ORD008420,7,50.07,,6.0,clothing,Nzerekore,,39.0,FEMALE,new,October,389.52
ORD007259,5,78.36,0.0,1.0,Clothing,Conakry,Cash,25.0,Male,Returning,April,348.96
ORD005785,4,26.48,,2.0,Food,Conakry ,Card,36.0,Female,Returning,June,106.5
ORD006581,4,,10.0,,Home,CONAKRY,Mobile Money,16.0,MALE,Returning,September,475.91
ORD001740,3,,5.0,5.0,Electronics,Conakry,Mobile Money,23.0,Female,Returning,September,1164.15
ORD008184,1,37.02,0.0,5.0,Beauty,Boke,Cash ,31.0,Male,Returning,October,38.62
ORD000267,3,26.43,0.0,, Books ,Conakry,cash,16.0,Male,RETURNING,March,72.1
ORD005151,5,11.51,0.0,,Books,Nzerekore,Cash,8.0,Female,Returning,May,55.7
ORD004010,5,349.23,25.0,3.0,Electronics,Conakry,Mobile Money,47.0,Male,New,April,1321.48
ORD008931,3,95.79,10.0,6.0,Home,Labé,Mobile Money,21.0,Male,New,November,243.15
ORD006566,2,94.9,0.0,5.0,Sports,Boke,CASH,41.0,Female,New,April,185.23
ORD001539,5,15.79,,2.0,Food,Kankan,MOBILE MONEY ,40.0,Male,Returning,May,74.4
ORD003364,8,54.17,0.0,,Beauty,Conakry,Cash,,Female,New,September,453.23
ORD005120,3,16.35,0.0,6.0,Food,Boke,Card,30.0,Female,returning,November,47.38
ORD009576,1,85.48,0.0,7.0,Cloting,boke,Cash Payment,16.0,Female,Returning,April,77.31
ORD005475,4,39.13,15.0,6.0,Books,Kindia,,37.0,Female,New,February,127.77
ORD007049,5,242.74,0.0,,Electronics,Conakry,Mobile Money,180.0,F,New,February,1235.51
ORD007633,2,88.21,0.0,5.0,Home,Kindia,Card,17.0,Female,New,August,149.63
ORD007990,3,37.5,0.0,,Toys,Conakry,,30.0,Male,NEW,May,117.63
ORD006272,7,561.38,250.0,5.0,Electronics,CONAKRY,Cash,28.0,Female,Returning,April,3863.79
ORD001509,2,44.14,0.0,8.0,clothing,Kindia, Mobile Money ,34.0,Male,New,December,78.04
ORD004027,5,16.06,,3.0,books,Kankan,,31.0,MALE,New,August,54.08
ORD001171,4,23.25,0.0,4.0,TOYS,Kindia,Mobile Money,35.0,Male,Returning,May,85.63
ORD009484,5,320.91,25.0,4.0,Electronics,Labe,Card,30.0,Female,New,July,1249.56
ORD008914,5,33.12,5.0,3.0,Foood,Conakry,Cash,21.0,Male,returning,September,146.23
ORD002916,3,25.86,,7.0,Beauty, Kindia ,Mobile Money,41.0,Female,New,March,75.3
ORD002716,4,85.86,0.0,7.0,Toys,Conakry, Mobile Money ,43.0,female,RETURNING,July,382.75
ORD005481,4,138.51,0.0,3.0,home,Kankan,mobile money,16.0,Female,New,December,585.05
ORD008797,1,8.12,25.0,6.0,FOOD,kindia,Mobile Money,40.0,Female,New,February,6.33
ORD003456,4,32.22,0.0,6.0,Books, Conakry,mobile money,50.0,Male,New,January,127.79
ORD006413,3,34.1,0.0,3.0,Book,Conakry,Cash,26.0,female,NEW,December,110.17
ORD007676,2,74.8,0.0,4.0,Clothing,Labe,CASH,18.0,Male,New,August,153.69
ORD005218,2,46.55,0.0,9.0,Beauty,Kindia,Mobile Money,,Male,Returning,December,96.32
ORD000396,3,8.0,25.0,7.0, Books ,Conakry,,16.0,F,New,October,18.49
ORD006311,7,,-20.0,8.0,Clothing,NZEREKORE,,33.0,Male,New,August,342.74
ORD003341,5,2.34,0.0,6.0,Books,Labe,MobileMoney,32.0,Female,Returning,December,11.27
ORD007083,2,26.91,0.0,9.0,food,Conakry,Credit Card,17.0,Male,Returning,May,50.32
ORD007649,6,43.18,0.0,5.0,BEAUTY,kankan,CARD,30.0,Male,New,October,270.12
ORD002455,11,15.03,0.0,5.0,Beauty,Kindia,Cash,,female,New,November,181.93
ORD009409,2,25.05,0.0,3.0,Food,KINDIA,Card,46.0,M,New,November,53.23
ORD004822,4,201.66,0.0,2.0,Electronics,Nzerekore,Cash,18.0,Male,new,December,933.99
ORD001602,-3,103.23,10.0,5.0,SPORTS,Conakry,Cash,28.0,Male,New,May,77.83
ORD003726,5,56.45,10.0,4.0,clothing,Kankan,MOBILE MONEY,34.0,Male,New,May,257.75
ORD002291,5,54.46,0.0,5.0,Beuty,Boke,Card,16.0,Male,Returning,August,266.78
ORD007841,5,29.07,0.0,6.0,Toys,Kankan,,26.0,Male,Returning,October,139.14
ORD001676,4,399.09,5.0,7.0,Electronics,Conakry,Mobile Money,30.0,Male,New,January,1412.63
ORD000816,6,60.57,0.0,4.0,BEAUTY,CONAKRY,Card,25.0,Female,New,March,352.83
ORD005830,5,18.4,,3.0,Books,Kindia,Cash,36.0,Female,New,July,100.66
ORD001711,4,22.5,0.0,5.0,Clothing,Boke,Cash,56.0,Female,New,June,90.98
ORD004310,3,246.9,0.0,4.0,Electronics,Kankan,Mobile Money,24.0,Female,Returning,October,713.4
ORD001831,3,54.15,15.0,1.0,Beauty,Conakri, Card ,16.0,M,New,February,118.23
ORD003385,4,283.44,0.0,2.0,ELECTRONICS,conakry,Card,16.0,male,Returning,August,1236.6
ORD001035,6,13.43,0.0,3.0,Food,Labé,Mobile Money,21.0,Male,Returning,May,82.77
ORD003548,2,41.28,10.0,4.0,Beauty,Boke,,31.0,Female,Returning,May,81.7
ORD002330,4,40.35,20.0,7.0,Toys,Conakri,Mobile Money,44.0,Female,NEW,August,116.67
ORD004178,4,137.25,,4.0,Home,KANKAN,Cash,46.0,Female,Returning,April,474.66
ORD002785,6,24.88,30.0,4.0,Toys,Kankan,Card,38.0,Male,New,October,93.92
ORD005577,5,27.24,0.0,5.0,Books,Conakry,Card ,180.0,Male,New,April,127.88
ORD006567,-3,15.78,0.0,3.0,Food,CONAKRY,,34.0,Female,New,November,104.76
ORD009124,4,7.82,0.0,5.0,Toys,Conakry, Cash Payment ,34.0,Female,New,April,33.62
ORD004233,3,29.03,25.0,4.0,books, Conakry,Card,42.0,Female,Returning,December,66.59
ORD004463,5,41.63,0.0,3.0,Toys,Labe,Mobile Money,35.0,Female,new,March,238.96
ORD008025,6,,20.0,2.0,BEAUTY,Conakry,Card,8.0,Male,New,June,167.46
ORD009018,3,58.18,0.0,,Clothing,Boke,Card,21.0,Male,New,August,167.63
ORD000674,5,,15.0,,Clothing,Nzerekore,Cash,29.0,Female,Returning,September,295.55
ORD005560,1,35.26,,3.0,TOYS, Conakry,MOBILE MONEY,29.0,Male,New,July,27.42
ORD000378,3,32.13,0.0,6.0,Books,Kindia,Card,36.0,Male,Returning,January,112.44
ORD007863,7,94.39,-20.0,6.0,Clothing,Labe,Mobile Money,37.0,Male,New,June,655.85
ORD000751,6,12.91,,-6.0,Food,Nzerekore,mobile money,52.0,FEMALE,New,November,77.24
ORD006118,2,15.97,0.0,4.0,Toys,Kankan,Cash,34.0,Male,returning,April,34.95
ORD005194,3,23.16,0.0,,food,Kankan,Card,46.0,Male,New,February,65.98
ORD003842,4,32.33,10.0,6.0,Food,Boke,,39.0,Male,New,April,126.15
ORD009158,3,61.03,10.0,5.0,Beauty,Boke,MobileMoney,30.0,Female,Returning,November,166.29
ORD007965,7,164.76,15.0,8.0,Sports,Kindia,Mobile Money,24.0,Male,New,November,918.86
ORD002349,4,26.21,15.0,2.0,Books,Kindia,Card,41.0,Male,Returing,October,87.09
ORD005928,4,131.03,0.0,4.0,sports, Conakry,Mobile Money,48.0,MALE,Returning,January,470.23
ORD003778,3,16.4,10.0,4.0,Food,Kindia,Mobile Money,180.0,Female,New,February,41.74
ORD006907,4,45.75,5.0,6.0,Toys,Conakry,Mobile Money,49.0,Female,returning,May,158.28
ORD008197,5,26.68,10.0,1.0,beauty,Kankan,Cash,35.0,Male,Returning,May,148.09
ORD003588,2,,0.0,2.0,Clothing,Kankan,Mobile Money,29.0,female,New,December,71.13
ORD007959,6,290.48,10.0,4.0, Electronics,Kindia,Card,31.0,Male,New,March,1692.55
ORD007002,5,12.48,0.0,3.0,food,BOKE,Mobile Money,35.0,FEMALE,New,December,64.49
ORD007541,6,,0.0,8.0,Electronics,Conakri,Mobile Money,37.0,Female,New,May,2236.16
ORD007093,4,30.96,5.0,2.0,Toys, Boke ,Card,21.0,Male,Returning,November,123.71
ORD006368,6,13.87,5.0,7.0,Food,Kankan,Card,31.0,Female,Returning,June,86.08
ORD006888,4,101.08,0.0,4.0,Sports,Labe,Mobile Money,30.0,Male,Returning,August,471.21
ORD004892,4,135.94,,3.0,Home,Conakry,Cash,,MALE,RETURNING,May,491.39
ORD005286,3,59.12,5.0,,Clothing, Labe ,Cash,34.0,Male,New,December,155.65
ORD003321,3,23.85,15.0,4.0,Foood, Conakry ,Cash,34.0,FEMALE,New,March,57.11
ORD002401,5,102.75,0.0,3.0,Sports,Labe,card,20.0,Male,Returning,November,511.04
ORD000241,4,378.51,,4.0,Electronics,Conakry,Cash,16.0,Female,New,October,1471.04
ORD007081,5,3.9,10.0,5.0,Books,Labe,Card,42.0,Female,Returning,March,17.76
ORD003196,5,143.19,0.0,3.0,Sports,Conakri,Cash,39.0,Male,Returning,August,741.25
ORD002282,4,125.98,0.0,2.0,Home,Kindia,Card,21.0,Female,Returning,July,568.44
ORD002040,7,,0.0,3.0,Food,labe,Mobile Money,28.0,Female,New,June,65.62
ORD004663,1,20.48,0.0,6.0,Clothing, Kindia ,Card,,Female,NEW,December,18.77
ORD008525,3,39.18,0.0,6.0,Beauty,Kindia,Mobile Money,37.0,Female,New,December,126.85
ORD009580,5,6.1,0.0,5.0,Food,Labe,Cash,20.0,Male,New,April,27.3
ORD001345,7,,20.0,9.0,Food,KINDIA,Cash,23.0,Female,New,February,35.95
ORD003028,2,348.89,0.0,5.0,Electronics ,Nzerekore,Mobile Money,31.0,F,Returning,May,716.97
ORD008147,3,51.93,15.0,5.0,Sports,Conakry,,30.0,Male,Returning,August,156.23
ORD003758,4,29.76,0.0,8.0,Toys,Kankan,Cash Payment,18.0,Female,Returning,June,111.88
ORD005998,2,28.32,5.0,1.0,Beauty,nzerekore,MobileMoney,29.0,Female,NEW,July,48.77
ORD003791,3,12.83,0.0,4.0,Food,N'Zerekore,Card,21.0,Female,new,January,37.61
ORD008934,5,45.08,0.0,2.0,toys,labe,Card,29.0,Female,New,September,213.52
ORD004968,3,35.52,0.0,4.0,toys, Conakry ,Card,,Male,Returning,August,120.09
ORD000672,3,209.4,5.0,6.0,Home,Conakry,Cash,40.0,MALE,new,April,655.25
ORD005369,4,64.13,5.0,2.0,Toys,Conakry,Card ,22.0,Male,new,June,235.13
ORD004508,4,18.82,0.0,10.0,Food,Labe,Card,33.0,Male,New,June,79.61
ORD009210,4,442.1,0.0,,Electronics,Conakry,CARD,43.0,Male,New,August,1822.74
ORD006930,6,13.56,0.0,7.0, Food ,Labe,Mobile Money,36.0,Female,New,August,78.36
ORD001892,3,,0.0,9.0,Home,kindia,card ,16.0,male,Returning,January,382.77
ORD001145,-3,127.14,250.0,5.0,Electronics,N'Zerekore,mobile money,,Male,Returning,April,885.65
ORD000853,4,163.45,0.0,4.0,Sports,Conakry,Card,20.0,Male,New,March,640.44
ORD000446,4,12.01,10.0,7.0,Foood,Kindia,,49.0,Female,Returning,September,37.19
ORD006650,2,150.46,,8.0,Sports, Conakry,Mobile Money,24.0,Male,RETURNING,August,247.32
ORD006603,5,101.48,0.0,5.0,Sports,Conakry,cash,34.0,Female,New,February,469.57
ORD005979,6,394.34,15.0,1.0,Electronics,conakry,Card,39.0,Female,Returning,July,2115.23
ORD004594,2,219.68,15.0,3.0,Eletronics,Conakry,mobile money,16.0,Male,New,February,373.52
ORD000447,4,25.45,0.0,5.0,Toys,KINDIA,Mobile Money,16.0,Female,Returning,August,110.79
ORD004128,3,137.23,0.0,6.0,Hom,Labe,Mobile Money ,35.0,Male,New,June,403.57
ORD007975,4,13.58,0.0,3.0,Books,Kindia,Card,27.0,Male,Returning,August,60.13
ORD006621,3,12.15,0.0,8.0,Books, Nzerekore ,Card,31.0,Female,Returning,February,40.82
ORD006460,4,17.95,,3.0,Food,Conakry,mobile money,28.0,Male,Returning,February,59.67
ORD002265,4,204.53,10.0,5.0,Electronics,Labe,Cash,38.0,F,Returning,June,701.53
ORD008542,7,38.54,10.0,3.0,Toys,Labe,Card,,Female,New,November,233.25
ORD000478,5,83.63,30.0,8.0,Sports,Kindia,CASH,,Female,Returning,December,292.45
ORD005334,5,32.95,0.0,4.0,Toys,Boke,cash,23.0,Female,New,September,165.27
ORD000530,3,16.94,,3.0,FOOD,N'Zerekore,card,26.0,Male,New,March,48.84
ORD004650,3,53.51,,7.0,Sports,Nzerekore,Mobile Money,30.0,F,New,September,181.54
ORD005155,2,434.04,0.0,4.0,Electronics ,Conakry,CASH,17.0,Female,New,June,862.7
ORD004511,3,132.9,0.0,6.0,Home,NZEREKORE,Cash Payment,19.0,Female,New,December,392.01
ORD008303,5,10.61,0.0,2.0,TOYS,Kankan,Mobile Money ,32.0,F,Returning,October,51.1
ORD009573,4,85.23,20.0,8.0,Beuty,Conakry,Cash,35.0,Male,Returning,October,264.07
ORD000798,3,191.69,250.0,5.0, Home ,Nzerekore,Card,16.0,Female,Returning,September,556.56
ORD007981,5,370.75,5.0,7.0,ELECTRONICS,Conakry,Cash,21.0,M,New,April,1783.75
ORD007319,5,25.28,0.0,5.0,Books,Kankan,,36.0,Male,Returning,October,131.59
ORD003587,4,50.12,20.0,3.0,Beauty,Nzerekore,,41.0,Male,New,April,164.18
ORD004715,8,90.36,0.0,5.0,home,kankan,Mobile Money,40.0,Female,New,December,737.33
ORD001101,7,10.59,0.0,3.0,Food,Boke,Cash,43.0,Male,RETURNING,April,81.68
ORD006002,4,24.4,0.0,1.0,Clothing,Nzerekore,Mobile Money,51.0,Male,Returning,November,86.01
ORD008992,4,20.65,10.0,2.0,Hom,Nzerekore,card,30.0,male,New,April,71.75
ORD001219,7,10.42,0.0,4.0,Food,Nzerekore,Card,31.0,Female,Returning,June,64.73
ORD002232,5,25.17,30.0,4.0,Clothing,Nzerekore,CASH,52.0,Male,Returing,March,91.81
ORD004121,4,23.78,0.0,3.0,Books,Labe,Credit Card,,Male,Returning,January,102.24
ORD005026,2,486.43,10.0,4.0,Electronics,conakry,card,22.0,Female,New,June,870.14
ORD004580,1,49.01,0.0,4.0,Clothing,nzerekore,,29.0,M,Returning,March,54.89
ORD000014,2,-40.0,0.0,5.0,Books,Conakry,MOBILE MONEY ,28.0,Female,New,August,2.43
ORD008607,4,12.94,0.0,6.0,Food,KINDIA,Cash,24.0,Female,Returning,June,40.39
ORD009534,4,15.4,0.0,3.0,Food,KINDIA,Card,25.0,Female,Returning,August,61.95
ORD002435,4,10.85,0.0,1.0,Food,Kindia,Cash,26.0,Male,Returning,June,47.1
ORD006467,3,55.59,0.0,-8.0,Toy,Conakri,MobileMoney,30.0,Female,New,October,175.49
ORD002864,4,10.78,10.0,7.0,Beauty,KANKAN,Cash,39.0,Male,RETURNING,June,39.17
ORD000807,5,31.56,0.0,4.0,toys,nzerekore,Cash Payment,38.0,Male,New,May,152.18
ORD003193,4,1.49,0.0,2.0,Sports,BOKE,Mobile Money,16.0,Male,New,July,5.07
ORD001709,2,22.47,5.0,5.0,Books,Nzerekore,Mobile Money ,45.0,Female,Returning,November,43.76
ORD003774,4,35.61,0.0,3.0,Book,Kankan,Mobile Money,,female,New,May,132.28
ORD001907,3,500000.0,10.0,7.0,Beauty,Nzerekore,Card,34.0,Male,Returning,June,117.99
ORD000699,2,2.2,10.0,8.0,Books,Kankan,Cash,37.0,Male,New,April,4.16
ORD007499,6,1.95,0.0,5.0,Food,Conakry,Card,,FEMALE,Returning,July,12.63
ORD008128,7,99.68,0.0,2.0,Sports,Nzerekore,CARD,25.0,Female,New,June,680.65
ORD000714,5,36.34,5.0,4.0,Beuty,Nzerekore,Cash,42.0,Male,New,August,173.9
ORD003728,1,26.62,0.0,4.0,BOOKS,kankan,mobile money,57.0,Male,New,April,29.0
ORD007595,5,226.53,0.0,5.0,Home,Conakry,Card,36.0,Male,NEW,February,1150.11
ORD006070,4,22.25,20.0,4.0,beauty,Boke,Mobile Money,18.0,Female,new,May,72.98
ORD006935,5,15.49,15.0,5.0,Toys,Labe,Card,50.0,Female,New,June,57.25
ORD007502,4,14.42,0.0,4.0,food,Kankan,,38.0,Female,Returning,February,59.54
ORD009250,4,16.73,25.0,3.0,FOOD,BOKE,CARD,45.0,Female,Returning,June,54.03
ORD004725,3,439.77,0.0,4.0,Electronics,Nzerekore,Card,29.0,Female,Returning,November,1339.33
ORD009218,8,367.86,30.0,2.0,Electronics,Boke,Card,30.0,Female,Returning,February,1913.87
ORD004043,7,509.86,,2.0,Electronics,Labe,Card,,Female,Returning,March,3865.56
ORD007555,5,46.34,0.0,5.0,Beauty,boke,Cash,38.0,Female,Returning,January,250.17
ORD000611,5,57.77,0.0,3.0,Sports,Kankan,Card,24.0,female,New,February,303.92
ORD003226,4,41.81,0.0,7.0,Toys,Boke,Card,37.0,Male,New,August,172.9
ORD003107,3,108.88,0.0,6.0,Sports,N'Zerekore, Cash ,25.0,Male,New,December,313.16
ORD005424,3,370.23,0.0,7.0,electronics,Conakry,Card,19.0,Male,Returning,January,1088.02
ORD000434,2,115.22,0.0,5.0,SPORTS,Kindia,Cash,29.0,Female,New,October,203.72
ORD003941,3,23.57,0.0,,food,CONAKRY,Mobile Money,30.0,Male,New,April,74.33
ORD006730,3,-40.0,5.0,,Food,kankan,card,26.0,Male,RETURNING,April,48.03
ORD004065,5,105.95,0.0,5.0,Sports,Kankan,Card,32.0,Female,RETURNING,October,574.12
ORD000552,2,6.72,0.0,4.0,food, Conakry , Cash ,16.0,Female,Returning,January,13.49
ORD000971,2,104.48,0.0,6.0,Sports,Nzerekore,card,18.0,Male,Returning,August,215.55
ORD006151,6,456.46,0.0,3.0,Electronics,Conakry,mobile money,38.0,Male,RETURNING,September,2912.13
ORD001859,7,17.68,,6.0,Toys,Conakry,Mobile Money,38.0,Female,New,September,105.46
ORD000341,2,,10.0,7.0,Home,NZEREKORE,Cash,42.0,Female,New,October,257.49
ORD003528,5,19.35,0.0,4.0,Food,Kindia,MobileMoney,37.0,Female,New,March,96.1
ORD007944,4,327.19,10.0,7.0,Electronic,Nzerekore, Mobile Money ,,Female,New,August,1167.32
ORD000313,5,21.47,10.0,6.0,Food,Conakry,Cash,53.0,Female,Returning,July,90.81
ORD005868,2,,5.0,4.0,sports,Conakry,Mobile Money,25.0,FEMALE,New,October,282.76
ORD003924,1,19.27,5.0,6.0,Books,Conakry,mobile money,53.0,Male,NEW,May,16.03
ORD000052,4,26.39,0.0,8.0,Foood, Conakry,Mobile Money,35.0,MALE,New,October,99.24
ORD009291,2,20.17,20.0,2.0,Beauty ,kindia,Mobile Money,35.0,Male,New,September,26.74
ORD005888,3,59.78,15.0,8.0,Beuty,Conakry,Credit Card,16.0,Male,New,May,163.59
ORD008004,5,109.14,0.0,6.0, CLOTHING ,Conakry,Card,,Female,Returning,June,497.0
ORD006911,5,28.07,0.0,150.0,Beauty,Kankan,Cash,25.0,Female,New,February,136.79
ORD000039,5,157.39,,6.0,Home,Boke,Mobile Money,16.0,Male,New,July,497.08
ORD006088,5,183.46,0.0,5.0,Sports,CONAKRY,Card,28.0,Male,New,January,962.5
ORD004276,4,,15.0,7.0,Food, Nzerekore ,Cash,23.0,female,New,May,48.3
ORD003144,4,64.55,0.0,4.0,Clothing,Kankan,Cash,28.0,Male,Returing,April,231.07
ORD004629,6,35.49,0.0,3.0,BEAUTY,Conakry,Card,26.0,Male,New,May,190.37
ORD009581,3,22.68,0.0,6.0,Food,Boke,Cash Payment,30.0,Female,New,February,58.73
ORD000997,2,36.01,0.0,4.0,Toys,Boke,Card,40.0,Female,Returning,August,72.68
ORD009377,3,15.41,5.0,1.0,Foood,Nzerekore,Card,27.0,Female,New,June,41.02
ORD006013,3,,0.0,10.0,Clothing,Kankan,,46.0,Female,Returning,May,83.83
ORD002133,4,,,4.0,Sports,Conakry,Cash,28.0,Female,Returning,December,398.79
ORD006918,8,85.08,0.0,2.0,TOYS,Conakry,MOBILE MONEY,36.0,Male,Returning,April,651.61
ORD003708,3,147.69,0.0,2.0,Sports,Conakry, Card ,33.0,Male,Returning,January,394.82
ORD007579,1,145.76,,7.0,Home,labe,Cash,38.0,Female,Returning,November,117.2
ORD001123,6,103.39,10.0,4.0,Home,Conakry,Cash Payment,28.0,Female,Returning,January,563.73
ORD009624,9,,5.0,5.0,Toys,Kindia,Mobile Money,49.0,Male,NEW,September,572.36
ORD009111,2,347.62,20.0,1.0,Electronic,Kindia, Card ,32.0,Female,New,February,522.52
ORD003231,1,29.48,0.0,3.0,Books,Conakry,CASH,27.0,Female,Returning,February,31.33
ORD008635,7,38.87,10.0,1.0,Beauty,Conakry,Mobile Money,32.0,female,New,November,256.47
ORD004880,2,,,6.0,Home,Conakry,Card,51.0,Male,New,May,237.31
ORD004189,2,69.41,0.0,7.0,Clothing,Kankan,,39.0,Male,Returning,July,126.48
ORD004152,3,523.37,15.0,,Electronics,Kindia ,Mobile Money,39.0,Male,New,November,1472.4
ORD005553,4,61.16,5.0,4.0,Beauty,Kankan,Card,43.0,Female,New,September,219.62
ORD003354,4,17.36,,5.0,Books,Kankan ,Cash ,29.0,F,New,November,52.54
ORD007714,4,111.65,0.0,5.0,Sports,Conakry,cash,19.0,Male,Returning,July,415.74
ORD004540,5,39.19,10.0,2.0,CLOTHING,Conakry,Cash,42.0,Male,Returning,February,163.32
ORD009050,3,61.91,0.0,7.0,CLOTHING,KANKAN,mobile money,20.0,F,Returning,January,185.49
ORD009676,3,33.03,30.0,6.0,Books,Kindia,Card,34.0,Male,New,November,68.43
ORD006432,3,53.82,10.0,5.0,Sports,labe,Card ,55.0,Male,New,March,168.9
ORD001818,250,80.1,0.0,6.0,TOYS,CONAKRY,Card,37.0,Male,New,July,422.16
ORD000937,4,75.06,15.0,2.0,Sports,boke,Mobile Money,42.0,Female,New,July,270.81
ORD003332,7,288.22,0.0,8.0,Electronics,Kankan,Card,25.0,Male,Returning,July,1973.25
ORD001718,5,44.68,5.0,1.0,Toys,Boke, card ,32.0,MALE,Returning,May,238.3
ORD000808,5,26.83,0.0,8.0,Toys,Kankan,Mobile Money,30.0,Male,Returning,June,132.38
ORD008403,7,17.66,5.0,150.0,food,Conakry,Cash Payment ,19.0,Female,New,November,134.98
ORD000917,4,-40.0,30.0,3.0,ELECTRONICS,Kankan,Cash Payment,31.0,Female,Returning,January,1475.9
ORD006350,4,418.23,0.0,6.0,Electronics,Conakry,Credit Card,16.0,Male,new,June,1658.45
ORD001405,2,23.98,0.0,8.0,Books,Labe,MobileMoney,35.0,Female,Returning,May,55.02
ORD003846,1,34.91,20.0,8.0,Toys,Labe,Cash,24.0,F,New,July,22.32
ORD003530,5,188.49,0.0,6.0,Electronics,Conakri,Card,44.0,Female,New,November,1077.87
ORD001167,2,137.96,30.0,5.0,Sports,Conakry,CARD,17.0,Male,Returning,November,178.86
ORD002804,5,30.59,,5.0,Cloting,Nzerekore,Cash ,31.0,MALE,Returning,April,156.13
ORD009277,250,23.48,0.0,4.0,Books,Conakry,Cash,34.0,Male,Returning,February,126.48
ORD009253,4,135.84,25.0,6.0, Sports ,Labe,Mobile Money,48.0,Male,New,September,436.58
ORD000784,1,,0.0,6.0,Books,Labe,Cash,45.0,Male,Returning,March,22.2
ORD005640,7,58.7,25.0,3.0,Toys,Conakry,Cash,49.0,Male,New,March,316.1
ORD003160,3,,15.0,4.0,Food,KANKAN,Card,22.0,Female,Returning,May,37.44
ORD005829,4,339.24,0.0,4.0,Electronics,KANKAN,Cash,39.0,Male,New,March,1255.04
ORD004489,4,48.83,10.0,3.0,Beauty,Kindia,CARD,36.0,Female,Returning,November,176.79
ORD000213,6,48.77,0.0,7.0,BEAUTY ,Conakry,Cash ,44.0,Female,Returning,June,292.08
ORD009698,6,,25.0,4.0,Home ,Conakry,,39.0,Female,New,May,841.81
ORD004778,2,,0.0,1.0,Books,Boke,Card,39.0,Female,new,December,26.98
ORD004927,3,,25.0,6.0,Books,CONAKRY,Card,35.0,M,New,November,42.14
ORD004668,4,32.96,10.0,3.0,Beauty,Boke,Card,46.0,Female,New,December,109.29
ORD008313,2,91.03,0.0,2.0, SPORTS ,Boke,,43.0,Male,Returning,November,153.37
ORD003617,5,27.94,,2.0,Toys,Conakri,Mobile Money,31.0,FEMALE,new,March,126.79
ORD003642,7,74.82,0.0,,Clothing,  Conakry ,mobile money,20.0,Female,Returning,January,451.32
ORD001637,4,154.3,0.0,3.0,Home,Conakry,CARD,22.0,Male,Returning,May,656.24
ORD008177,2,185.93,20.0,6.0,Electronics,Conakri,Cash,20.0,Female,Returning,August,295.73
ORD004524,4,,,5.0,Clothing,Conakry,Cash,26.0,M,New,September,451.81
ORD004783,7,57.34,0.0,7.0,Clothing,Boke,Cash,29.0,F,Returning,December,405.49
ORD005204,6,14.75,25.0,,Food,Kindia,,42.0,Male,Returning,May,67.87
ORD005039,2,76.3,,6.0,Toys, Conakry ,Cash,33.0,FEMALE,New,September,165.38
ORD008874,3,180.06,,5.0,Home,Conakry,Credit Card,39.0,Female,Returing,September,435.66
ORD000758,5,20.01,15.0,1.0,Books,kindia,Card,41.0,Male,New,May,89.65
ORD006582,3,11.89,0.0,5.0,Books,Conakry,Cash Payment,28.0,Female,New,August,36.77
ORD002655,4,9.98,0.0,5.0,Books,Kankan,Cash Payment,22.0,Male,New,April,39.59
ORD006287,5,-40.0,0.0,3.0,TOYS,Conakry,Card,41.0,Male,New,October,156.69
ORD001339,2,37.93,10.0,2.0,Toys,Conakry,Card,41.0,Female,New,January,78.16
ORD001548,8,10.57,0.0,3.0,Food,Kindia,Cash,,Female,Returning,April,81.46
ORD005706,4,208.08,5.0,7.0,Electronics ,Labe,Cash,49.0,FEMALE,New,January,829.36
ORD009196,3,31.68,15.0,4.0,Books,BOKE,Cash,38.0,female,New,March,85.99
ORD004232,3,25.08,0.0,2.0,Beauty,Kindia,Mobile Money,33.0,Female,Returning,August,65.77
ORD001998,4,201.45,25.0,1.0,Home,conakry,Cash,42.0,Female,New,December,636.8
ORD003091,4,,25.0,3.0,Books,N'Zerekore,Mobile Money,22.0,Female,New,December,52.42
ORD008409,4,20.32,0.0,,Books,Kindia,Card,36.0,Male,Returning,November,84.35
ORD004848,4,98.59,15.0,7.0,Sports,Boke,Cash,32.0,Female,NEW,January,343.59
ORD002430,6,73.2,25.0,2.0,Sports,Kindia,Cash,30.0,Male,Returning,November,322.9
ORD002992,3,52.75,0.0,8.0,Clothing,Kindia,,35.0,Female,New,July,151.31
ORD006717,4,57.39,,7.0,clothing,Nzerekore,Card,45.0,Female,Returning,July,208.32
ORD007194,6,8.19,15.0,,Food,Nzerekore,Cash,58.0,Female,Returning,February,39.63
ORD005202,4,94.14,0.0,6.0,Clothing,Conakry,Cash,23.0,Male,Returning,June,397.56
ORD002806,2,48.46,10.0,5.0,Clothing,Nzerekore,MOBILE MONEY,28.0,Female,NEW,August,72.24
ORD000381,6,166.14,0.0,3.0,home,Kindia,Cash,16.0,Male,RETURNING,October,770.98
ORD009290,6,29.21,0.0,5.0,Toy,Nzerekore,Cash,40.0,Male,New,December,192.88
ORD006590,3,33.76,,3.0,toys,Boke,Card,42.0,Female,New,December,101.91
ORD004099,7,11.44,,2.0,Books,Labé,Cash,35.0,M,New,August,67.97
ORD009457,8,231.79,0.0,7.0,Electronics,Boke,Cash,34.0,female,Returning,March,1852.22
ORD005264,7,,10.0,2.0,Home,Conakry,Card,38.0,MALE,New,October,1045.6
ORD008217,250,129.78,-20.0,5.0,Home,Boke,Mobile Money,27.0,F,Returing,February,244.2
ORD007293,4,30.26,0.0,5.0,Books,Boke,Mobile Money,36.0,Female,New,October,131.55
ORD001667,2,0.95,5.0,2.0,Toys,Labe,Cash,44.0,Female,New,November,1.58
ORD009088,5,36.43,0.0,6.0,Books,Conakry,Cash,,Male,Returning,April,173.59
ORD009699,8,135.34,0.0,7.0,Electronic, N'Zerekore ,mobile money,,Female,new,February,1110.86
ORD004461,2,17.51,25.0,6.0,Books,KANKAN,Cash,16.0,Female,Returning,June,26.74
ORD002539,6,83.76,,7.0,Sports,Labé,Card,8.0,Female,New,August,506.31
ORD006516,4,19.98,5.0,2.0,FOOD,Labe,card,30.0,Female,New,November,74.26
ORD004455,4,19.81,25.0,8.0,Books,Kankan,Cash,21.0,Female,Returning,December,61.31
ORD002314,3,119.89,20.0,5.0,Sports,Boke,Card,16.0,Female,Returning,November,285.99
ORD005002,2,305.56,0.0,4.0,Electronics,Labe,cash,20.0,FEMALE,Returning,May,601.58
ORD000702,5,,10.0,4.0,Toys,Conakri,Card,,Male,Returning,November,207.41
ORD001307,5,34.58,0.0,5.0,Beauty,Kindia,Card,,Female,Returning,June,174.61
ORD008161,8,17.12,0.0,6.0,Books,Labe,Cash,32.0,Female,New,December,130.24
ORD006792,2,42.94,,3.0,Clothing,Kankan ,Mobile Money,37.0,Female,Returning,June,76.03
ORD003740,6,34.3,10.0,1.0,Beauty,kindia,Card,28.0,Female,Returning,July,196.3
ORD008405,5,82.9,,5.0,Sports,Kindia,Mobile Money,33.0,Female,New,March,414.75
ORD007275,2,260.91,15.0,6.0,ELECTRONICS,Nzerekore,Cash,16.0,MALE,New,September,401.94
ORD003608,5,,5.0,,Food,Conakry,Cash,28.0,Male,New,September,94.09
ORD008195,5,,-20.0,6.0,Home,Nzerekore,Card,44.0,Female,Returning,June,386.93
ORD002865,2,23.24,0.0,7.0,toys ,Nzerekore,Card,53.0,Female,New,July,46.66
ORD002466,4,43.1,0.0,5.0,Home,Labe,cash,16.0,Female,New,July,177.22
ORD006664,3,,,5.0,BOOKS,Labé,Mobile Money,55.0,Female,Returning,November,41.98
ORD007043,3,137.59,0.0,3.0,Hom,Kindia,,32.0,Female,Returning,November,391.53
ORD000012,4,113.96,20.0,-8.0,Home,Conakry,Cash,37.0,Female,Returning,November,398.46
ORD008308,5,54.28,0.0,6.0,Cloting,Nzerekore,Cash,35.0,Male,Returning,July,252.06
ORD003881,5,39.97,10.0,4.0,BEAUTY,Labe,Credit Card,38.0,Female,returning,February,179.37
ORD006046,4,36.84,10.0,3.0,Toys,Labe,Cash,29.0,Female,New,December,137.83
ORD005589,2,13.36,15.0,1.0,Foood,Nzerekore,Cash,40.0,Female,New,April,21.4
ORD001004,3,34.8,0.0,3.0,beauty,Kankan,Cash,44.0,Male,new,September,103.92
ORD008961,250,70.47,0.0,3.0,Clothing,Boke, cash ,27.0,Male,Returning,August,134.38
ORD000562,3,84.94,10.0,4.0,Electronics,Boke,Card,44.0,Female,Returning,October,246.69
ORD001449,5,179.03,20.0,4.0,Hom,Boke,Mobile Money,28.0,Female,Returning,September,703.98
ORD009351,5,357.71,0.0,3.0,Electronics, kankan ,Card,30.0,Male,New,June,2031.85
ORD000731,3,283.76,-20.0,3.0,Electronics,Nzerekore,,62.0,Female,Returning,April,870.36
ORD008362,4,62.87,0.0,2.0,Clothing,Conakry,Cash,40.0,Female,New,May,285.99
ORD009373,6,22.14,0.0,1.0,electronics,Boke,Cash,29.0,Female,New,November,133.35
ORD008948,6,35.39,10.0,4.0,Toys,Kindia,Mobile Money,50.0,Female,New,July,213.42
ORD002908,3,117.44,10.0,1.0,Home, KINDIA ,mobile money,,Female,New,February,312.04
ORD007131,4,16.03,10.0,5.0,Books,Boke,,28.0,Female,Returning,February,61.18
ORD001390,3,70.98,0.0,4.0,Sport,Kindia,CARD,33.0,Female,new,March,200.29
ORD009489,1,95.18,20.0,,Home,Conakry,,43.0,M,New,July,79.67
ORD006192,4,14.33,0.0,6.0,FOOD,Conakry,Card,48.0,Female,New,May,56.57
ORD006015,5,64.74,10.0,4.0, Home ,Labe,card,44.0,Female,Returning,June,314.85
ORD006484,8,11.64,30.0,4.0,Food,Nzerekore,Card,18.0,male,New,May,67.81
ORD000038,3,253.12,0.0,6.0,Electronics,Boke,MOBILE MONEY ,41.0,Male,New,August,847.6
ORD001129,6,35.28,,5.0,Toys,Boke,mobile money,,Female,New,October,197.22
ORD000084,3,24.18,10.0,5.0,Toys,kankan,Cash,33.0,Female,New,May,64.53
ORD009057,3,135.88,10.0,5.0,Sports,Conakry,Cash,44.0,Male,Returning,June,368.09
ORD008466,5,11.94,10.0,5.0,Food,Kankan,Card,45.0,Male,Returning,December,58.05
ORD001992,7,93.11,0.0,5.0,Clothing,Conakri,,20.0,Female,new,December,599.43
ORD002110,3,9.66,0.0,7.0,Food,Nzerekore,Card,21.0,FEMALE,Returning,June,25.76
ORD007440,4,234.42,5.0,9.0,Home,Conakry,Card,21.0,Female,NEW,March,807.42
ORD001995,4,46.49,0.0,2.0,Toy,KINDIA,Card,,Male,Returning,June,183.35
ORD008690,2,315.79,10.0,,Electronics,BOKE,,19.0,male,Returning,May,603.8
ORD006419,3,90.61,5.0,3.0,Home,Kankan,Card,40.0,Male,New,May,286.59
ORD006182,3,14.92,0.0,4.0,Book,Kindia,Mobile Money,24.0,Male,RETURNING,June,48.83
ORD007591,1,68.72,20.0,3.0,Beauty,Conakry,Card,27.0,Male,Returning,January,52.55
ORD004427,1,132.11,0.0,1.0,Sports,Conakry,Cash,44.0,Male,Returning,March,144.61
ORD008717,2,,0.0,7.0,Books,Boke,Mobile Money,53.0,Male,new,February,27.46
ORD001356,4,74.23,0.0,4.0,Clothing,Conakry,Cash,,Male,Returning,December,326.65
ORD004867,4,47.65,0.0,7.0,toys,Conakry,Mobile Money,40.0,FEMALE,New,April,178.82
ORD002393,7,14.19,0.0,4.0,Foood,Conakry,Card,,Male,New,December,103.21
ORD003747,2,19.67,0.0,4.0,Food,Conakry,Cash Payment,25.0,Female,Returning,August,42.57
ORD004376,2,17.95,0.0,3.0,Book,Kindia,Card,43.0,Female,new,April,34.85
ORD006671,5,293.7,10.0,, Electronics ,Conakry,Cash,43.0,Female,New,November,1436.38
ORD000090,4,,,8.0,Home,Kindia,Cash Payment,26.0,Female,New,July,184.56
ORD000846,3,175.78,10.0,4.0,Electronics,kindia, Cash Payment ,43.0,Female,New,August,482.23
ORD005517,6,128.12,0.0,9.0,Home,Conakry,mobile money,,Male,New,July,699.98
ORD005001,3,22.86,0.0,3.0,Book,Kankan,Card,28.0,Male,Returning,December,66.92
ORD004747,5,35.71,15.0,5.0,Books,Conakry,Cash,,Female,Returning,January,136.36
ORD004115,2,119.31,0.0,10.0,Home,Kankan,Card,38.0,Female,New,September,240.06
ORD006503,3,,25.0,2.0,Food,Kindia,cash,42.0,Male,New,July,12.61
ORD002224,6,43.01,,5.0,Beauty,Nzerekore,MobileMoney,30.0,Female,New,November,198.6
ORD002656,6,277.25,0.0,2.0,Electronics,Labe,Mobile Money,44.0,Female,Returning,August,1908.61
ORD001065,4,96.35,0.0,5.0,Sports,Kankan,Cash,26.0,Male,New,January,398.12
ORD004072,5,,30.0,5.0,Beauty,Kindia,Cash,25.0,Male,NEW,July,142.33
ORD009646,3,88.92,25.0,5.0,Clothing,Kankan,Card,29.0,Female,New,October,182.28
ORD000781,3,38.52,0.0,2.0,toys,LABE,Card,47.0,Male,New,May,108.37
ORD002946,3,20.93,-20.0,7.0,Clothing,Labe,Mobile Money,25.0,Male,New,March,67.21
ORD002572,3,14.9,25.0,7.0,Foood,Conakry,Cash,44.0,Male,New,April,32.66
ORD002271,2,27.86,,4.0,Books, Conakry,Cash,20.0,Male,Returning,April,54.94
ORD007821,3,79.37,20.0,1.0,CLOTHING,BOKE,Card,44.0,Male,Returning,April,205.1
ORD003024,3,21.8,15.0,3.0,Food,Conakry,Cash,,Male,Returning,November,59.58
ORD001435,5,25.16,0.0,5.0,Books,Conakry,Cash,29.0,Male,New,June,124.18
ORD003571,5,404.0,20.0,3.0,Electronics,Labé,,,Male,New,March,1597.47
ORD007974,3,177.36,0.0,7.0,Electronics,Kankan,Mobile Money,35.0,Female,New,September,457.13
ORD005071,4,10.45,5.0,7.0,FOOD,Kindia, Card ,39.0,Female,Returning,August,42.87
ORD006407,3,20.66,10.0,1.0,Books,NZEREKORE,Card,33.0,MALE,Returning,February,48.38
ORD003216,3,29.39,0.0,6.0,Food,Conakry,Mobile Money,41.0,Female,New,February,85.89
ORD008413,3,6.52,0.0,6.0,Books,Labe,Card,19.0,Male,Returning,January,21.55
ORD002606,1,47.81,0.0,2.0,Toys,boke,MobileMoney,33.0,Female,NEW,November,47.97
ORD006598,5,164.77,20.0,3.0,Home,Kankan,MOBILE MONEY,40.0,M,Returning,April,581.76
ORD002025,3,8.84,10.0,3.0,Food,Nzerekore,Card,38.0,Female,New,May,21.8
ORD000649,3,37.96,20.0,5.0,Clothing,Nzerekore,Mobile Money,39.0,Male,RETURNING,November,99.78
ORD004593,4,37.77,10.0,,BEAUTY,nzerekore,Cash,8.0,Female,Returning,August,116.88
ORD005045,6,82.8,30.0,1.0,Sports,N'Zerekore,Mobile Money,,Male,New,June,326.57
ORD008963,5,17.81,10.0,,beauty, KANKAN ,Mobile Money,31.0,Female,Returning,November,72.63
ORD000457,1,18.43,10.0,7.0,Food,NZEREKORE,CARD ,55.0,Female,Returning,October,14.62
ORD007637,4,410.73,0.0,4.0,Electronics ,Boke,Mobile Money,28.0,Male,New,October,1568.2
ORD005528,5,26.54,10.0,3.0,Toys,Labe,Mobile Money,56.0,Female,Returning,April,124.74
ORD008981,4,15.69,0.0,7.0,Books,Conakry,Mobile Money,25.0,Male,New,March,62.86
ORD003481,11,77.42,,3.0,Toys,Conakry,Card,180.0,Female,New,May,832.35
ORD009356,4,292.39,0.0,7.0,Electronic,Kankan,Mobile Money,41.0,Female,NEW,July,1158.22
ORD006793,4,25.46,10.0,150.0,Books,Kankan,mobile money,32.0,female,Returning,October,98.45
ORD006115,3,54.17,,3.0,Toys,Conakri,Mobile Money,18.0,Female,Returning,April,164.33
ORD009645,3,64.32,0.0,3.0,CLOTHING,Conakri, Card ,19.0,Female,Returning,October,199.5
ORD004931,4,22.96,0.0,4.0,Beauty,LABE,Card,29.0,Male,New,June,96.61
ORD004796,3,262.0,0.0,,Electronics,Kankan,Card ,,Female,new,December,758.88
ORD004037,2,144.4,0.0,4.0,Home,Labe,mobile money,,Female,Returning,December,296.87
ORD007824,7,177.17,0.0,-8.0,electronics,kindia,Card,38.0,M,Returning,April,1408.04
ORD005205,3,402.82,0.0,2.0,Electronics,BOKE,Mobile Money,28.0,Female,Returning,June,1104.39
ORD001809,3,45.18,0.0,3.0,Toys,Labe,CARD,16.0,male,New,November,127.27
ORD002662,4,183.55,5.0,7.0,Sports,CONAKRY,Card,,Female,New,August,777.99
ORD001442,7,9.49,0.0,1.0,Books,Nzerekore,Card,,Female,New,October,73.21
ORD002417,4,30.91,0.0,2.0,Toys,Nzerekore,CASH,31.0,female,New,May,114.59
ORD000109,4,92.7,10.0,3.0,Sports,Conakry,MOBILE MONEY,27.0,female,Returning,June,329.23
ORD002767,3,,,,Beauty,Boke,CARD,34.0,Male,new,August,124.37
ORD000744,250,16.79,0.0,2.0,Food,Kindia,Card,16.0,Male,RETURNING,July,65.27
ORD000392,4,87.99,0.0,1.0,SPORTS,N'Zerekore,Cash,28.0,female,NEW,June,342.43
ORD000741,3,,5.0,,beauty,kindia,,30.0,FEMALE,New,June,9.22
ORD004470,7,,0.0,5.0,Hom ,Nzerekore, Card ,51.0,Male,New,June,204.16
ORD000178,6,36.17,10.0,5.0,clothing,Kindia,MobileMoney,52.0,Male,Returning,April,197.45
ORD007761,6,114.6,0.0,6.0,Sports,Conakry,Card,27.0,Female,New,October,733.96
ORD003030,3,134.15,0.0,4.0,Home,kankan,CASH,20.0,Female,New,January,364.38
ORD002204,8,22.58,0.0,7.0,Books,Conakry,Mobile Money,31.0,Female,New,September,198.42
ORD005210,4,97.39,0.0,3.0,SPORTS,Kindia,Card,19.0,male,New,April,418.52
ORD004730,2,142.24,10.0,2.0,Home,Conakry,Card,36.0,Male,New,March,241.44
ORD004298,5,,0.0,8.0,Home,Conakry,Mobile Money,16.0,Female,New,September,397.68
ORD006408,3,15.41,15.0,5.0,Food,conakry,,,Male,New,December,39.8
ORD003485,5,97.99,0.0,6.0,Home,nzerekore,Card,,FEMALE,New,August,517.39
ORD000153,2,145.82,5.0,5.0,home,boke,Mobile Money,32.0,Female,New,July,277.96
ORD007803,9,11.41,0.0,6.0,Food,Nzerekore,Cash,41.0,Male,Returning,June,100.68
ORD004497,4,35.91,5.0,6.0,Toy,KINDIA,,,Female,new,September,142.09
ORD000403,7,233.13,0.0,6.0,electronics,Kankan,,18.0,Male,New,December,1862.55
ORD005585,2,22.95,0.0,4.0,Clothing,nzerekore,MOBILE MONEY,49.0,M,Returning,November,46.49
ORD008208,5,13.19,0.0,5.0,Books ,kindia,Mobile Money,29.0,MALE,Returning,June,70.85
ORD007816,6,20.72,0.0,, Food ,Conakry,Card,32.0,Female,New,June,146.27
ORD007330,3,390.74,0.0,4.0, Electronics ,Conakry,Card,19.0,Male,New,August,1276.69
ORD000918,7,113.1,0.0,8.0,Home,kankan,Cash,34.0,Male,Returning,September,886.05
ORD003262,3,5.67,0.0,4.0,Food,KINDIA,Mobile Money,42.0,Male,New,March,16.18
ORD003905,4,148.0,,4.0,Sports, Boke , Mobile Money ,26.0,Female,Returning,February,587.11
ORD003003,2,31.89,0.0,7.0,Books,Conakry,Card,36.0,Male,New,October,57.85
ORD006980,3,355.13,5.0,6.0,Electronics,Kankan,Credit Card,27.0,Female,New,April,1050.94
ORD006351,5,53.88,20.0,,Clothing,Conakry,Mobile Money,28.0,Male,returning,May,250.3
ORD004412,4,,,6.0,Sports, Nzerekore ,Credit Card,17.0,Male,New,March,408.93
ORD001108,5,396.18,0.0,6.0,Electronics,Kindia,cash,34.0,male,Returing,June,2031.64
ORD000352,3,98.97,0.0,,Sports,Nzerekore,Card,31.0,MALE,New,November,276.76
ORD004318,4,13.75,0.0,3.0,Foood,KINDIA,Mobile Money,16.0,male,Returning,April,57.42
ORD007891,7,151.57,25.0,5.0,Home,Conakry,Cash,17.0,Female,Returning,March,699.43
ORD004069,6,,0.0,3.0,FOOD, Conakri ,Cash,29.0,Female,New,June,115.42
ORD002917,4,109.13,5.0,8.0,sports,kankan,Cash,42.0,Female,New,June,441.04
ORD007679,6,11.62,20.0,6.0,Books,Conakry,Cash,36.0,Male,Returning,August,52.04
ORD008787,3,14.94,0.0,3.0,Toys,Nzerekore ,Mobile Money,43.0,Male,new,May,43.38
ORD006826,7,40.77,0.0,8.0,Toy,CONAKRY,Card,22.0,Female,Returning,January,262.6
ORD007425,3,142.51,10.0,,Home,Conakry,Cash,36.0,Female,New,July,398.87
ORD000334,3,31.67,0.0,6.0,Toys,kankan,Cash,34.0,Male,New,September,91.37
ORD002505,5,358.39,0.0,4.0,Electronics, Conakry,Mobile Money,32.0,Female,New,August,1654.11
ORD009551,5,20.86,0.0,5.0,Books,Conakry,Card,29.0,Female,New,December,97.33
ORD001685,7,15.76,0.0,8.0,Books,Nzerekore,Mobile Money,38.0,Male,Returning,November,118.78
ORD006551,3,36.63,10.0,4.0,TOYS,Labé,Card,25.0,male,New,November,92.88
ORD004610,5,77.11,0.0,7.0,Clothing,Kindia,Cash,25.0,M,Returning,December,433.95
ORD008239,6,45.36,30.0,7.0,CLOTHING,Conakry,MOBILE MONEY,37.0,Male,new,November,178.58
ORD005808,3,350.7,0.0,3.0,Electronic,Kindia,Mobile Money,41.0,Male,Returning,March,1078.83
ORD003985,3,56.77,,3.0,Clothing,Kindia,Mobile Money,31.0,Female,New,February,140.06
ORD008994,5,15.64,0.0,6.0,Food,Kindia, Mobile Money ,,Female,NEW,December,70.93
ORD008133,3,96.36,20.0,3.0,sports,Conakry,Card,38.0,Male,New,August,227.09
ORD004480,4,234.92,0.0,2.0,electronics,N'Zerekore,Card,25.0,Male,New,February,890.73
ORD002894,1,140.62,0.0,4.0,Sports,Conakry,MobileMoney,25.0,Female,New,July,133.22
ORD009458,2,33.59,0.0,5.0,Beauty,Nzerekore, cash ,35.0,Male,Returning,August,72.81
ORD007075,4,40.09,25.0,6.0,Toys,Kindia,Mobile Money,22.0,Female,New,February,97.81
ORD009521,4,102.82,,7.0,Sports,Kankan,Cash,41.0,Female,New,January,352.87
ORD000408,3,170.76,15.0,3.0,Home,Conakry ,Mobile Money,29.0,Male,New,July,361.77
ORD001041,3,98.34,10.0,5.0,home,conakry,Mobile Money,30.0,Female,Returning,May,284.16
ORD002484,3,19.94,0.0,5.0,Food,Boke,mobile money,27.0,Female,New,July,70.63
ORD000083,5,22.79,25.0,6.0,Toys,Kindia,Mobile Money,29.0,Female,returning,September,77.9
ORD008655,1,51.66,25.0,2.0,clothing,Kankan,,34.0,Male,New,April,36.34
ORD003810,5,190.79,0.0,5.0,Electronics,CONAKRY,,32.0,M,Returning,March,969.75
ORD000096,3,,5.0,7.0,Sports, CONAKRY ,Mobile Money,52.0,Male,Returning,April,219.5
ORD007887,4,30.79,0.0,4.0,Books,Boke,Card,16.0,Male,Returning,September,102.63
ORD000135,6,95.39,5.0,2.0,Sport,Kankan,Mobile Money,25.0,Male,NEW,November,560.94
ORD009314,3,17.02,0.0,4.0,toys,Conakry,Mobile Money,39.0,Female,New,June,49.03
ORD007482,6,21.58,0.0,5.0,Home,Labe,cash,27.0,F,New,October,129.75
ORD004410,2,150.88,0.0,2.0,sports,Conakry,cash,37.0,Male,New,July,319.29
ORD001864,10,54.19,20.0,7.0,Beauty,Conakry,Cash,30.0,Female,Returning,July,417.0
ORD004658,2,423.47,20.0,7.0,Electronics,Boke,Cash,44.0,Male,New,May,758.09
ORD006928,2,133.92,15.0,4.0, Electronics ,KINDIA,mobile money,,Female,New,October,214.34
ORD009140,6,31.91,,,FOOD,Conakry, Mobile Money ,26.0,Female,New,August,178.78
ORD003276,1,47.55,10.0,6.0,Toys,Boke,Cash,44.0,Female,New,December,41.99
ORD009214,5,46.48,15.0,1.0,Books,Conakry,Cash,29.0,Male,New,April,202.52
ORD000688,4,37.45,15.0,7.0,Sports,NZEREKORE,Mobile Money,18.0,M,Returning,September,124.44
ORD004259,4,,10.0,3.0,Food,boke,Card,,Male,New,February,43.24
ORD006113,3,149.36,0.0,3.0,Home,Conakry,Credit Card,,Female,New,August,483.61
ORD000597,3,15.26,0.0,1.0,Food, Conakry ,,31.0,Female,Returning,June,46.67
ORD007304,4,11.91,20.0,1.0,Food,Labe, Card ,44.0,Male,Returning,March,34.17
ORD004928,3,24.37,0.0,4.0,Food,Conakry,Mobile Money,39.0,Male,New,April,81.83
ORD005506,2,,0.0,3.0,Food,BOKE,Card,16.0,Male,Returning,April,39.04
ORD007586,6,141.5,5.0,2.0,home,Nzerekore,Cash,16.0,Male,Returning,April,836.9
ORD002005,3,-40.0,0.0,6.0,Food,Kankan,Card,37.0,Female,New,September,37.28
ORD003038,4,,30.0,6.0,clothing ,Nzerekore,Cash,47.0,Male,new,January,142.52
ORD005225,3,143.89,,4.0,Hom,Kindia,Cash,32.0,Female,RETURNING,June,401.09
ORD009178,1,500000.0,0.0,7.0,books,Boke,,44.0,Male,New,April,41.92
ORD005556,4,456.47,5.0,6.0,Electronics ,Conakri,Card,39.0,Male,New,March,1953.04
ORD002504,5,60.63,15.0,2.0,Clothing,Kankan,Cash,49.0,Female,Returning,July,250.94
ORD001603,2,56.0,0.0,2.0,Cloting,Boke,Card,30.0,Female,New,June,116.53
ORD000951,3,41.03,0.0,4.0,toys ,boke,Card,41.0,Female,New,July,120.08
ORD007446,3,57.45,20.0,4.0,Beauty,Conakry,Cash Payment,,Female,New,August,132.16
ORD006665,3,83.98,0.0,1.0,Hom,Nzerekore,Card,22.0,Male,New,January,231.29
ORD007025,3,56.96,0.0,8.0,Beauty,Conakry,Cash,44.0,Female,returning,October,201.73
ORD004572,9,29.29,10.0,5.0,Toys,Kindia,Card,26.0,Male,Returning,November,230.87
ORD001708,4,270.32,0.0,8.0,ELECTRONICS,conakry ,Mobile Money,35.0,Female,New,October,1167.9
ORD000742,5,23.66,5.0,1.0,toys,Nzerekore,Card,16.0,Male,New,March,115.0
ORD004863,4,12.86,0.0,8.0,Food,NZEREKORE,Card,22.0,Female,New,June,48.24
ORD002202,5,72.56,10.0,,Clothing,Boke,Card,29.0,Male,New,April,360.67
ORD007339,1,41.58,10.0,2.0,Clothing,N'Zerekore,Card,27.0,Female,Returning,June,38.8
ORD000896,8,,15.0,150.0,SPORTS,Boke,Mobile Money,54.0,F,Returning,November,648.63
ORD004383,6,93.75,15.0,3.0,Clothing,Labe,Cash,34.0,Male,Returning,November,471.98
ORD003899,4,15.76,0.0,5.0,Toys,N'Zerekore,MobileMoney,38.0,Female,New,October,56.75
ORD006942,5,47.11,0.0,5.0,Sports,Conakry,Card ,38.0,Male,New,December,239.82
ORD000247,4,62.11,0.0,4.0,CLOTHING,Labe,Cash,30.0,Female,New,May,225.13
ORD002251,10,,20.0,6.0,Sports,BOKE,Mobile Money,32.0,Female,Returning,May,1155.21
ORD008123,3,59.8,0.0,4.0,Clothing,Kindia,Card,21.0,Female,New,January,190.52
ORD000950,2,30.87,0.0,1.0,TOYS,Boke,MOBILE MONEY,20.0,Male,new,November,56.05
ORD000250,3,22.31,10.0,4.0,Food, Kankan ,MOBILE MONEY,24.0,Male,New,December,62.2
ORD002070,3,35.46,10.0,4.0,Books,Kankan,Card,36.0,Male,New,November,108.89
ORD003606,2,36.93,0.0,4.0,TOYS,Labe,,25.0,Male,Returning,March,66.71
ORD003560,4,72.36,,,Beuty,Conakry,Cash,43.0,Female,New,December,299.65
ORD006339,5,44.61,10.0,3.0,Toys,Conakry,Mobile Money,39.0,Male,New,October,215.59
ORD004887,4,17.93,0.0,4.0,Food,Kankan,Cash,29.0,MALE,New,March,82.83
ORD000789,6,249.81,15.0,3.0,Electronics,Nzerekore,cash,43.0,Female,New,October,1313.5
ORD002629,2,82.66,10.0,3.0,Clothing,Kindia,MOBILE MONEY,29.0,Female,New,June,157.91
ORD008358,6,74.13,10.0,2.0,Home,Labe ,Mobile Money,16.0,Male,new,June,457.32
ORD009377,3,15.41,5.0,1.0,Foood,Nzerekore,Card,27.0,Female,New,June,41.02
ORD007565,4,29.78,20.0,4.0,Books,Nzerekore,CARD,8.0,Female,New,August,101.55
ORD007050,7,237.38,-20.0,4.0,home,Boke,Mobile Money,38.0,FEMALE,New,July,1613.5
ORD004459,4,19.38,0.0,4.0,Books,Kindia, Mobile Money ,39.0,Female,Returning,May,84.73
ORD008779,5,425.66,5.0,7.0,Electronics,Conakry,Mobile Money,39.0,Male,New,November,1672.6
ORD003611,8,489.0,10.0,8.0,Electronics,Conakry,Cash,40.0,Male,Returning,February,3216.56
ORD004122,2,20.43,0.0,4.0,Toy,Kankan,Mobile Money,49.0,Female,Returning,October,42.27
ORD008700,2,36.94,20.0,5.0,Toys,boke,Mobile Money,48.0,Male,Returning,March,52.03
ORD009339,7,45.55,0.0,3.0,Toys,boke,,28.0,Male,Returning,May,301.14
ORD008576,4,16.32,0.0,3.0,Food,Nzerekore,Card,33.0,FEMALE,New,June,57.36
ORD001618,4,220.2,5.0,5.0,Electronics, Conakry ,Cash,41.0,Female,New,June,791.83
ORD003711,3,35.14,5.0,7.0,Clothing,Boke,MobileMoney,47.0,Female,New,December,83.85
ORD006559,5,199.42,15.0,7.0,Electronics,Labe,Card,24.0,Female,New,May,912.08
ORD005158,4,15.47,0.0,,Food,BOKE,Card,30.0,Male,Returning,January,68.4
ORD003701,1,289.01,10.0,2.0,Electronics,Conakry,Cash,20.0,Male,Returning,April,244.25
ORD004165,4,15.21,20.0,,Toys,Boke,,22.0,Male,Returning,August,52.17
ORD003788,5,122.29,,5.0,Home,KANKAN,,39.0,FEMALE,New,January,607.26
ORD008701,4,48.66,10.0,5.0,Clothing, Boke ,Card,40.0,Female,Returning,April,166.14
ORD007979,4,15.28,,7.0,Food,Conakry,Card,23.0,Female,Returning,July,56.7
ORD004022,2,61.53,0.0,4.0,CLOTHING,Kankan,Mobile Money,33.0,Male,Returning,February,117.16
ORD006998,6,267.91,5.0,6.0,Electronics,KANKAN,Cash,27.0,Male,Returning,August,1564.04
ORD004028,4,38.99,20.0,3.0,toys,Boke,Card,36.0,Male,New,September,117.32
ORD001128,5,103.33,0.0,4.0,Sport ,KANKAN,Card,22.0,Female,RETURNING,November,472.18
ORD008726,6,354.02,15.0,5.0,Electronics,Conakry,Cash,,Female,new,May,1998.51
ORD004587,2,52.1,10.0,6.0,CLOTHING, Labe ,Mobile Money,40.0,Female,Returning,July,97.29
ORD005887,2,85.59,10.0,7.0,SPORTS,Labe,CARD,16.0,Male,New,January,136.97
ORD003694,5,369.93,0.0,4.0,Electronics, BOKE ,cash,27.0,Female,Returning,January,1795.88
ORD005405,6,153.73,0.0,7.0,Home,Conakry ,MOBILE MONEY,34.0,Female,New,December,934.56
ORD008643,5,,0.0,4.0,Home,KINDIA,,19.0,Female,Returning,June,859.85
ORD004834,10,39.93,0.0,6.0,beauty,Kankan,mobile money,,Male,New,April,384.99
ORD009010,7,48.39,,4.0,Beauty,nzerekore,,26.0,Female,Returning,February,231.1
ORD002482,10,153.43,20.0,,Sports,Labe,Cash,20.0,Male,Returning,June,1170.4
ORD000200,5,15.0,0.0,4.0,Books,Labe,Cash,16.0,Female,New,February,80.3
ORD005903,5,32.97,0.0,5.0,Books ,CONAKRY,Cash Payment,16.0,Male,New,December,176.85
ORD005222,4,60.27,,4.0,Sports,Labé,Card,22.0,Female,New,February,251.4
ORD002272,4,66.82,25.0,6.0,Beuty,Boke,Cash,25.0,Female,NEW,August,214.04
ORD003471,6,,0.0,5.0,Clothing,Boke ,Cash ,24.0,Male,Returning,October,250.37
ORD002743,3,48.5,0.0,2.0,Clothing,Kankan,Cash,18.0,Male,New,March,141.1
ORD005285,6,40.09,10.0,6.0,Beauty,Conakry,Mobile Money,37.0,Male,New,August,224.33
ORD009435,5,45.31,20.0,2.0,Beauty,Boke,Cash,24.0,Female,Returning,August,167.69
ORD005309,4,83.89,25.0,7.0,Sports,Conakry,Mobile Money,27.0,Male,New,October,279.0
ORD005030,6,38.11,5.0,5.0,Beauty,NZEREKORE,Cash,50.0,Male,Returning,December,227.06
ORD002114,3,15.53,0.0,6.0,Toys,conakry,MobileMoney,28.0,Female,new,September,39.88
ORD004642,5,114.92,5.0,5.0,Home,kankan,MOBILE MONEY,37.0,Male,Returning,May,596.71
ORD003991,-3,33.76,0.0,1.0,Books,Conakry,Mobile Money,19.0,Female,New,July,98.32
ORD002863,9,73.23,0.0,6.0,Clothing,boke,Card,18.0,Male,New,April,715.2
ORD002095,4,45.85,25.0,7.0,beauty,Boke,Card,-12.0,Male,Returning,January,139.76
ORD007953,4,295.98,0.0,,Electronics, Conakry,MOBILE MONEY,,female,New,September,1144.69
ORD004304,3,212.9,0.0,4.0,Electronic,Nzerekore ,Card,39.0,Female,Returning,January,653.87
ORD005799,4,29.77,0.0,7.0,Toys,Nzerekore,Cash,18.0,Female,Returning,May,120.24
ORD004269,5,6.29,0.0,7.0,Food,Boke,MOBILE MONEY,-12.0,Female,Returning,February,27.0
ORD008118,4,414.85,0.0,5.0,Electronics,Kindia,CARD,42.0,Male,returning,December,1781.56
ORD004657,2,44.72,0.0,1.0,Beauty,Kindia,Cash,,Male,New,November,79.12
ORD005183,3,12.37,-20.0,3.0,food,Conakry,Cash,35.0,male,New,November,26.73
ORD000494,2,71.6,0.0,6.0,CLOTHING,Conakry,MOBILE MONEY,24.0,Female,new,July,156.85
ORD005500,3,40.17,0.0,6.0,Toy, Kankan ,Mobile Money,30.0,Male,New,March,133.13
ORD006657,2,97.22,0.0,2.0,home,Boke,MobileMoney,,Female,Returning,October,202.07
ORD001964,5,,25.0,1.0,Toys,Nzerekore,Card,22.0,Female,New,April,119.34
ORD009276,5,106.15,0.0,5.0,Sports,Conakry,Card,45.0,Male,NEW,February,558.97
ORD007851,4,31.17,0.0,5.0,Toys,Kindia,Credit Card,20.0,M,New,July,116.82
ORD009150,3,61.55,0.0,1.0,Sports,Labe,Cash,30.0,Male,Returning,June,186.33
ORD009129,3,17.37,,5.0,Toys,Boke,Cash,27.0,Female,New,November,48.13
ORD003437,3,75.89,,2.0,clothing,Conakry,,16.0,Male,New,October,248.29
ORD000124,3,55.83,10.0,6.0,Beauty, Conakry,MOBILE MONEY,21.0,Male,Returning,July,150.14
ORD002611,4,11.23,0.0,2.0,Books,Conakry,Card,48.0,Female,Returning,May,45.0
ORD000655,4,,0.0,3.0,TOYS ,Conakry,,42.0,Female,Returning,November,214.22
ORD000899,3,358.4,0.0,6.0,Electronics,conakry,Card,16.0,female,New,July,1007.88
ORD005935,4,12.79,0.0,8.0,Food,Kankan,cash,19.0,Female,New,September,53.44
ORD005435,2,145.94,0.0,7.0,Home,Boke,MobileMoney,40.0,Male,New,August,298.8
ORD009565,2,25.19,20.0,5.0,toys,Boke,Cash,47.0,Male,New,June,45.89
ORD001001,3,21.84,0.0,3.0,TOYS,Labe,MobileMoney,32.0,Female,Returning,February,56.31
ORD000406,2,16.55,10.0,6.0,Food,Conakry,Card,48.0,Female,Returning,May,33.42
ORD000062,1,100.81,0.0,3.0,Home,Conakry,Card,48.0,Male,New,January,107.92
ORD008563,2,108.63,0.0,6.0,Sports,Conakry,Mobile Money,37.0,Male,returning,September,258.52
ORD001075,3,9.51,0.0,3.0,Food,KANKAN,card,,Male,New,September,25.97
ORD002718,10,,0.0,6.0,Sports,Conakry,Cash Payment,,Male,Returning,June,1046.0
ORD000913,5,13.76,10.0,4.0,Toys,Conakry,mobile money,23.0,Male,New,January,59.92
ORD001931,7,,250.0,5.0,ELECTRONICS,Kankan,Card ,38.0,Female,New,April,2223.14
ORD008027,5,50.92,20.0,4.0,Clothing,Boke,Cash,21.0,Male,Returning,August,209.42
ORD007540,2,35.17,0.0,3.0,Sports,Boke,Mobile Money,30.0,Male,Returning,February,71.83
ORD003712,3,66.26,20.0,7.0,Cloting,Nzerekore,Cash,17.0,Male,New,April,172.11
ORD002236,6,205.98,0.0,,HOME,Conakry,Card,16.0,Male,Returning,April,1238.87
ORD003117,7,39.98,0.0,6.0,Toys,Conakry,Cash,23.0,Male,New,April,296.69
ORD002962,7,110.49,20.0,8.0,sports,CONAKRY,mobile money ,32.0,Female,Returning,March,620.32
ORD009026,3,13.12,10.0,2.0,books,Nzerekore,Card,24.0,Female,Returing,December,33.05
ORD001079,5,11.87,10.0,6.0,Book,Boke,Mobile Money,44.0,Female,Returning,September,49.27
ORD005348,1,-40.0,,6.0,Hom,Kankan,Mobile Money,50.0,Female,New,March,75.23
ORD004329,2,390.43,0.0,6.0,Electronics,Conakry,MOBILE MONEY,47.0,male,New,October,688.31
ORD004523,3,68.87,0.0,6.0, Sport ,Boke,,43.0,Male,returning,May,216.35
ORD001282,4,60.89,25.0,2.0,Clothing,Conakry,Card,16.0,Female,Returning,February,189.99
ORD000890,2,,5.0,3.0,Beauty,Conakry,Credit Card,45.0,male,New,August,103.39
ORD001906,4,70.5,0.0,4.0,Beauty,conakry,Cash,29.0,Male,Returning,June,276.16
ORD000701,4,26.84,0.0,3.0,TOYS,BOKE,Card,33.0,M,New,June,113.62
ORD002828,1,80.42,0.0,5.0,SPORTS,Labe,Card ,32.0,Female,Returning,September,74.08
ORD003601,4,,0.0,4.0,Books,Conakry,Mobile Money,40.0,FEMALE,NEW,August,145.7
ORD008527,3,40.22,,4.0,Toys,Conakry,Cash,-12.0,Female,New,June,72.56
ORD008610,3,32.71,10.0,5.0,Books,BOKE,Mobile Money,38.0,Female,New,December,88.46
ORD002290,4,20.87,0.0,7.0,food,CONAKRY,,35.0,Male,Returning,May,83.02
ORD001621,4,,5.0,1.0,Book,Conakry,Cash,24.0,Female,New,February,50.03
ORD002822,3,95.88,15.0,3.0,Clothing,Conakry,Card,21.0,FEMALE,Returning,April,262.69
ORD004475,5,68.29,,2.0,HOME,Kankan,Mobile Money,27.0,Female,Returning,June,365.73
ORD003400,2,405.54,10.0,3.0,Electronics,Conakry,Card,30.0,Male,Returning,November,609.3
ORD005226,3,29.27,250.0,6.0,Toys,Labe,,35.0,Female,Returning,May,79.15
ORD005430,4,35.91,10.0,,Toy,Boke,Card,31.0,Male,NEW,November,147.44
ORD007982,5,21.12,0.0,3.0,Books,Boke,Cash,25.0,Male,New,November,102.48
ORD005551,3,93.31,15.0,3.0,Sports,Kindia,Cash,30.0,M,Returning,August,222.34
ORD002696,4,112.52,0.0,4.0,Clothing,Boke,Mobile Money,26.0,Male,Returning,April,442.24
ORD004756,2,20.05,0.0,3.0,Food,Nzerekore,MOBILE MONEY,29.0,Female,New,June,37.12
ORD005858,5,148.63,,3.0,Sports,Conakry,Mobile Money,44.0,Female,Returning,March,659.88
ORD003992,6,31.66,10.0,3.0,Books,Conakry,Mobile Money,27.0,Female,New,December,159.19
ORD005758,-3,27.95,25.0,4.0,Toys, Conakry,Card,28.0,Female,Returning,February,94.41
ORD006631,5,43.08,0.0,4.0,Toys,Conakry,mobile money,26.0,Male,New,April,220.49
ORD004702,3,,0.0,4.0,Clothing,Kankan,Credit Card,39.0,F,Returning,February,206.86
ORD007439,3,16.86,0.0,5.0,Toys,KANKAN,Cash,37.0,Male,Returning,March,48.96
ORD005356,1,19.33,15.0,8.0,Beauty,Kindia,Mobile Money,,F,New,April,17.1
ORD004052,3,71.61,-20.0,6.0,Sports,N'Zerekore,Mobile Money,36.0,Female,Returning,November,241.18
ORD004453,4,20.99,0.0,,Books,Conakry,Cash,40.0,Female,New,November,83.57
ORD006009,-3,,10.0,1.0,Electronics,Kindia,Cash Payment,30.0,Male,returning,September,680.65
ORD004628,1,65.16,20.0,4.0,Beuty,Conakry,Mobile Money,36.0,Female,Returning,September,56.99
ORD002972,6,79.32,10.0,5.0,SPORTS ,LABE,Card ,23.0,FEMALE,Returning,April,395.67
ORD001883,4,80.86,,2.0,Sports,boke,Card,38.0,Male,New,February,326.92
ORD000511,2,45.7,0.0,3.0,Clothing,Kindia,Card,22.0,Female,New,October,92.85
ORD005847,3,49.68,0.0,7.0,sports,Labe,Cash Payment,38.0,Female,Returing,November,155.93
ORD000992,3,500000.0,0.0,7.0,Books,Kankan,Card,16.0,Female,New,July,55.64
ORD002054,4,18.26,0.0,8.0,SPORTS,KINDIA,Cash,23.0,Male,new,February,69.0
ORD001258,5,31.7,0.0,6.0,Beauty,Kankan,Cash,23.0,M,Returning,June,146.32
ORD006485,5,75.8,0.0,7.0,Sports,Kindia,Mobile Money,34.0,Female,New,November,383.69
ORD007950,3,293.75,0.0,1.0,Electronics,Boke,,33.0,FEMALE,New,March,874.78
ORD001064,6,209.32,0.0,4.0,Electronics,Conakry,Cash,38.0,Female,New,May,1281.74
ORD008977,3,153.66,30.0,4.0,Home,Labe,Mobile Money,30.0,Male,New,July,345.51
ORD008868,5,18.83,10.0,2.0,Book,kankan,Mobile Money,27.0,Male,Returning,September,85.03
ORD004700,4,28.78,0.0,4.0,Beauty,Kindia,Card,46.0,M,New,December,106.95
ORD003668,250,,10.0,3.0,Food,Kindia,,26.0,Male,Returning,December,39.72
ORD007183,4,,-20.0,2.0,Books,Kindia,Card,8.0,Female,New,November,43.57
ORD007142,4,80.28,0.0,2.0, Clothing ,conakry,,26.0,F,New,May,311.7
ORD007757,3,100.07,0.0,6.0,HOME,conakry,Card,41.0,Male,Returning,May,263.26
ORD001208,5,200.32,15.0,6.0,Electronics,Nzerekore,Card,24.0,Male,Returning,November,920.73
ORD001558,4,14.82,0.0,4.0,Books,Kindia,Card,46.0,female,New,March,54.86
ORD003688,7,15.35,0.0,5.0,books,NZEREKORE,Card ,25.0,Female,New,May,104.65
ORD001203,4,81.84,15.0,4.0,Sports,Nzerekore,Card,27.0,FEMALE,Returning,December,261.27
ORD006568,2,67.89,,4.0,Beauty,LABE,Card,37.0,Male,New,February,119.88
ORD007643,6,136.5,20.0,4.0,Home,Kindia,Cash,30.0,Female,New,January,632.22
ORD000581,6,578.48,0.0,,Electronics,Conakry,Card,26.0,Male,New,June,3652.87
ORD008169,3,88.28,0.0,8.0,Clothing,Labé,Cash Payment,23.0,Male,New,September,261.99
ORD006836,3,254.19,10.0,6.0,Electronics,labe,mobile money,28.0,Male,Returning,November,775.85
ORD005463,7,372.14,0.0,1.0,Eletronics,Conakry,MobileMoney,37.0,Male,New,July,2682.0
ORD000706,5,122.16,10.0,1.0,Clothing,Conakry,card,27.0,male,Returning,April,608.12
ORD009189,4,47.76,15.0,2.0,Beauty,Conakry,MobileMoney,32.0,M,New,October,159.46
ORD008783,3,12.8,25.0,5.0,FOOD,LABE,Card,37.0,Male,RETURNING,October,28.77
ORD001025,3,166.03,0.0,6.0,Home,BOKE,Card,33.0,Male,Returning,February,435.1
ORD002649,1,196.3,0.0,4.0,HOME,Boke,Card,29.0,Male,NEW,May,219.57
ORD002102,4,216.41,15.0,1.0,Electronic, Kindia ,CASH,31.0,Female,RETURNING,March,605.78
ORD000728,5,31.58,5.0,,Toy,Kindia,CASH,27.0,Female,New,February,170.67
ORD008448,3,33.39,0.0,,toys,KANKAN,Mobile Money,38.0,Male,New,December,110.35
ORD009414,1,98.76,0.0,4.0,Sports,kankan, Card ,32.0,Female,New,May,87.63
ORD009455,2,108.44,0.0,4.0,Home,Kankan,,31.0,Female,Returing,January,208.76
ORD008384,3,34.47,25.0,7.0,Beauty,Labé,Card,45.0,Male,New,May,81.75
ORD004598,3,52.68,,2.0,Clothing,Boke,MobileMoney,16.0,M,New,August,132.97
ORD001292,5,21.62,10.0,2.0,Books,Conakry,,18.0,Male,Returning,August,102.2
ORD003724,2,17.04,5.0,5.0,Toys,Boke,Mobile Money,27.0,Male,new,November,31.74
ORD006901,4,89.17,10.0,5.0,Electronics,Kankan,,28.0,Female,New,February,275.03
ORD006809,4,37.71,0.0,6.0,Toys,Kindia,Cash,,Female,Returning,April,160.37
ORD005761,1,21.04,,4.0,Electronics,kankan,Cash,8.0,Female,New,January,21.83
ORD008653,5,31.21,20.0,9.0,Beauty,Kankan,Mobile Money,34.0,M,Returning,December,122.44
ORD002811,5,82.84,0.0,8.0,BEAUTY,Conakry,Mobile Money,27.0,MALE,new,September,465.72
ORD003754,6,18.89,,6.0, Foood ,Conakry,Cash,40.0,female,Returning,May,88.03
ORD002983,4,45.34,5.0,3.0,Sports,kindia,Mobile Money,37.0,Male,Returning,May,171.66
ORD008665,6,30.76,20.0,5.0,Beauty,Boke,Card,25.0,Female,Returning,October,133.41
ORD004175,5,422.12,0.0,11.0,Electronics,Conakry,card,29.0,Female,New,March,1983.36
ORD002685,4,431.32,10.0,10.0,ELECTRONICS,Conakry,Cash,35.0,Male,NEW,June,1748.88
ORD008780,3,20.34,0.0,8.0, Books ,Kindia,Mobile Money,35.0,Male,New,January,68.17
ORD008036,5,95.42,0.0,4.0,Sports,Conakry,Cash,41.0,Male,New,November,444.98
ORD005544,3,61.63,0.0,,Clothing ,Kankan, Cash ,48.0,Female,Returning,June,176.26
ORD004825,2,45.77,20.0,3.0,Beauty,Kindia,MOBILE MONEY,,F,returning,May,73.73
ORD008436,2,10.73,5.0,4.0,food,Kindia,Mobile Money,16.0,Male,Returning,October,19.91
ORD004882,6,70.39,15.0,6.0,Clothing,Kindia,Cash,40.0,Male,Returning,January,368.4
ORD004904,3,42.0,20.0,2.0,Toy,kindia,Card,26.0,FEMALE,Returning,January,100.17
ORD007078,-3,75.8,20.0,6.0,Clothing,Kindia,mobile money,36.0,Male,RETURNING,August,381.47
ORD007606,5,399.22,,5.0,Electronics,Conakry,Cash Payment,38.0,Female,Returning,February,2054.02
ORD005437,2,319.72,0.0,5.0, Electronics,Kankan,Mobile Money,26.0,Female,Returning,September,603.99
ORD003266,4,43.66,,5.0,Clothing,Labe, Cash ,40.0,Male,Returning,December,193.53
ORD001657,5,6.51,30.0,6.0,Food,KINDIA,Cash,38.0,Male,Returning,November,25.35
ORD001019,3,104.53,10.0,7.0,Sports,Boke,Cash,24.0,F,New,May,332.13
ORD009128,5,424.83,,7.0,Electronics,Boke,Cash,31.0,Male,Returning,October,1653.48
ORD008943,4,21.24,10.0,4.0,Foood,Conakry,CASH,,Female,New,February,74.62
ORD003224,4,11.69,5.0,2.0,Books,Labe,MobileMoney,24.0,Male,Returning,March,40.77
ORD004809,2,1.3,0.0,4.0,Book,Conakry,Cash,8.0,Male,Returning,June,2.73
ORD004914,2,86.72,0.0,7.0,CLOTHING,Conakry,Mobile Money,39.0,Female,Returning,October,184.98
ORD006131,1,13.24,0.0,4.0,Food,Kindia,Cash,,Female,New,May,14.43
ORD007518,3,16.19,0.0,3.0,Foood,Boke,Mobile Money,18.0,Female,Returning,July,41.19
ORD009543,7,384.01,5.0,1.0,Electronics,Kindia,Mobile Money,26.0,Male,New,May,2230.71
ORD005590,4,181.66,20.0,5.0,Sports,Conakry,mobile money,28.0,Male,New,June,540.99
ORD006939,4,190.58,0.0,4.0,Electronics,Kindia,Mobile Money,36.0,Male,New,July,718.32
ORD003061,4,27.79,10.0,5.0,Toys,Conakry,Card,,Male,Returning,June,104.88
ORD002823,3,19.12,15.0,1.0,Food,BOKE,Mobile Money,180.0,Male,RETURNING,April,43.83
ORD008996,2,22.45,10.0,3.0,Food, Conakry ,Mobile Money,37.0,Female,returning,November,40.95
ORD000165,7,31.22,15.0,7.0,Toys,BOKE,Mobile Money,34.0,Male,New,May,190.54
ORD001920,5,610.97,10.0,6.0,Electronics,Conakry,Card,25.0,Female,Returning,January,2650.05
ORD004184,4,37.71,5.0,3.0,Toys,Labe,Cash,25.0,Male,New,January,134.89
ORD002474,1,38.5,10.0,6.0,Beauty,Labe,Mobile Money,41.0,Female,New,May,35.23
ORD006373,2,27.02,0.0,2.0,Beauty,Nzerekore,Cash,43.0,F,New,November,53.83
ORD005312,7,94.05,15.0,3.0,Sports,Kindia,Mobile Money,36.0,Female,New,November,474.53
ORD007226,6,,15.0,8.0,Food,Conakry,Mobile Money,46.0,Female,Returning,October,86.17
ORD009236,-3,11.17,0.0,3.0,Book,Kankan,Cash,36.0,Male,New,February,59.12
ORD006583,3,,10.0,5.0,Toys,CONAKRY,Mobile Money,40.0,Male,Returning,April,77.2
ORD005368,3,116.28,20.0,2.0,Sports,Kankan,card,30.0,Female,NEW,March,279.65
ORD005403,4,80.85,15.0,7.0,Home, Conakry,Mobile Money,36.0,male,Returning,May,238.75
ORD004092,2,226.22,10.0,6.0,Electronics,Kindia,CASH,55.0,Male,New,February,389.99
ORD008975,3,6.28,0.0,2.0,Books,KANKAN,Card,24.0,Female,Returning,September,19.43
ORD004737,4,72.63,10.0,,clothing,Labe,Mobile Money,27.0,Male,returning,December,241.54
ORD009368,3,97.71,250.0,5.0,Toys,Conakry,Card,32.0,Male,New,December,244.47
ORD006676,4,,0.0,6.0,Electronics, Conakry,Card,33.0,Male,New,March,1941.44
ORD004483,3,147.42,10.0,4.0,Sports,Conakry,Mobile Money,34.0,Male,New,April,443.96
ORD005747,5,371.04,15.0,1.0,Electronics,Boke,MOBILE MONEY,31.0,Male,Returning,July,1677.53
ORD002079,5,,25.0,,Toys,Labe,card,36.0,Female,New,January,123.48
ORD002964,4,,0.0,6.0,food,N'Zerekore,Card,18.0,Female,Returning,February,32.71
ORD006094,8,52.49,0.0,5.0,Clothing,CONAKRY,Cash Payment,25.0,Male,Returning,June,344.42
ORD002001,4,56.85,0.0,,Toys,Conakry,Card,33.0,Male,New,December,217.39
ORD008273,7,41.73,250.0,1.0,Clothing,Nzerekore,,26.0,M,New,October,282.44
ORD004071,6,12.96,0.0,1.0,BOOKS,Conakry,CASH,28.0,Female,New,March,85.49
ORD000027,4,24.01,10.0,6.0,Books,Boke,Card,22.0,Male,Returning,July,95.99
ORD000301,6,81.37,0.0,4.0,Clothing,Kankan,,22.0,Male,New,December,450.84
ORD007594,2,12.72,20.0,4.0,Books,Kindia,Card,36.0,Female,New,January,22.18
ORD006001,8,110.75,0.0,3.0,Home,Kankan,Cash,22.0,Male,New,November,880.24
ORD003298,5,86.5,0.0,7.0,Clothing,Conakry,cash,35.0,Female,Returning,November,474.8
ORD007996,4,35.04,0.0,3.0,Books,Conakry,Card,29.0,Female,New,November,142.71
ORD006301,250,12.78,10.0,3.0,Food,kindia,Mobile Money,37.0,Female,New,April,71.35
ORD003300,5,16.55,0.0,2.0,Foood,Conakry,mobile money,24.0,Female,New,April,90.39
ORD003316,4,10.17,5.0,8.0,Food,Labe,Cash,36.0,Female,RETURNING,May,34.7
ORD007173,4,91.5,0.0,2.0,Clothing,conakry,Cash,30.0,male,New,January,381.65
ORD005449,4,42.87,10.0,3.0,books,LABE,Card,31.0,Female,New,April,171.22
ORD001133,3,14.61,0.0,3.0,Food,Nzerekore,Card,32.0,Male,New,June,40.37
ORD008108,3,444.93,15.0,,Electronics,Kankan,card,16.0,Female,New,February,1294.4
ORD002556,5,44.56,0.0,8.0,beauty,Kindia,Card,51.0,Female,New,April,221.84
ORD004024,2,143.68,0.0,7.0,Home,Conakry,Mobile Money,16.0,Female,New,November,255.19
ORD002216,2,9.33,0.0,5.0,food,Conakry,MobileMoney,39.0,Female,Returning,February,16.8
ORD008915,4,14.06,0.0,5.0,FOOD, Conakry,,35.0,F,Returning,September,57.28
ORD004054,1,12.21,0.0,7.0,Food,Nzerekore,Card,24.0,Female,returning,February,13.32
ORD006948,4,17.86,0.0,4.0,Books,kindia,Cash,42.0,Female,Returning,August,65.82
ORD006304,1,,0.0,6.0,books,BOKE ,cash,37.0,Male,NEW,September,6.69
ORD006697,6,6.07,0.0,7.0,Food,Nzerekore,Card,,Female,Returning,February,36.39
ORD008363,4,18.6,5.0,7.0,Food,Conakry,Mobile Money,45.0,female,Returning,September,71.94
ORD002851,4,7.11,0.0,6.0,Beuty, Conakry,Mobile Money,,Male,New,April,31.2
ORD009533,5,33.17,10.0,7.0,Toys,Nzerekore,Card,,Male,Returning,December,138.12
ORD005743,6,26.03,10.0,5.0,Books,Kindia,Card,34.0,Female,New,July,142.76
ORD009531,3,182.92,0.0,1.0,Sports,conakry,Cash,23.0,Male,New,December,504.58
ORD007927,4,9.21,0.0,,Books ,kankan,Cash,23.0,Male,New,March,39.35
ORD006816,6,20.57,0.0,3.0,Books,Labe,Credit Card,,Female,New,September,109.4
ORD002258,6,,0.0,6.0,Home,Kankan,Card,47.0,Female,New,December,753.0
ORD009666,2,55.05,0.0,3.0,Sport,Labé,Card,19.0,Male,Returning,February,113.31
ORD007656,5,86.88,0.0,4.0,Beauty,Conakry,Card,22.0,Male,New,January,380.85
ORD001870,4,15.32,0.0,4.0,Clothing,Labe,Cash,31.0,Male,Returning,October,65.3
ORD002909,1,50.39,10.0,,Sports,nzerekore,Mobile Money,40.0,Male,New,March,41.12
ORD002663,2,32.01,5.0,5.0,BEAUTY,Nzerekore,,20.0,Male,New,July,64.44
ORD002735,6,10.79,0.0,,Food,Kindia,MobileMoney,26.0,Male,New,September,58.95
ORD003016,7,42.31,5.0,4.0,Toys,Boke,Cash,22.0,F,Returning,November,249.92
ORD007798,3,156.08,10.0,,Electronics,Nzerekore,Mobile Money,,Female,New,April,359.56
ORD007663,3,57.86,0.0,3.0,Home,Nzerekore,Mobile Money,27.0,Female,New,December,190.55
ORD002094,8,92.31,10.0,7.0,Clothing,Nzerekore,Cash,25.0,Male,Returning,October,686.25
ORD009474,4,63.07,0.0,4.0,Beauty,Conakry,,45.0,Female,New,September,232.76
ORD003679,2,37.66,10.0,,Book,Kindia,Mobile Money,32.0,Female,Returning,December,69.23
ORD007504,8,45.32,0.0,3.0,Book,Conakry,Mobile Money,36.0,Female,New,January,346.06
ORD001275,3,115.9,25.0,6.0,Home,Kindia,Credit Card,,Male,NEW,August,288.18
ORD007543,3,107.45,10.0,4.0, Electronics ,Kankan,Credit Card,24.0,Female,Returning,March,193.62
ORD001929,5,131.76,20.0,,Electronics,Labe,Mobile Money,23.0,Female,Returning,November,457.17
ORD008233,4,382.41,,1.0,Electronics,Conakry,card,22.0,female,Returning,October,1496.83
ORD009491,6,47.41,10.0,4.0,Toys,Conakry,Cash,39.0,Male,New,January,258.35
ORD000994,3,112.72,5.0,3.0,Sports,Nzerekore,,48.0,Female,Returing,November,271.84
ORD000025,5,,25.0,6.0,Clothing,CONAKRY,Cash,23.0,Male,Returning,September,246.41
ORD002925,250,132.86,20.0,2.0,Sports,Boke,Mobile Money,,male,New,June,93.04
ORD000645,7,53.82,0.0,1.0,Clothing ,Boke,card,38.0,Female,New,February,329.86
ORD004805,3,,0.0,3.0,CLOTHING,KANKAN,,23.0,Female,New,December,156.04
ORD003270,5,56.54,0.0,,Home,Conakry,Cash,36.0,MALE,Returning,January,278.04
ORD004370,2,24.13,10.0,6.0,Food,Nzerekore,Cash,27.0,Female,New,December,48.58
ORD007593,3,71.26,5.0,4.0,Clothing,Labe,CARD,8.0,Male,New,March,246.68
ORD007893,4,76.07,30.0,6.0,Clothing,Conakry,Credit Card,27.0,Male,Returning,November,209.55
ORD007102,6,18.56,-20.0,1.0,Food,Nzerekore,cash,42.0,Male,New,December,83.51
ORD003583,2,63.81,0.0,3.0,Beauty,Boke,Card,41.0,Female,Returning,June,124.21
ORD008112,6,14.92,10.0,5.0,Book,KANKAN,Mobile Money,42.0,Male,New,November,74.7
ORD000146,4,79.96,0.0,2.0,Home,BOKE,Mobile Money,23.0,Female,Returning,November,359.57
ORD005934,6,50.22,0.0,6.0,Sports,Nzerekore,Mobile Money,,Female,Returning,January,329.74
ORD002538,3,18.23,30.0,1.0,Food,Nzerekore,Card,29.0,Female,New,November,37.15
ORD006384,2,53.4,0.0,3.0,Beauty,Conakry,Cash,24.0,Male,NEW,February,101.92
ORD000579,7,15.64,0.0,5.0,Food,Kindia,Cash,21.0,Female,New,January,126.52
ORD002157,5,24.26,20.0,3.0,Foood,Conakry,Cash,27.0,Female,Returning,May,97.36
ORD006906,8,72.7,10.0,7.0,Sports,kankan,Cash,,Female,Returning,June,491.07
ORD001507,2,27.97,0.0,5.0,Books,Kankan,,34.0,Female,Returning,March,53.88
ORD001682,4,9.07,0.0,4.0,Foood,CONAKRY,Mobile Money,32.0,Female,Returning,March,39.38
ORD000128,3,20.85,0.0,,Food,Conakry,Card,29.0,Male,New,July,62.12
ORD005268,1,17.93,0.0,6.0,Food,Conakry,Cash,16.0,Male,New,February,15.63
ORD002812,5,248.73,0.0,5.0,Electronics,nzerekore,CASH,23.0,Male,New,April,1206.14
ORD003254,3,38.06,5.0,,Cloting,Nzerekore,Mobile Money,16.0,Male,New,January,95.51
ORD004456,2,34.16,,8.0,Beauty,NZEREKORE,Mobile Money,17.0,Female,Returing,April,70.23
ORD002287,2,130.92,15.0,4.0,HOME,labe,Credit Card,180.0,Male,New,October,231.87
ORD006614,4,376.1,0.0,6.0,Electronics,boke,Cash,39.0,Male,New,November,1477.23
ORD004942,250,174.27,5.0,6.0,Home,Boke,Credit Card,24.0,Male,New,August,459.46
ORD007557,9,,,7.0,Food,Kankan ,,40.0,Female,Returning,September,80.57
ORD002128,6,353.14,0.0,6.0,Electronics,Conakri,Cash,26.0,MALE,New,December,2242.86
ORD004873,5,103.93,20.0,3.0,Home,Boke,,30.0,Male,New,August,432.1
ORD008157,6,71.48,0.0,,Clothing,BOKE,Mobile Money,16.0,Female,New,April,412.22
ORD004670,4,20.92,0.0,3.0,Food,Conakry,Card,42.0,Male,New,December,79.73
ORD002307,5,23.27,0.0,4.0,Food,Kankan,Cash,26.0,male,Returning,September,119.07
ORD005842,1,24.05,10.0,2.0, Food , Conakry,CARD,34.0,Female,New,January,21.92
ORD005707,3,252.09,0.0,,Electronics ,CONAKRY,MOBILE MONEY,51.0,Male,Returning,June,764.29
ORD009340,3,65.77,-20.0,6.0,Clothing,Labe,cash,43.0,Female,Returning,August,198.34
ORD008488,5,36.53,10.0,6.0,Books,Boke,Cash,34.0,Female,New,December,152.41
ORD002289,3,10.96,15.0,5.0,Food,Conakry,Cash,40.0,M,Returning,August,27.45
ORD007764,6,13.51,0.0,,Food,CONAKRY,Mobile Money,33.0,Female,Returing,December,77.83
ORD006947,5,64.96,0.0,,HOME,Kankan,Cash,40.0,Female,Returning,January,270.81
ORD000894,2,,30.0,3.0,BEAUTY ,Conakry,CARD,29.0,Female,New,November,93.77
ORD004960,4,61.37,0.0,4.0,Sports,Kankan,Mobile Money,45.0,Female,New,June,218.45
ORD003953,4,87.29,0.0,-8.0,Sports,N'Zerekore,card,44.0,Male,Returning,September,293.48
ORD002573,5,,0.0,7.0,Clothing,Kankan,Card,21.0,Male,New,August,227.18
ORD008052,5,199.15,0.0,1.0,Sports,Conakry,CASH,37.0,Female,New,June,1091.88
ORD005573,4,29.14,0.0,-8.0,toys,Kindia,Credit Card,20.0,Male,Returning,May,120.53
ORD000282,1,152.99,0.0,4.0,Sports,kindia,card,24.0,Female,Returning,July,133.82
ORD009527,1,28.25,25.0,5.0,Toys,Labe,card,38.0,Female,Returning,July,22.09
ORD006688,2,33.68,0.0,3.0,toys,Nzerekore,Cash,36.0,Female,Returing,May,62.24
ORD000900,7,8.91,15.0,6.0, Food ,Conakry,Card,32.0,Female,New,May,52.62
ORD008015,3,42.75,10.0,,Toys,Nzerekore,Cash ,42.0,FEMALE,Returning,June,102.99
ORD009089,5,,10.0,,Home,Conakry,,28.0,Male,Returning,February,861.66
ORD001716,4,392.87,5.0,, Electronics ,Conakry,Mobile Money,39.0,FEMALE,New,November,1380.54
ORD008289,5,591.41,0.0,5.0,Electronics,Conakry,Card,33.0,Female,New,October,3202.78
ORD006555,3,116.42,10.0,6.0,Sports, Conakri ,Cash,16.0,Female,Returning,April,339.63
ORD008904,1,252.07,5.0,6.0,Home,Conakri,Cash Payment,46.0,Male,Returning,December,220.62
ORD008079,3,99.96,15.0,-8.0,Sports,Kankan,MobileMoney,25.0,Female,New,November,273.5
ORD008625,5,38.3,15.0,3.0,Beauty,Kankan,Credit Card,61.0,Male,New,June,179.32
ORD005313,1,248.33,0.0,3.0,electronics,nzerekore,Card,20.0,Female,returning,July,235.14
ORD004033,3,48.36,0.0,1.0,Toys,Conakry,Cash Payment,19.0,Male,New,May,135.32
ORD003363,3,,10.0,6.0,Hom,N'Zerekore,MOBILE MONEY,16.0,Female,New,August,153.97
ORD000134,6,37.69,0.0,7.0,Toys,Kindia,Card,30.0,Male,Returning,December,258.36
ORD002304,3,78.89,0.0,5.0,Beuty,CONAKRY,Card,37.0,Female,Returning,March,265.14
ORD008167,3,4.89,5.0,3.0,Book,Conakry,,16.0,Male,Returning,October,13.33
ORD002318,3,182.12,0.0,5.0,electronics,Kankan,Mobile Money,31.0,Male,Returning,May,587.6
ORD000260,2,149.18,,3.0,Sport,Conakry,MobileMoney,29.0,Female,New,June,279.8
ORD000585,2,24.22,0.0,5.0,Food,Conakry,Cash,30.0,Male,Returning,March,53.06
ORD000476,3,2.58,0.0,5.0,Book,KINDIA,Card,46.0,Female,Returning,July,8.24
ORD009165,7,43.53,15.0,7.0,Beauty,Kindia,Card,26.0,Male,New,December,270.65
ORD008564,7,97.4,0.0,-6.0,Home,Nzerekore,Card,27.0,Male,New,April,620.29
ORD005515,2,84.39,0.0,5.0,Beauty,Conakry,,25.0,Male,New,August,166.9
ORD004721,1,,0.0,3.0,Clothing,Kankan,MOBILE MONEY,34.0,Male,New,September,50.09
ORD003891,5,14.35,0.0,5.0,Food, Conakry,Cash ,24.0,female,New,June,75.81
ORD008853,8,127.26,5.0,2.0,Sports,Kindia,MobileMoney,28.0,Female,Returning,August,1012.11
ORD003710,8,52.55,20.0,2.0,TOYS,Conakry,cash,46.0,Male,Returning,August,367.74
ORD004411,4,18.93,15.0,4.0,Books,Kankan,card,16.0,M,New,February,58.02
ORD007458,4,315.25,10.0,4.0,Electronics,conakry,Cash Payment,40.0,MALE,New,October,1172.24
ORD008166,3,,0.0,5.0,Beauty,Nzerekore,mobile money,41.0,Female,New,February,119.02
ORD002458,4,,250.0,5.0,beauty,NZEREKORE,card,37.0,Male,Returning,May,178.14
ORD000185,3,75.55,10.0,4.0,Clothing,Conakri,Credit Card,26.0,Male,New,June,213.55
ORD009636,5,11.95,25.0,5.0,Books,Kankan,mobile money,32.0,Female,New,November,42.82
ORD001641,2,310.21,0.0,4.0,Electronics,N'Zerekore,MobileMoney,39.0,female,New,January,695.43
ORD009630,3,44.84,250.0,8.0,Toys,Boke,Cash,36.0,Female,Returning,February,139.05
ORD001996,2,15.0,0.0,3.0,Foood,Nzerekore,Mobile Money,27.0,Male,Returning,April,31.1
ORD008176,5,76.74,20.0,3.0,Home,Nzerekore,Cash,46.0,Male,Returing,October,251.8
ORD005160,4,21.0,10.0,4.0,Food,Boke,Cash,35.0,Female,Returning,April,80.72
ORD000705,5,34.66,0.0,5.0,Toys,Kindia, Cash Payment ,19.0,Male,New,February,186.5
ORD006757,2,118.41,0.0,6.0,Sports,Conakry,Mobile Money,49.0,Female,Returning,May,246.08
ORD006500,5,140.87,0.0,6.0,Sports,Conakry,Card,,MALE,New,April,665.26
ORD009518,5,49.13,0.0,6.0,Beauty,Conakry,Cash,45.0,Female,Returning,June,232.51
ORD000433,7,16.04,,6.0,BOOKS,boke,Cash Payment,,Female,Returning,April,104.81
ORD008067,9,47.73,10.0,7.0,Toys,Boke,Mobile Money,47.0,Female,Returning,December,441.6
ORD008609,5,102.51,0.0,6.0,Sports,Labe,cash,16.0,Male,New,September,458.75
ORD004316,3,46.0,10.0,1.0, Clothing ,Conakry,,39.0,female,New,October,130.91
ORD006312,5,87.24,0.0,5.0,Home,Kankan,Card ,26.0,Male,New,November,412.67
ORD008151,2,19.97,0.0,5.0,Food,Conakry,MobileMoney,22.0,Male,Returning,February,42.04
ORD001882,2,45.56,10.0,8.0,beauty, Conakry,,23.0,Male,New,December,84.66
ORD000905,3,143.08,0.0,,Sports,kindia,MobileMoney,17.0,male,Returning,October,470.15
ORD002377,4,,0.0,4.0,Clothing,boke,Card,33.0,Male,Returning,June,219.14
ORD005126,2,106.94,20.0,4.0,Hom,Boke,Cash,31.0,Female,New,July,171.85
ORD006024,5,38.64,0.0,2.0,Toys,Conakry,Card,42.0,Male,New,May,189.75
ORD004794,5,10.32,0.0,2.0,Food,Boke,mobile money,21.0,Male,New,September,55.42
ORD003539,2,226.18,,3.0,Electronic,Kankan,,16.0,FEMALE,New,October,355.61
ORD008219,250,120.76,0.0,5.0,Home,conakry,Cash Payment,26.0,Male,New,August,522.63
ORD008629,3,,20.0,7.0,Toys,Conakry,mobile money,33.0,Male,New,October,50.94
ORD007916,4,33.8,0.0,,Beauty,Boke,Cash Payment,-12.0,Male,Returning,August,102.32
ORD006486,1,13.34,0.0,7.0,Food,Labe,CARD,26.0,Male,Returning,September,13.12
ORD004770,5,213.72,5.0,3.0,Electronics,BOKE, Mobile Money ,32.0,Female,New,September,949.58
ORD002626,4,323.62,,7.0,Electronics , Nzerekore ,Mobile Money,29.0,Male,Returing,August,1007.97
ORD001179,8,85.64,0.0,-6.0,Clothing,boke,Mobile Money,20.0,Female,New,March,681.3
ORD009347,4,73.29,,6.0,BEAUTY,Conakry,Card,54.0,Male,New,February,204.1
ORD000454,2,16.15,,7.0,Food,Kindia,Mobile Money,44.0,Female,New,November,26.65
ORD002411,6,14.42,0.0,5.0,Books,nzerekore,Card,43.0,M,New,March,88.41
ORD007603,2,115.67,0.0,5.0,Sport,Conakri,,,Male,new,September,246.83
ORD001277,4,16.12,0.0,6.0,Toys,Boke,cash,36.0,Male,Returning,October,50.44
ORD004123,4,14.35,5.0,5.0,Food,Kindia,Card,21.0,M,new,December,64.48
ORD005029,8,,0.0,4.0,Eletronics,Nzerekore,Card,41.0,Male,New,February,1734.56
ORD008007,5,38.71,0.0,6.0,Toys,Nzerekore,Cash,35.0,Male,New,January,200.27
ORD003196,5,143.19,0.0,3.0,Sports,Conakri,Cash,39.0,Male,Returning,August,741.25
ORD002723,6,124.76,15.0,4.0,Home,Conakri,mobile money,16.0,male,New,October,584.06
ORD005058,4,66.88,30.0,1.0,Clothing,Kindia,Mobile Money,27.0,Male,Returning,May,171.82
ORD006321,3,85.23,5.0,6.0,Cloting,LABE,Card,42.0,Male,Returning,July,267.74
ORD002225,2,,0.0,4.0,Food,Kankan,Mobile Money,47.0,Female,Returning,April,34.23
ORD000256,6,15.79,0.0,7.0, Food ,boke,Mobile Money,50.0,Female,Returning,September,104.13
ORD001525,1,105.39,,,HOME,LABE,Card,23.0,M,New,February,118.53
ORD001186,6,176.73,15.0,2.0,Home,Kankan,Mobile Money,16.0,Male,Returning,May,897.72
ORD006725,2,546.37,25.0,2.0,Electronics,CONAKRY,Mobile Money,34.0,Male,New,July,883.71
ORD002306,5,62.41,5.0,6.0,Clothing,Boke,Mobile Money,27.0,Female,Returning,August,290.14
ORD008144,4,45.74,10.0,2.0,Sports,Nzerekore,Mobile Money,16.0,Female,New,November,195.68
ORD001429,1,74.5,0.0,3.0,SPORTS,Nzerekore,Cash,33.0,Male,New,December,83.23
ORD002026,2,68.82,15.0,5.0,Clothing,Kankan,CASH,32.0,Female,New,June,119.21
ORD003388,6,118.75,0.0,,SPORTS,Boke,Mobile Money,16.0,Male,Returning,October,712.15
ORD006249,6,47.91,,5.0,SPORTS,Conakry, Card ,28.0,Male,New,February,195.78
ORD001427,8,16.45,0.0,6.0,Food,boke,Mobile Money,34.0,Male,RETURNING,April,128.61
ORD002614,3,73.82,0.0,1.0,Sport,Kindia,Cash Payment,47.0,Female,Returning,May,212.51
ORD001497,4,72.05,20.0,5.0,Sports,kankan,Cash,26.0,FEMALE,RETURNING,November,231.11
ORD004251,5,597.63,,,Electronics,Conakry,Mobile Money,34.0,Male,Returning,April,3176.72
ORD002443,5,56.53,0.0,3.0,Clothing,Nzerekore,Cash,43.0,Female,New,June,313.07
ORD005232,1,14.38,15.0,9.0,Books,kindia,Cash,23.0,Female,New,April,11.28
ORD003378,6,22.25,10.0,2.0,Books,Conakry,Mobile Money,25.0,MALE,RETURNING,September,115.02
ORD008710,3,69.94,0.0,,Beauty,Conakry,CARD,24.0,Male,NEW,March,242.92
ORD004530,3,66.26,15.0,4.0,Clothing,Boke, Mobile Money ,,Female,Returning,September,155.34
ORD005304,6,150.7,,-6.0,Sports,Boke,CARD,18.0,Female,New,August,930.62
ORD002315,6,76.43,0.0,1.0,Home,conakry,,30.0,Female,Returning,May,412.79
ORD009357,2,70.88,15.0,7.0,Clothing,Kindia,card,,Female,New,January,102.79
ORD000432,6,23.14,0.0,3.0,Food,Conakry,,36.0,Male,new,March,110.71
ORD007420,3,61.53,10.0,2.0,Clothing,NZEREKORE,Mobile Money,30.0,Male,Returning,May,144.78
ORD003353,7,86.47,10.0,4.0,Toys,Conakry,Card,27.0,Female,Returning,October,530.1
ORD004317,3,231.2,0.0,4.0,Electronics,Kindia,Cash,31.0,Female,New,May,736.48
ORD002888,3,15.01,5.0,4.0,Foood,Nzerekore,Mobile Money,,Female,New,April,44.88
ORD005500,3,40.17,0.0,6.0,Toy, Kankan ,Mobile Money,30.0,Male,New,March,133.13
ORD006595,2,45.49,5.0,3.0,Toys,boke,Mobile Money,42.0,Female,New,August,83.38
ORD003709,1,31.39,,6.0,Toys,Boke,Card,50.0,Female,New,January,35.14
ORD003764,3,36.81,0.0,5.0,Toys,Conakry,Mobile Money,,male,Returning,March,113.71
ORD008408,4,1.3,0.0,4.0,Books,Conakry,Card,20.0,F,NEW,March,5.31
ORD008260,4,67.88,10.0,8.0,CLOTHING,Conakry,Card,27.0,Female,New,May,261.81
ORD007552,5,41.16,10.0,,beauty,Labe,Mobile Money,18.0,Male,Returning,December,176.18
ORD001027,2,20.29,10.0,150.0,Foood,boke,Card,16.0,Male,New,August,39.43
ORD008310,3,75.58,5.0,7.0,Home,Labe,Card,33.0,Female,New,January,233.98
ORD000986,3,,0.0,1.0,Food ,Kindia, Cash ,33.0,female,Returning,August,40.3
ORD001982,3,20.03,25.0,4.0,food,Nzerekore,Cash,35.0,Male,New,March,42.75
ORD001033,5,,0.0,3.0,Clothing,Boke,Card,16.0,Female,New,February,58.78
ORD004608,3,129.3,10.0,5.0,home, Labe ,Card,38.0,Male,New,May,348.75
ORD007636,5,155.57,25.0,5.0,Home,CONAKRY,Cash,42.0,Female,Returning,June,587.94
ORD002579,3,58.29,0.0,2.0,Toys,Conakri,Mobile Money,38.0,Male,Returning,June,205.54
ORD006356,5,79.37,15.0,2.0,Sports,Boke,Cash,30.0,FEMALE,returning,September,342.47
ORD007160,2,32.63,0.0,2.0,Toys,BOKE,Cash,40.0,Male,New,September,52.69
ORD007060,7,113.95,15.0,5.0,home,Kindia,cash,43.0,Male,NEW,January,707.55
ORD004125,3,127.95,5.0,2.0, Sports ,Conakri,Cash,33.0,Female,New,October,373.51
ORD008501,3,,10.0,7.0,Sports,Labe,Card,18.0,Male,RETURNING,December,220.56
ORD005288,3,31.95,0.0,-6.0,Books,KINDIA,Cash,39.0,Female,Returning,March,91.12
ORD003813,3,29.58,0.0,2.0,Toys,Kankan,Mobile Money,48.0,Female,returning,May,99.59
ORD004011,2,110.91,0.0,5.0,Clothing,Kindia,MobileMoney,25.0,Female,New,June,206.55
ORD008754,2,47.71,,150.0,Beauty,Labe,Cash,18.0,female,Returning,August,94.19
ORD004048,3,57.38,,3.0,BEAUTY,boke, Card ,32.0,Male,New,August,157.93
ORD005193,2,94.74,0.0,5.0,Clothing,kindia,Cash,36.0,Male,Returning,July,217.93
ORD003645,5,370.57,0.0,5.0,ELECTRONICS,Kindia,Card,34.0,Female,New,February,1777.21
ORD008888,3,16.24,5.0,3.0,Books,KANKAN,cash,21.0,Female,New,December,46.69
ORD003275,7,173.2,5.0,5.0,Sport,boke,cash,37.0,Male,New,October,1199.38
ORD005814,4,124.22,0.0,2.0,Home,Conakry,CARD,16.0,Female,Returning,July,494.06
ORD004425,2,172.48,5.0,3.0,Home,Conakry,Cash,,Male,New,December,320.69
ORD001939,2,24.29,20.0,6.0,Food, conakry ,Cash,47.0,Female,Returning,March,40.22
ORD005974,4,61.06,5.0,5.0,Clothing,Nzerekore,Mobile Money,23.0,Male,Returning,March,194.36
ORD008446,5,500000.0,0.0,6.0,Electronics,Boke,,16.0,Female,Returning,March,1765.62
ORD001723,4,11.85,0.0,6.0,Food,Conakry,Card,20.0,Female,new,August,50.81
ORD005252,3,129.37,5.0,3.0,Home,labe,Credit Card,53.0,Male,NEW,May,382.16
ORD007198,1,22.74,10.0,4.0,Toys,Nzerekore,Cash,8.0,Female,Returning,November,22.03
ORD005777,3,280.29,0.0,4.0,Home,conakry,Card,24.0,male,Returning,May,833.04
ORD009592,5,48.89,20.0,,Beauty,Nzerekore,Card,16.0,Female,New,July,205.54
ORD007936,5,79.45,15.0,,Clothing,Kindia,mobile money,21.0,Male,Returning,April,287.18
ORD003064,3,18.1,20.0,,books ,Labe,Card,43.0,Female,New,September,38.34
ORD002671,4,119.44,0.0,5.0,Sports,Conakry ,Card,16.0,Female,Returning,July,441.98
ORD006499,3,17.5,,1.0,Books,Labe,Mobile Money,28.0,Female,Returing,January,47.13
ORD001515,5,351.43,0.0,3.0,Electronics,Kindia,Card,25.0,Female,Returning,August,1876.18
ORD006548,2,15.79,10.0,8.0,Books,Kindia,,27.0,Female,Returning,August,28.35
ORD001886,3,67.48,0.0,2.0,Cloting,Conakry,Card,23.0,Male,Returning,July,195.23
ORD001061,-3,,0.0,4.0,Hom,Conakry,Card,39.0,Male,Returning,September,459.39
ORD007475,2,325.36,,3.0,ELECTRONICS,BOKE,Cash,47.0,Male,New,December,685.99
ORD001404,4,,,1.0,Foood,Nzerekore,Mobile Money,21.0,Male,Returning,March,27.36
ORD003513,2,20.76,15.0,3.0,Food,Conakri,Card,21.0,F,New,March,37.02
ORD005307,4,49.96,0.0,3.0,Beauty,Labe,,42.0,M,New,July,195.42
ORD008988,7,17.19,,6.0,Food, Nzerekore ,Card,37.0,Male,New,February,98.34
ORD008920,2,37.58,0.0,4.0,Toys,BOKE,Mobile Money,33.0,male,NEW,March,72.51
ORD005815,1,12.3,15.0,4.0,books,Kankan,Card,51.0,Female,Returning,May,10.4
ORD002414,10,48.43,0.0,2.0,Beauty,Conakri,CASH,31.0,Female,New,March,478.74
ORD003409,3,1.05,0.0,3.0, Food ,Boke,Cash,32.0,Male,Returning,August,2.87
ORD002328,250,36.96,,3.0,Beauty,Conakry,Card,35.0,Female,New,January,55.13
ORD004675,3,19.52,5.0,6.0,Food,kindia,Card,25.0,Female,returning,February,51.73
ORD004597,5,11.77,15.0,6.0,Book, Conakry,MOBILE MONEY,41.0,Female,New,April,51.36
ORD001176,5,87.42,20.0,5.0,Sports,Nzerekore,Card,51.0,Male,Returning,November,352.26
ORD004372,4,14.96,0.0,6.0,food,kindia,Card,33.0,Female,Returning,January,57.23
ORD009394,4,86.69,0.0,5.0,Sports,kankan,Card,,Female,New,February,339.66
ORD001107,1,7.96,0.0,1.0,Food,Kindia,Card,43.0,Male,New,February,8.32
ORD001867,3,135.71,0.0,4.0,Home, Conakry ,MobileMoney,26.0,FEMALE,Returning,July,415.8
ORD000595,-3,27.45,25.0,5.0,Beauty,Boke,Mobile Money,36.0,Female,returning,May,75.4
ORD004426,5,41.78,15.0,6.0,Sports,Conakry,Cash,23.0,Male,Returning,July,191.01
ORD003339,2,48.82,15.0,,Toys,Conakri,Mobile Money,35.0,Female,New,August,78.88
ORD003151,3,4.82,0.0,3.0,food,Conakry,Card,39.0,F,Returning,July,14.11
ORD000132,3,,10.0,3.0,Food,Conakry,MOBILE MONEY ,31.0,Female,Returning,October,40.45
ORD009455,2,108.44,0.0,4.0,Home,Kankan,,31.0,Female,Returing,January,208.76
ORD006071,6,35.2,0.0,6.0,Beauty,Nzerekore,Cash Payment,33.0,Male,Returning,October,208.07
ORD009488,3,33.57,0.0,3.0,Beauty,Boke,cash,36.0,Male,New,August,107.53
ORD005290,6,9.32,,6.0,Food,Kankan,CASH,23.0,Male,Returning,November,41.93
ORD004841,3,156.04,15.0,-8.0,Home,Kankan,Cash,33.0,MALE,New,August,358.96
ORD002332,3,26.42,0.0,2.0,Food,Boke,Cash,39.0,Male,NEW,June,79.21
ORD006724,4,,0.0,8.0,Electronics,Conakry,Mobile Money,38.0,Female,New,January,2351.04
ORD004203,3,283.24,5.0,3.0,Home,Conakry,Cash,24.0,Male,New,February,878.38
ORD004303,2,369.87,15.0,4.0,ELECTRONICS,KANKAN,cash,180.0,Male,Returning,December,620.12
ORD002352,3,24.1,0.0,3.0,Food,Boke,CASH,26.0,Female,Returning,June,77.99
ORD001147,3,51.36,15.0,4.0,Beauty,Boke,Cash,30.0,Female,New,September,129.76
ORD008199,1,149.13,0.0,4.0,HOME,Kindia,Card,29.0,Male,Returning,January,129.48
ORD002652,3,179.57,10.0,7.0, Electronics ,Boke,Cash,33.0,Female,New,December,505.05
ORD008393,1,25.12,5.0,3.0,Books,KINDIA,card,48.0,Female,New,March,23.12
ORD001797,5,70.48,-20.0,5.0,Clothing,Conakry,Mobile Money,19.0,Female,Returning,October,257.78
ORD002288,5,229.83,0.0,,Electronics,Kindia,Cash,40.0,Female,Returning,February,1173.72
ORD003406,4,6.48,,3.0,Food, Nzerekore ,Cash,18.0,male,New,February,25.92
ORD006380,3,96.15,0.0,,Clothing,Kindia,Card,28.0,Male,NEW,December,321.74
ORD000294,3,41.74,15.0,4.0,Beauty,Nzerekore,Card,42.0,Male,Returning,September,114.91
ORD006969,3,373.94,5.0,8.0,Electronics,Conakry,mobile money,19.0,Male,New,December,1022.26
ORD004102,5,108.83,10.0,7.0,Hom,Labe,card,22.0,Male,New,September,495.87
ORD007635,4,43.9,0.0,4.0,TOYS,Conakry,CARD,28.0,Female,Returning,June,167.22
ORD008469,3,31.88,5.0,6.0,Books,Boke,Card,19.0,Male,Returning,September,98.05
ORD008191,3,,0.0,6.0,Sports,conakry,,29.0,Male,NEW,July,450.15
ORD005078,2,,15.0,2.0,Food,Kindia,Cash,34.0,Male,Returning,February,23.79
ORD007921,7,57.49,0.0,6.0,CLOTHING,Kindia,mobile money,41.0,Male,Returning,June,447.47
ORD008064,6,,20.0,-6.0,Food,Kankan,Credit Card,32.0,Male,New,April,67.16
ORD001279,3,23.51,10.0,3.0,Clothing,Kankan,,30.0,Female,Returning,August,67.3
ORD003496,6,313.23,0.0,4.0, Electronics ,Conakry,Card,23.0,F,Returning,November,1959.14
ORD006296,4,14.55,0.0,6.0,Food , Boke ,Credit Card,,Female,Returning,January,56.32
ORD007882,3,216.12,0.0,5.0,Electronics,Conakry,Mobile Money,18.0,Female,Returning,August,674.61
ORD007242,5,27.71,15.0,3.0,FOOD,CONAKRY,,35.0,Male,Returning,April,112.38
ORD004084,3,35.63,15.0,,toys, Conakry,Cash,16.0,Female,Returning,September,92.91
ORD006195,4,23.64,0.0,3.0, Beauty ,Labe,Mobile Money,38.0,Male,Returning,March,90.76
ORD004711,2,,0.0,3.0,Toys,Kindia,Cash,35.0,M,New,August,95.57
ORD005778,1,287.73,10.0,6.0, Electronics ,Nzerekore,Card,26.0,Female,New,March,238.62
ORD008236,4,149.83,,7.0,Sports,Boke,Card,23.0,female,Returing,August,484.53
ORD003845,5,63.06,0.0,10.0,Beauty,Conakry,Card,39.0,Male,New,August,296.42
ORD005672,4,48.21,0.0,4.0,Beauty,Nzerekore,,36.0,Male,RETURNING,October,189.3
ORD007356,7,6.05,0.0,3.0,Books,Labe,CARD,19.0,Male,New,October,46.22
ORD008928,3,23.56,0.0,7.0,Food,Boke,mobile money,31.0,Male,New,May,72.62
ORD007392,250,81.3,,4.0,Sports,Labe,Card,32.0,F,New,March,363.38
ORD007922,4,32.18,,3.0,Beauty,KANKAN,Mobile Money,41.0,Female,New,August,132.52
ORD005986,1,78.9,,,Clothing,Kindia,Card,44.0,MALE,Returning,April,81.22
ORD005638,4,132.61,5.0,,Home,Kindia,Cash,24.0,Female,Returning,January,571.89
ORD003706,5,34.06,10.0,-8.0,Clothing,Kankan,Cash,18.0,Female,Returning,June,140.6
ORD005690,1,13.56,20.0,5.0,Food,Labe,Mobile Money,22.0,Female,New,July,10.85
ORD002593,2,32.15,0.0,3.0,books,Conakry ,Cash Payment,,Female,Returning,September,69.22
ORD002672,4,445.28,0.0,3.0,Electronics,Boke,Cash,48.0,MALE,New,February,1888.77
ORD000187,3,65.08,30.0,-6.0,Clothing,Nzerekore,Card ,29.0,Female,Returning,May,127.37
ORD008228,2,83.75,10.0,5.0,Home,CONAKRY,Cash,32.0,Female,New,February,141.48
ORD000318,7,32.43,25.0,1.0,Toys,Kankan,Card,,Female,New,January,141.11
ORD009337,5,17.02,10.0,8.0,books,Labe,Card,180.0,Female,Returning,March,74.71
ORD004282,1,398.13,,5.0,Electronics,Labe,Mobile Money,33.0,Female,New,March,304.92
ORD006807,3,75.84,0.0,5.0,Clothing,Conakry,MobileMoney,54.0,Female,New,April,230.41
ORD005088,4,310.77,0.0,1.0,Electronics,N'Zerekore,Cash,19.0,F,New,November,1346.54
ORD002250,3,500000.0,20.0,3.0,Beauty,Nzerekore,Credit Card,26.0,Female,New,December,3.76
ORD001612,2,24.34,10.0,6.0,food,Conakry,Mobile Money,30.0,Female,Returing,April,44.93
ORD004843,4,,5.0,5.0,Electronics,Boke,Cash,22.0,female,Returning,August,1324.63
ORD005174,7,4.72,10.0,5.0,Toys,Conakry,Cash,43.0,Female,Returning,May,32.66
ORD002719,4,317.27,0.0,7.0,  Electronics  ,Boke,,41.0,Female,Returning,September,1233.24
ORD006847,5,60.57,0.0,,Clothing,Kankan, Card ,33.0,Male,Returning,January,293.97
ORD001032,1,46.15,,10.0,Toys,Conakry,Card,,Female,New,November,37.44
ORD003334,3,377.44,5.0,8.0,Electronics,Kindia,mobile money,45.0,Male,New,March,1102.25
ORD008338,2,157.83,0.0,5.0,home, Conakry ,card,41.0,Male,Returning,December,306.82
ORD007559,1,38.25,10.0,7.0,Toys, Conakry,Cash,45.0,Male,Returning,June,41.6
ORD005744,4,14.49,0.0,4.0,Books,Nzerekore,Mobile Money,49.0,Male,Returning,March,52.07
ORD008364,2,277.01,25.0,8.0,Electronics,Boke,Cash,50.0,Female,Returning,October,412.76
ORD003922,3,103.13,0.0,3.0,sports,Conakry,Card,33.0,Female,new,April,340.52
ORD008465,3,27.29,,3.0,beauty,Boke,Cash,16.0,Female,New,July,78.48
ORD008031,5,17.43,0.0,6.0,Food,Kankan,Mobile Money,8.0,M,Returning,January,82.69
ORD001151,5,16.76,,3.0,Toys,KINDIA,Card,38.0,Male,New,February,57.03
ORD009544,5,,0.0,6.0,Home,Nzerekore,Cash,39.0,male,Returning,August,249.44
ORD003993,3,69.92,5.0,5.0,Cloting,Labe,Cash,24.0,Female,Returning,October,199.94
ORD000004,2,14.03,0.0,5.0, Books , Conakry ,card,25.0,Female,Returning,January,30.19
ORD005881,1,131.53,10.0,1.0,Home,Nzerekore,Mobile Money,38.0,Female,Returning,April,120.4
ORD008946,2,253.36,250.0,,Electronics,Kankan,card ,28.0,Male,Returning,October,353.56
ORD006720,6,40.41,5.0,3.0,clothing,boke,Credit Card,21.0,Female,New,October,241.49
ORD005588,3,60.23,0.0,5.0,Clothing,Conakry,CARD,28.0,Male,New,June,173.33
ORD009286,2,19.0,0.0,4.0,Clothing,Kindia,Cash,27.0,Female,New,August,36.0
ORD003640,4,93.74,0.0,5.0,Electronics,Kankan,Cash,21.0,Male,Returning,December,370.03
ORD004106,3,19.67,0.0,5.0,Food,Conakry,Cash,8.0,Male,New,September,55.32
ORD009347,4,73.29,,6.0,BEAUTY,Conakry,Card,54.0,Male,New,February,204.1
ORD001885,4,,20.0,8.0,Clothing,Boke,Cash,21.0,Male,New,January,228.85
ORD001003,4,,5.0,10.0,Clothing,Conakry,Card,26.0,Male,Returning,September,254.44
ORD000633,5,61.82,10.0,,Sports,Kindia,Card,24.0,Male,New,August,215.22
ORD006498,3,,10.0,2.0,Books,kankan,Card,24.0,Female,New,October,80.27
ORD007121,3,146.19,0.0,4.0,Home,Boke,Cash,24.0,Male,New,September,424.72
ORD002014,4,103.25,0.0,4.0,Sports,Kankan,Mobile Money,25.0,Female,New,July,400.74
ORD007751,2,27.5,0.0,5.0,Clothing,Labe,Mobile Money,16.0,Male,New,July,54.45
ORD003228,3,,0.0,3.0,Eletronics,Conakry, CASH ,30.0,Male,New,October,1718.96
ORD004876,6,,15.0,8.0,Home ,Nzerekore,Cash,58.0,Male,Returning,June,571.07
ORD003657,5,51.09,0.0,4.0,Clothing,LABE,Mobile Money,44.0,Male,Returning,September,266.08
ORD000423,5,69.56,0.0,4.0,Beauty,Kindia,Cash,41.0,Male,New,March,304.79
ORD008843,2,15.83,0.0,,Food,Nzerekore,Card,180.0,Female,Returning,March,31.63
ORD005637,7,58.76,0.0,2.0,Clothing, Labe ,MobileMoney,20.0,Female,New,March,436.41
ORD009049,6,49.18,0.0,4.0,Home,Kankan,Cash,36.0,Female,RETURNING,August,312.4
ORD004151,6,33.25,0.0,5.0,Beauty,Labe,Card,31.0,Male,New,August,209.19
ORD003749,1,53.41,5.0,6.0,Beuty,Conakry,Cash,,Female,Returning,March,44.77
ORD002003,4,80.16,0.0,4.0, Clothing ,Kindia,Mobile Money,28.0,Male,New,February,360.8
ORD001333,3,18.51,0.0,4.0,books,Kindia,cash,33.0,female,New,November,49.81
ORD005737,3,108.87,5.0,5.0,Clothing,Conakry,card,36.0,Female,New,December,285.92
ORD002886,2,34.66,5.0,3.0,Clothing,Labe,Card,,Female,New,September,59.78
ORD001351,3,122.69,15.0,4.0,Hom,Nzerekore,Mobile Money,32.0,Female,New,March,331.6
ORD008732,7,232.78,0.0,, Electronics,Labe,Mobile Money,52.0,M,New,July,1562.47
ORD008495,4,31.61,10.0,4.0,Clothing,Nzerekore,Card,29.0,Female,New,September,116.72
ORD007100,4,90.78,5.0,,Sports,Boke,Card,22.0,Female,New,October,321.53
ORD005263,5,58.58,10.0,,Sports,Labe,Mobile Money,30.0,Male,New,October,235.51
ORD004064,3,86.85,0.0,,Sports,Kindia,Cash,42.0,Female,New,November,251.62
ORD004161,2,13.69,5.0,4.0,Books,Kindia,MOBILE MONEY,16.0,Male,New,June,25.84
ORD001445,4,42.06,250.0,5.0,Toys,kindia,Card,31.0,Male,Returning,May,133.32
ORD008215,3,28.89,25.0,2.0,Toys,boke,Mobile Money,24.0,M,Returning,December,65.45
ORD002745,4,82.86,0.0,6.0,Clothing,Conakry,Card,25.0,Male,New,September,383.71
ORD002960,5,19.35,0.0,3.0,Books,Boke, MobileMoney ,36.0,Male,New,May,97.65
ORD005596,1,40.02,,3.0,Home,N'Zerekore,CARD,39.0,Female,New,February,31.41
ORD002912,2,217.16,,,Electronics,Boke ,Cash Payment,,Male,Returning,November,388.03
ORD006269,5,27.37,0.0,8.0,Books,Conakry,Mobile Money,,Female,New,July,141.62
ORD008354,4,113.97,0.0,9.0,Home,Kankan,Mobile Money,39.0,Male,New,April,407.11
ORD000218,6,74.55,,3.0,Clothing,Conakry,Card,33.0,Female,New,August,486.68
ORD007382,5,460.28,0.0,3.0,Eletronics,kindia,Cash,17.0,Female,New,June,2376.96
ORD009341,4,15.92,0.0,7.0,toys,Conakry,Mobile Money,42.0,Female,New,June,47.1
ORD004697,1,1.0,250.0,4.0,Beuty,Kindia,Credit Card,42.0,Female,returning,July,0.88
ORD001312,6,69.36,0.0,6.0,Beauty,Conakry,Card,29.0,Female,New,November,353.91
ORD008884,4,40.66,0.0,7.0,Toy,Labe, Cash ,30.0,Female,New,January,166.22
ORD003369,5,49.3,10.0,,Sports,Conakry,Card,35.0,Female,New,August,187.61
ORD000651,1,75.48,25.0,2.0,Sports,N'Zerekore,Mobile Money,19.0,Male,New,August,48.01
ORD002489,8,179.73,0.0,3.0,Home,Labe,CASH ,35.0,male,Returning,April,1368.64
ORD009046,1,14.23,0.0,2.0,Clothing,Kankan ,Mobile Money,34.0,Female,New,December,12.66
ORD008659,4,25.09,250.0,3.0,Toys,Nzerekore,Cash,37.0,Male,New,September,88.77
ORD001582,3,18.32,250.0,3.0,Books,KINDIA,MOBILE MONEY,23.0,Female,New,September,51.77
ORD007740,3,430.71,,5.0,Electronics,Kankan,Cash,42.0,Female,New,February,1360.74
ORD007274,5,56.55,0.0,8.0,clothing,BOKE,Cash,39.0,Male,NEW,December,284.47
ORD006459,1,87.98,,2.0,Sports,kindia,Mobile Money,41.0,Male,New,December,84.06
ORD004438,4,23.85,10.0,2.0,FOOD,CONAKRY,,39.0,Male,Returning,August,99.8
ORD002899,4,30.0,,4.0,Toys,Conakry,Cash,19.0,Female,New,October,123.98
ORD000360,3,,5.0,4.0,Sports,kindia,Card,36.0,Female,Returning,November,202.42
ORD008613,4,419.62,0.0,7.0, Electronics ,CONAKRY,Mobile Money,42.0,Female,New,October,1569.05
ORD001961,5,552.7,0.0,,Electronics,Kindia,Card,38.0,Female,New,September,3050.16
ORD007118,6,27.03,15.0,1.0,Toys,Labé,CASH,39.0,Male,New,June,130.2
ORD005818,4,50.92,10.0,2.0,Clothing,kankan, Credit Card ,37.0,Female,Returning,April,173.37
ORD005827,3,127.87,20.0,2.0,Home,KANKAN,Cash,24.0,Female,New,July,334.89
ORD002205,2,73.17,10.0,3.0,Clothing,Boke,Mobile Money,36.0,MALE,New,July,127.56
ORD006126,5,,0.0,,Electronics,Nzerekore,Cash Payment,61.0,Male,New,July,1691.11
ORD000420,4,31.53,0.0,5.0,Books,Conakry,Card,39.0,Female,Returning,December,140.64
ORD000181,3,53.93,,6.0,beauty,kankan,Card,26.0,Female,New,April,154.18
ORD009270,2,33.2,5.0,5.0,beauty,Nzerekore,Mobile Money,49.0,Female,NEW,July,63.15
ORD003997,1,39.15,,5.0,Sport,Kankan,Card,24.0,female,New,February,31.53
ORD000418,2,20.74,0.0,5.0,Books,BOKE,Cash,44.0,MALE,Returning,August,42.6
ORD008722,4,,0.0,3.0,Sports,Nzerekore,Mobile Money,18.0,Male,Returning,January,433.02
ORD000978,3,67.04,0.0,6.0,clothing,Conakry,Card,29.0,Male,Returning,September,143.18
ORD000787,6,137.09,15.0,8.0,Home,Conakry,Mobile Money,30.0,Female,New,February,723.68
ORD001958,4,3.75,0.0,5.0,Beauty,Labe,MobileMoney,42.0,FEMALE,Returning,December,13.19
ORD000371,2,17.47,15.0,2.0, Books , Conakry, card ,38.0,Male,Returning,June,29.25
ORD008482,2,82.8,5.0,7.0,Clothing,Kankan,Mobile Money ,29.0,male,Returning,August,162.46
ORD009364,2,19.8,0.0,7.0,Food,Conakry,Mobile Money,37.0,Female,New,October,36.22
ORD008581,5,310.7,0.0,3.0,Electronics,Conakry,Cash,49.0,Female,Returning,May,1290.98
ORD001183,3,121.24,20.0,,Home,Kindia,,26.0,F,New,May,313.47
ORD003346,3,51.05,0.0,5.0,CLOTHING,kindia ,MobileMoney,38.0,Female,New,July,141.85
ORD003674,6,27.44,0.0,5.0,Beauty,KINDIA,Mobile Money,,Male,Returning,June,178.0
ORD006174,3,8.51,5.0,8.0,Food,Nzerekore, Mobile Money ,24.0,Male,New,April,25.93
ORD009496,2,52.5,0.0,1.0,Clothing,LABE,Cash ,19.0,Female,New,May,102.1
ORD009213,2,143.04,0.0,4.0,Home,Conakry,Mobile Money,38.0,Male,New,July,270.27
ORD002186,5,285.89,10.0,5.0,Electronics,Boke,Cash,29.0,Female,NEW,June,1213.45
ORD008807,3,197.49,15.0,5.0,Electronics,Conakry,Card,24.0,Female,New,July,527.16
ORD005531,2,43.07,0.0,4.0,Beauty,boke,MOBILE MONEY,54.0,Male,Returning,January,83.03
ORD008390,1,24.51,0.0,3.0,Beauty, Conakry,CASH,,Female,New,September,24.1
ORD006364,3,49.1,0.0,6.0,Toys,Boke,Cash ,30.0,Male,New,March,166.51
ORD001071,2,49.98,0.0,6.0,TOYS,Conakry,Cash,29.0,Male,New,April,85.4
ORD006488,3,201.34,5.0,4.0,Electronics,Kindia,CASH,31.0,Male,New,December,540.34
ORD001556,-3,71.42,0.0,8.0,Clothing,conakry,cash,28.0,Male,New,October,224.07
ORD006890,5,,,4.0,Sports,Kankan,Card,16.0,Male,New,January,613.79
ORD006061,3,58.66,,7.0,Sports,Kindia,Credit Card,,Female,Returning,April,137.6
ORD003323,3,22.24,0.0,6.0,Toys,Boke,Mobile Money,29.0,Male,Returning,February,63.15
ORD002977,3,23.72,20.0,4.0,Books ,Kankan ,Mobile Money,28.0,Female,Returing,October,51.31
ORD004641,3,30.1,,3.0,Books,Conakry,CASH,,Male,Returning,November,88.16
ORD005220,5,114.39,0.0,8.0,Sports,Labe,Mobile Money,32.0,Male,New,November,596.75
ORD002770,6,12.17,0.0,6.0,books ,Kankan, Cash ,47.0,Male,New,November,77.57
ORD005061,3,94.9,0.0,,Home,Boke,Cash,29.0,Female,New,October,257.64
ORD000503,4,24.3,0.0,5.0,Books,Kindia,Cash,19.0,M,Returning,September,95.24
ORD000757,2,294.78,5.0,1.0, Electronics,Labe,Cash,23.0,Male,RETURNING,August,619.32
ORD006988,2,15.03,250.0,5.0,Toys,Kankan,cash,25.0,Female,Returning,March,26.5
ORD006023,9,22.53,5.0,4.0,Food, Conakry,Card,,Male,New,February,211.74
ORD007303,4,11.86,15.0,6.0,Books,Boke,Cash,180.0,Male,New,August,37.4
ORD002928,2,44.85,5.0,4.0,Toys,CONAKRY,Card,22.0,Male,New,November,79.2
ORD002243,5,216.27,10.0,3.0,Electronics,Conakry,Card,36.0,Female,New,December,997.79
ORD008018,5,340.32,5.0,3.0,Electronic,Labe,Mobile Money,29.0,Female,New,February,1621.93
ORD000532,3,43.97,5.0,2.0,Toys,Conakry,,27.0,Male,New,November,124.68
ORD002087,5,47.17,10.0,,BOOKS,Conakry,Cash,26.0,Female,Returning,October,202.72
ORD003304,1,30.8,,5.0,Books,kankan,cash,28.0,Male,New,July,34.71
ORD009245,2,24.9,0.0,4.0,Books,Conakry,Cash,29.0,Male,Returning,April,49.13
ORD006723,5,346.51,15.0,,Electronic,Nzerekore,Mobile Money,39.0,Female,New,April,1796.54
ORD007848,4,34.76,5.0,5.0,sports,Labé,CASH,27.0,Female,NEW,April,132.11
ORD000510,3,301.8,5.0,5.0,Electronics,KINDIA,Cash,31.0,Female,New,May,750.33
ORD007210,4,56.3,0.0,4.0,Beuty,Conakry,Cash,29.0,Female,Returning,January,245.81
ORD004897,6,247.06,,4.0,Home,Conakry,Cash,49.0,F,new,November,1297.44
ORD008356,3,20.17,,5.0,Food,KANKAN,Mobile Money,28.0,Male,New,March,63.95
ORD006490,5,41.94,0.0,5.0,books,Conakry,Cash Payment,25.0,Female,Returning,October,214.87
ORD001060,7,9.79,5.0,2.0, Toys ,Kankan,MOBILE MONEY,47.0,Female,New,January,67.74
ORD003398,4,25.85,0.0,3.0,Beauty,N'Zerekore,Mobile Money,29.0,Male,New,May,117.59
ORD005471,5,98.47,5.0,5.0,Home,Conakry,Card,28.0,Female,Returning,April,409.08
ORD000963,2,26.41,10.0,2.0,Clothing,Kankan,Card,24.0,Female,New,May,44.13
ORD006850,5,57.55,10.0,6.0,BEAUTY,Kindia,Card,38.0,Male,New,March,239.29
ORD008579,2,12.33,10.0,2.0,Food,Kankan,Mobile Money,40.0,Female,New,January,21.12
ORD005938,6,9.48,10.0,4.0,Food,Nzerekore,Mobile Money,20.0,Male,New,November,48.17
ORD002065,7,43.95,0.0,150.0,beauty,Conakry,Mobile Money,53.0,Male,RETURNING,July,311.25
ORD005692,7,,0.0,4.0,Foood,conakry,Card,57.0,Female,New,June,175.43
ORD000626,3,56.8,30.0,5.0,Sports,Kankan,Mobile Money,26.0,Female,Returning,January,131.93
ORD007148,3,15.01,5.0,3.0,Beauty ,Kindia,Card,17.0,Male,Returning,September,43.2
ORD007053,6,,0.0,7.0,Books ,Nzerekore,,38.0,Male,new,February,76.0
ORD004380,3,18.1,0.0,5.0,Food,KINDIA,Cash,16.0,Male,New,April,55.38
ORD006709,6,11.18,0.0,4.0,Books,NZEREKORE,Cash,,Female,New,February,57.3
ORD001565,6,11.13,0.0,7.0,Food,Kindia,CARD,47.0,Male,New,January,62.93
ORD004576,3,62.87,0.0,1.0, Clothing ,Conakry,card,20.0,female,Returing,January,189.05
ORD009464,5,119.68,0.0,6.0,Sports,Conakry,Cash,23.0,Male,Returning,July,619.26
ORD008971,4,10.49,10.0,,Food,labe,Cash,,FEMALE,New,September,38.73
ORD001116,4,13.48,0.0,5.0,books,Conakry,Cash,34.0,Female,New,January,56.66
ORD000622,3,,0.0,6.0, Electronics,Boke,CARD,36.0,MALE,New,April,683.7
ORD008342,4,417.63,,6.0,Electronics,Conakry,Cash Payment,,Female,New,June,1519.12
ORD006085,7,57.74,,7.0,Beauty,Conakry,Mobile Money,41.0,Female,Returning,November,371.86
ORD002270,5,,-20.0,3.0,Home,Conakry,Cash,25.0,Male,Returing,February,405.6
ORD006441,5,110.66,10.0,3.0,Home,Nzerekore,,37.0,Female,New,April,491.47
ORD003753,4,102.08,15.0,1.0,Electronics,Nzerekore ,Card,180.0,F,Returning,April,317.89
ORD000713,1,147.86,0.0,6.0, Eletronics ,Labe,Mobile Money,29.0,Female,Returning,February,159.34
ORD003071,5,53.09,20.0,5.0,Home,Kindia,Card,31.0,Male,New,October,239.3
ORD000327,5,-40.0,0.0,4.0,Toys,Nzerekore,Cash,29.0,Female,returning,July,116.07
ORD002789,3,21.34,10.0,6.0,Books,Conakry ,Card,32.0,F,Returning,December,60.51
ORD004547,2,26.66,10.0,4.0,TOYS,KINDIA,,,Female,new,October,43.27
ORD003274,3,25.23,0.0,4.0,books, Kankan ,CARD,37.0,Female,Returning,November,76.16
ORD003650,3,107.36,10.0,3.0,sports ,Labe,Cash,16.0,Male,Returning,May,301.41
ORD007682,6,661.18,0.0,4.0,Electronic,Conakry,Mobile Money,19.0,Female,New,February,4256.41
ORD007923,6,217.67,15.0,7.0,Home,Conakry,Mobile Money,30.0,Female,New,March,1039.62
ORD006813,250,500000.0,0.0,6.0,TOYS,LABE,Mobile Money,21.0,Male,Returning,November,165.45
ORD009226,5,500000.0,0.0,6.0,Toys, Conakry,,20.0,Female,New,July,274.87
ORD008180,4,62.92,25.0,2.0,Beauty,conakry,Mobile Money,42.0,female,New,February,207.84
ORD008328,4,,15.0,7.0,Sports,Labe,Mobile Money,18.0,Female,NEW,January,398.25
ORD001811,3,,10.0,,TOYS,kindia,MOBILE MONEY,27.0,Male,Returning,February,107.95
ORD002821,3,33.33,0.0,1.0,Books ,Labe,CARD,,Male,New,October,86.13
ORD009318,2,462.31,0.0,7.0,Electronics,Conakri,Credit Card,33.0,Male,Returning,November,973.47
ORD005068,6,71.68,30.0,7.0,Sports,Kankan,Card,33.0,Male,Returning,February,275.62
ORD005759,3,108.38,5.0,-6.0,Home,boke,Mobile Money,44.0,Female,New,September,284.71
ORD002712,6,46.33,0.0,8.0,Beauty,Nzerekore,Mobile Money,8.0,Male,Returning,February,244.12
ORD002733,8,156.8,0.0,6.0,HOME,Kankan,Mobile Money,,Male,Returning,December,1302.92
ORD000173,3,45.72,10.0,,Beauty,Labe,Card,31.0,Male,Returning,November,121.72
ORD007155,5,120.53,0.0,2.0,Home,Labe,Mobile Money,27.0,Female,Returning,April,588.24
ORD000866,5,,0.0,1.0,Hom,Kankan,Mobile Money,,Female,Returning,December,581.31
ORD007065,8,52.24,15.0,5.0,Toy,Kindia,Mobile Money,35.0,Male,Returning,November,366.03
ORD005788,4,21.75,5.0,,Books,Boke,,37.0,Female,Returing,February,94.61
ORD006329,2,38.47,20.0,4.0,clothing,Conakry,,,Male,New,November,61.94
ORD001752,3,79.51,10.0,1.0,Clothing,CONAKRY,Card,25.0,Male,New,May,220.86
ORD002559,5,192.47,5.0,5.0, Home ,Boke,cash,,Female,Returning,September,853.36
ORD005207,2,30.44,25.0,4.0,Books,Conakry,Cash,37.0,Male,New,April,49.56
ORD001760,2,88.39,5.0,3.0,Clothing,Boke,mobile money,43.0,Female,NEW,February,174.68
ORD001550,5,50.69,0.0,3.0,Clothing,Labe,MOBILE MONEY,22.0,Female,Returning,July,248.59
ORD005411,4,500000.0,10.0,7.0,HOME,Conakry, Card ,21.0,Female,New,April,821.81
ORD001209,3,106.18,15.0,6.0,Home,Conakry,Cash,46.0,Female,Returning,December,268.04
ORD008110,7,42.56,,3.0,Beauty,Kankan,Cash,18.0,Female,New,January,326.69
ORD001140,5,253.36,0.0,5.0,Electronics,Nzerekore,Mobile Money,36.0,Male,New,December,1163.01
ORD009090,6,155.07,5.0,4.0,Hom,Kindia,Mobile Money,24.0,Male,Returning,January,852.61
ORD005961,2,25.79,0.0,6.0,Food,Conakry,Mobile Money,16.0,Female,NEW,February,52.85
ORD006276,1,115.33,10.0,5.0,Sports, Kindia ,Cash Payment,50.0,MALE,Returning,September,99.92
ORD007985,4,23.56,5.0,4.0,Food, Conakry,cash,30.0,Female,New,June,90.13
ORD003041,1,41.74,10.0,,Books,Conakri,Card,41.0,Male,Returning,July,40.41
ORD003676,-3,18.86,,3.0,Toys,Nzerekore,,47.0,Male,New,July,95.67
ORD007492,4,73.67,0.0,-8.0,Clothing,Labe,Mobile Money,41.0,Female,New,January,245.16
ORD004661,5,45.63,0.0,3.0,Toys,Nzerekore,Cash,36.0,Female,Returning,January,226.5
ORD006692,5,56.16,0.0,4.0,Sports,Kankan ,Cash,42.0,male,Returning,February,292.94
ORD009642,2,216.7,15.0,5.0,Electronics,Boke,Credit Card ,,Male,New,September,442.44
ORD006124,3,120.81,10.0,3.0,Home,Kankan,Mobile Money,35.0,Female,Returning,March,386.39
ORD000192,3,190.77,5.0,9.0,Home,Boke,Card,48.0,Male,New,September,585.3
ORD005543,4,,0.0,5.0,Home ,LABE,Mobile Money,17.0,F,New,March,352.66
ORD003577,5,338.85,0.0,2.0,ELECTRONICS,BOKE,Mobile Money,25.0,Male,New,September,1598.06
ORD007589,4,189.92,0.0,2.0,Electronics,Nzerekore,,41.0,Female,Returning,January,781.62
ORD000440,4,19.26,5.0,2.0,BOOKS,Kankan,Cash,27.0,Male,New,April,77.99
ORD001555,6,24.21,0.0,3.0,BOOKS,Conakry,,28.0,Female,new,February,144.43
ORD007408,2,10.39,0.0,-8.0,Food,Kindia,,25.0,Male,Returning,January,22.92
ORD000665,3,,15.0,2.0,Electronics,Conakry,CASH,36.0,Male,Returning,January,1893.18
ORD001425,3,49.01,30.0,3.0,Beauty,Conakry,Cash,39.0,Female,Returning,July,99.95
ORD003169,3,45.9,0.0,4.0,Toy,Conakry,Card,26.0,Male,Returning,October,139.73
ORD009036,5,181.79,0.0,3.0,Home,Boke,Mobile Money,35.0,M,New,October,752.51
ORD006034,3,68.3,5.0,4.0,Clothing,LABE,Mobile Money,53.0,Male,NEW,March,204.82
ORD006532,4,12.89,30.0,3.0,Beauty,kankan,Mobile Money,30.0,Female,Returning,July,38.37
ORD001115,5,34.07,0.0,6.0,Books ,Conakry,Cash,43.0,Male,Returning,June,168.01
ORD008657,2,121.33,0.0,4.0,home,Conakri,Cash,32.0,Male,New,February,270.39
ORD002317,8,25.44,0.0,7.0,Clothing, Conakry,Cash,45.0,Female,New,May,197.56
ORD004774,3,19.11,10.0,8.0,Books,Nzerekore,card,39.0,Female,Returning,June,52.68
ORD000474,6,291.02,0.0,6.0,ELECTRONICS,Boke,Card,28.0,Male,Returning,March,1557.81
ORD008345,5,52.15,0.0,9.0,Beauty,KINDIA,Mobile Money,24.0,Male,Returning,January,281.19
ORD000496,5,42.9,5.0,4.0,beauty,Nzerekore,Card,38.0,Male,Returning,November,213.27
ORD002131,2,,0.0,7.0,home,nzerekore,Mobile Money,26.0,Female,New,November,174.36
ORD000707,4,123.33,15.0,2.0,HOME,Boke,Cash,,Male,New,December,420.96
ORD007827,5,,0.0,5.0,SPORTS,Conakry,Card,21.0,Male,Returning,January,429.22
ORD004973,3,61.71,5.0,,toys,Conakry,CARD,,Female,Returning,August,156.52
ORD008664,2,43.89,0.0,4.0,Clothing,Kindia,Cash,22.0,Female,New,January,81.19
ORD005724,4,41.19,0.0,7.0,Books,Boke,Cash ,28.0,Female,Returning,December,166.18
ORD004176,3,103.66,0.0,8.0,SPORTS,Kindia,Card,28.0,Male,Returning,May,297.38
ORD006694,4,500000.0,10.0,2.0,Home,Boke,Cash ,21.0,Male,Returning,September,688.29
ORD007167,5,66.23,0.0,6.0,Beuty,conakry,Cash,19.0,Female,Returning,August,317.97
ORD009696,5,341.85,,3.0,Electronics,Conakry,Card,,Male,New,November,1368.63
ORD008773,1,42.67,20.0,3.0,Toys,Conakry,Cash,,Male,New,July,37.64
ORD009015,13,38.4,0.0,4.0,Beauty,Nzerekore,Card,38.0,Female,New,January,476.19
ORD006625,7,28.96,30.0,7.0,Food,Conakry,Card,16.0,Male,Returning,September,126.08
ORD001189,4,182.78,10.0,3.0,Sports,Conakry,,30.0,FEMALE,Returning,August,737.72
ORD003622,5,121.73,15.0,4.0,Home,Labe,Cash,41.0,Female,New,April,531.99
ORD008758,6,136.72,30.0,3.0,Sports,conakry,Card,37.0,Female,NEW,November,649.48
ORD006430,6,126.11,0.0,2.0,Sports,Conakri,Cash,26.0,Female,Returning,June,766.55
ORD009638,8,42.29,0.0,4.0,Sports,N'Zerekore,MobileMoney,30.0,Female,New,November,363.22
ORD001475,5,99.31,15.0,8.0,CLOTHING,CONAKRY,Credit Card,37.0,Female,RETURNING,October,365.63
ORD005547,5,15.85,15.0,4.0,Books,LABE,Mobile Money,23.0,Female,New,August,61.54
ORD001458,5,31.78,0.0,7.0,Books,conakry,Card,,MALE,Returning,March,153.81
ORD000030,2,40.03,0.0,4.0,Clothing,Labe,Mobile Money,,Male,New,January,84.41
ORD000252,5,140.76,0.0,7.0,Home,Boke,Card,23.0,Female,Returning,August,702.45
ORD003126,4,,0.0,4.0,Electronics,Kankan,Cash,20.0,Male,New,February,1318.88
ORD001438,-3,62.2,0.0,4.0,Cloting,Boke,Cash,27.0,Female,New,May,123.4
ORD000333,5,456.88,0.0,,Electronics,Labe,Card,25.0,male,Returning,November,2100.18
ORD003718,4,-40.0,0.0,3.0,Hom,Nzerekore,Mobile Money,16.0,Male,Returning,March,478.35
ORD007517,3,21.34,10.0,3.0,Books,Kindia,Card ,22.0,Male,New,September,58.0
ORD005115,10,59.34,0.0,7.0, Sports ,Conakry,Cash,49.0,Male,Returning,October,500.42
ORD008993,4,169.21,250.0,2.0,Home,Kankan,Cash,36.0,Male,Returning,July,683.06
ORD001738,250,29.13,10.0,1.0,Books,Conakry,cash,33.0,Male,New,May,183.79
ORD000060,4,24.39,0.0,4.0,Food,BOKE,Mobile Money,40.0,Male,Returning,March,89.85
ORD007632,2,,,3.0,Beauty,Nzerekore ,Card,19.0,Female,New,January,112.52
ORD007614,5,34.38,0.0,9.0,Toys,Conakry,Card,,Male,new,January,157.92
ORD009446,1,6.2,0.0,3.0,Foood,Boke,Card,24.0,Male,NEW,July,6.43
ORD008954,2,11.1,0.0,6.0,Foood,Conakry,Card,26.0,Female,New,July,25.62
ORD001652,3,263.96,15.0,6.0, ELECTRONICS ,Nzerekore,MOBILE MONEY,40.0,Male,New,June,664.15
ORD004192,5,104.51,30.0,5.0,HOME, Conakry,Credit Card,,Male,New,May,394.45
ORD007625,8,234.42,15.0,6.0,Electronics, Conakry,CASH,41.0,Male,Returning,September,1693.1
ORD002691,4,,10.0,5.0,Electronics,kindia,card,31.0,Female,New,September,1170.61
ORD003326,3,62.72,10.0,7.0,Clothing,labe,Cash,33.0,Male,New,November,153.08
ORD002196,250,311.81,0.0,6.0,Electronics,Kankan,Mobile Money,16.0,Male,New,February,586.6
ORD002664,4,102.56,5.0,6.0,Home,Kankan ,Cash,,Male,Returning,October,369.02
ORD008841,6,76.0,10.0,5.0,Sport,Boke,Mobile Money,20.0,Female,New,November,421.9
ORD001820,3,8.5,0.0,7.0,BOOKS,KINDIA,Card,22.0,Male,New,July,24.47
ORD002699,2,-40.0,0.0,5.0,Clothing,Nzerekore,mobile money,16.0,Female,New,April,91.04
ORD006908,10,33.83,15.0,6.0,Books,Conakry,cash,43.0,Male,Returning,June,273.22
ORD008366,9,12.85,0.0,3.0,Food,Kindia,Card,27.0,Female,Returning,July,114.16
ORD001809,3,45.18,0.0,3.0,Toys,Labe,CARD,16.0,male,New,November,127.27
ORD008492,5,50.05,20.0,5.0,Clothing,NZEREKORE,Mobile Money,25.0,Female,New,August,200.08
ORD006714,4,23.84,0.0,5.0,Food,CONAKRY,Card,22.0,Female,Returning,May,103.48
ORD007622,4,82.92,5.0,5.0,Home,Kankan,Card,48.0,female,returning,June,336.51
ORD004589,4,183.07,0.0,3.0,Electronics,Kindia,,16.0,MALE,Returning,February,840.53
ORD006741,5,29.69,250.0,5.0,Books,Kindia,Cash,34.0,Female,Returning,May,143.25
ORD008619,-3,319.56,0.0,4.0,Electronics,Conakry,Credit Card,31.0,Female,new,July,2294.38
ORD003716,8,302.74,15.0,5.0,Electronics,Labe,card,26.0,Female,Returning,August,2465.34
ORD007693,8,,0.0,5.0, Electronics ,Nzerekore,Card,22.0,Male,New,July,1099.91
ORD003438,5,120.97,10.0,5.0,Home,Labe,mobile money,19.0,Male,Returning,February,501.49
ORD004559,5,81.65,5.0,2.0,clothing,Conakry,Card,,Male,New,April,380.25
ORD002311,6,11.92,5.0,2.0,books,NZEREKORE,MOBILE MONEY,41.0,male,New,June,57.01
ORD009352,4,,10.0,5.0,Beauty,Conakry,Card,20.0,FEMALE,Returning,April,48.45
ORD001767,5,45.63,0.0,8.0,Clothing,Kindia,mobile money,,Female,Returning,May,241.1
ORD004742,7,53.24,,5.0,Beauty,KINDIA,Mobile Money,23.0,FEMALE,New,February,368.12
ORD000351,4,102.12,0.0,3.0,Sports,CONAKRY,Cash,27.0,Female,Returning,January,414.41
ORD009047,8,,0.0,,Sports,Labe,Card,40.0,Female,New,October,631.3
ORD007650,5,228.34,0.0,5.0,Home, Conakry,CARD,33.0,Female,Returning,February,1156.77
ORD005035,3,,250.0,4.0, Electronics ,BOKE,Card,30.0,Male,Returning,July,1145.15
ORD009149,5,109.56,0.0,6.0,sports,Conakry,Cash,17.0,Male,New,April,577.1
ORD002359,5,121.72,0.0,4.0,Home,KINDIA,,40.0,Male,New,August,673.54
ORD008305,4,9.18,5.0,5.0,TOYS,Labe,Cash,34.0,Male,new,June,34.94
ORD006801,7,66.56,20.0,5.0,Beauty,Conakry,Mobile Money,25.0,Female,Returning,May,364.43
ORD001646,3,69.55,25.0,4.0,HOME,kankan,Card,30.0,Male,Returning,January,161.71
ORD000443,1,32.29,0.0,3.0,BEAUTY,Conakry,card,33.0,Male,New,July,33.6
ORD008298,3,-40.0,0.0,5.0,Electronics,BOKE,cash,29.0,FEMALE,Returning,September,951.95
ORD008527,3,40.22,,4.0,Toys,Conakry,Cash,-12.0,Female,New,June,72.56
ORD004218,3,111.17,10.0,1.0,Home,Kindia,CARD,31.0,Female,New,November,314.41
ORD002433,5,10.74,5.0,4.0,Books,Labe,Mobile Money,-12.0,Female,New,March,45.11
ORD003469,4,50.38,5.0,4.0,Toys,Kindia,Credit Card,26.0,Male,New,November,202.51
ORD006929,3,298.15,0.0,5.0,Electronics,Labe,MOBILE MONEY,18.0,Female,Returning,December,952.28
ORD006571,4,48.45,0.0,7.0,Beauty,conakry,MobileMoney,28.0,Female,Returning,October,198.54
ORD004025,7,10.31,,,food,Conakri,Cash,,Female,New,March,64.52
ORD001581,5,131.46,,5.0,sports,Boke,cash,24.0,Male,New,December,547.83
ORD006022,4,48.65,,4.0,TOYS,Boke,MOBILE MONEY,,Male,Returning,November,185.52
ORD008935,5,32.64,5.0,4.0,Beauty,Kindia,Card,20.0,Female,returning,June,153.4
ORD005837,4,75.67,0.0,5.0,Sports,Nzerekore,Cash,38.0,Female,Returing,April,305.05
ORD002613,2,181.07,15.0,4.0,Home,kindia,MobileMoney,38.0,Male,RETURNING,September,288.9
ORD001223,3,121.23,5.0,4.0,Home,Boke,Cash,21.0,MALE,New,March,379.21
ORD005709,8,113.5,0.0,4.0,Home,Kindia,Cash Payment,,FEMALE,returning,February,913.72
ORD009443,5,14.26,0.0,1.0,Food,Labe,Cash ,45.0,F,New,March,71.04
ORD008244,3,120.35,30.0,3.0,Home,Kankan,Cash Payment,,Female,New,July,273.03
ORD007411,3,40.93,5.0,4.0,Clothing,CONAKRY,Mobile Money,46.0,Male,New,October,129.88
ORD009225,2,-40.0,5.0,3.0,Toy, Conakry,Mobile Money,35.0,MALE,New,February,75.82
ORD002395,-3,42.72,5.0,5.0,Clothing,kindia,Card,32.0,Male,New,April,228.31
ORD000716,4,173.05,10.0,6.0,Home,Conakry,Cash,35.0,Female,Returning,March,599.55
ORD008081,-3,76.46,0.0,5.0,Clothing,Boke,Cash,55.0,Male,NEW,June,597.44
ORD004197,6,355.63,0.0,6.0, Electronics ,KINDIA,Cash,53.0,Male,New,February,1881.16
ORD001856,6,,10.0,5.0,Toys,Kindia,Cash,21.0,Male,New,August,52.94
ORD007028,2,31.01,0.0,5.0,Books,Kankan,Cash Payment,23.0,Female,New,September,68.99
ORD002030,4,35.29,15.0,7.0,Beauty,kankan,Mobile Money,20.0,Female,New,May,107.78
ORD009259,-3,56.06,250.0,5.0,Beauty,NZEREKORE,Cash,29.0,Female,New,April,249.19
ORD005992,2,22.55,10.0,5.0,food,Kankan,Card,45.0,M,RETURNING,November,40.91
ORD007892,3,19.98,0.0,4.0,Clothing,conakry,Cash,37.0,Male,Returning,September,61.38
ORD002634,3,19.21,0.0,1.0,Food,Conakry,Mobile Money,29.0,Female,RETURNING,December,60.72
ORD006421,5,368.52,0.0,3.0,Electronics ,Boke, Card ,26.0,Female,Returning,November,1768.84
ORD002122,2,66.63,0.0,,Clothing,Boke, Mobile Money ,37.0,Female,New,November,130.24
ORD004080,1,500000.0,0.0,2.0,Food,Boke,Card,23.0,Female,New,January,3.72
ORD001062,6,148.94,20.0,150.0,Home,Kindia,Card,33.0,Male,NEW,April,705.12
ORD003084,3,30.46,0.0,2.0,Books,Boke,Cash,18.0,Female,New,March,89.23
ORD008190,4,5.39,0.0,8.0,Toys,LABE,,30.0,Male,New,January,21.29
ORD004568,2,42.05,0.0,6.0,Toys,Conakry,Cash,,Male,Returning,October,81.96
ORD008349,2,-40.0,10.0,7.0, Books ,Conakry,cash,16.0,Female,New,January,69.81
ORD005535,2,32.77,0.0,3.0,Toys,Conakry,Card,28.0,Female,Returning,November,62.68
ORD008891,5,72.67,0.0,5.0,Home,kankan,,,Female,New,April,324.2
ORD006427,7,365.19,15.0,6.0, Electronics ,Boke,Mobile Money,,Female,New,May,2493.81
ORD002686,12,,0.0,3.0,Books,Kankan,Cash Payment,58.0,Male,Returning,September,293.41
ORD000950,2,30.87,0.0,1.0,TOYS,Boke,MOBILE MONEY,20.0,Male,new,November,56.05
ORD005639,3,115.14,0.0,3.0,Sports,Nzerekore,Card,30.0,Female,Returning,February,349.24
ORD003921,6,32.01,0.0,5.0,Food,conakry,Card,32.0,Female,Returning,April,203.97
ORD004228,5,498.58,30.0,6.0,Electronics,Conakry,Cash,34.0,Male,New,July,1826.46
ORD004815,5,63.64,5.0,6.0,Clothing,KINDIA,Cash,37.0,Male,New,November,317.02
ORD004402,1,7.92,250.0,7.0,BOOKS ,CONAKRY,Mobile Money,32.0,Female,Returning,June,8.47
ORD007029,7,113.16,15.0,5.0,Hom,kindia,MOBILE MONEY,16.0,Female,Returning,November,687.02
ORD004905,4,33.61,0.0,5.0,Books,Conakry,CASH,,Female,Returning,November,129.39
ORD004341,2,363.52,20.0,,Electronics,kindia, Credit Card ,26.0,Female,Returning,July,543.63
ORD006192,4,14.33,0.0,6.0,FOOD,Conakry,Card,48.0,Female,New,May,56.57
ORD005081,7,20.4,,6.0,Food,Labe,Cash,49.0,Male,Returning,December,134.28
ORD003497,3,19.21,10.0,4.0,Books, Conakry,Card,52.0,Female,Returning,January,54.3
ORD004234,5,8.63,0.0,2.0,Food,Kindia,,,F,New,July,46.87
ORD003166,3,63.01,,5.0,Clothing,Nzerekore ,Mobile Money,39.0,Female,New,August,132.72
ORD000493,3,17.43,20.0,8.0,Food,Boke,card,47.0,Female,Returning,February,49.91
ORD004691,6,608.82,0.0,2.0,Electronics,Conakry,mobile money,21.0,Male,Returning,August,4201.19
ORD005877,3,359.38,0.0,8.0,Electronics,Conakry,card,41.0,Female,NEW,January,1036.17
ORD002748,5,,15.0,150.0,Clothing,kankan,Card,36.0,Female,New,December,173.66
ORD003581,3,234.38,0.0,4.0,Electronics,Kankan,,36.0,Male,New,July,724.11
ORD000666,5,56.23,5.0,9.0,clothing,Nzerekore,Card,180.0,Female,Returning,September,261.34
ORD001119,4,12.45,0.0,2.0,FOOD,nzerekore,Cash,36.0,Female,New,October,52.86
ORD003390,6,19.57,0.0,2.0,Food,Conakry,Mobile Money,,Male,Returning,April,117.49
ORD001715,3,361.3,10.0,1.0,Electronics,Boke,CASH,29.0,Female,Returning,April,944.34
ORD004521,6,52.28,10.0,5.0,Clothing,Kindia,,16.0,Male,New,July,295.23
ORD009185,3,35.35,10.0,1.0,Beauty,Nzerekore,,-12.0,Male,New,August,95.74
ORD004986,1,83.03,,5.0,Electronics,Boke,Card,29.0,Female,NEW,April,81.93
ORD000748,2,213.2,10.0,,Electronics,Conakri,,16.0,Female,Returning,October,395.45
ORD005235,4,187.61,5.0,5.0,Home, Conakry,Cash,39.0,Male,Returning,August,754.4
ORD008282,2,78.03,10.0,,Toys, Conakry ,Mobile Money,21.0,FEMALE,New,July,128.58
ORD002970,3,131.44,5.0,3.0,Clothing,CONAKRY,Cash,180.0,Female,new,March,411.28
ORD005236,7,22.38,0.0,1.0,Toys,Boke,Mobile Money,37.0,Male,New,January,137.25
ORD000589,3,146.62,0.0,3.0,Sports,Boke,Card,23.0,Female,Returning,January,467.02
ORD006691,5,31.97,0.0,7.0,Toys,kankan,Credit Card,,Female,New,July,145.48
ORD003818,5,9.66,250.0,4.0,Food,Kankan,Card,8.0,Female,New,June,47.73
ORD008681,5,18.73,0.0,4.0,BOOKS,Kankan,Card,,Female,New,March,104.91
ORD008750,3,96.9,0.0,4.0,Beauty,Conakry,Cash Payment,,Male,Returing,May,318.57
ORD002552,4,68.21,10.0,7.0,Sports,Nzerekore,MobileMoney,46.0,Female,New,October,226.82
ORD008445,8,533.55,10.0,5.0,Electronics,Conakry,CASH,17.0,Male,New,October,3741.7
ORD006767,6,55.56,0.0,4.0,Clothing,Kindia,Card,40.0,MALE,new,January,330.71
ORD002178,4,35.71,0.0,6.0,Toys,Conakry,Card,,Male,New,December,164.26
ORD006800,4,116.32,0.0,5.0,Sport,boke,Mobile Money,18.0,Male,Returning,November,423.65
ORD006509,2,55.72,0.0,7.0,Beauty,Conakri,Card,27.0,Female,Returning,January,114.45
ORD007838,3,88.95,0.0,5.0,Electronics,Boke,Card,,Female,Returning,June,234.35
ORD001839,4,1.3,0.0,9.0,Toy,Conakry,Card ,49.0,Male,Returning,July,5.55
ORD003871,4,167.68,5.0,4.0,Hom,Labe,Cash,,Female,Returning,October,594.24
ORD009052,5,61.13,10.0,4.0,Sports,Kindia,Mobile Money,26.0,male,New,December,273.36
ORD008026,3,127.02,20.0,3.0,Electronics,Boke,Mobile Money,26.0,Female,New,August,303.31
ORD006633,3,310.79,0.0,6.0,Electronics,Conakry, Mobile Money ,41.0,Male,returning,December,1091.78
ORD001769,2,22.01,10.0,4.0,Food,Kindia,Mobile Money,31.0,Male,Returning,June,40.35
ORD002025,3,8.84,10.0,3.0,Food,Nzerekore,Card,38.0,Female,New,May,21.8
ORD008845,6,20.97,0.0,5.0,Food, Conakry,Cash,30.0,F,New,May,119.24
ORD000988,4,33.62,10.0,6.0,Beauty,BOKE,Cash,32.0,Female,Returning,October,122.25
ORD005695,3,10.75,10.0,,Food,Conakry,Cash,,Male,New,November,27.2
ORD008716,7,25.25,5.0,4.0,food,Conakry,MobileMoney,41.0,Female,New,September,153.04
ORD000947,-3,22.48,0.0,6.0,Beauty,Conakry,MOBILE MONEY,40.0,Female,New,September,45.08
ORD006780,4,78.39,0.0,3.0,Clothing ,Labe,,36.0,Female,new,November,314.2
ORD003153,2,77.76,0.0,3.0,Clothing,kindia,Card,,female,Returning,June,167.99
ORD005586,4,23.04,10.0,5.0,Books,Labe,CASH,34.0,Female,Returning,December,81.87
ORD000659,3,87.37,5.0,3.0,Clothing,Kindia,card,18.0,M,New,November,212.09
ORD005479,3,222.63,0.0,3.0,Home,Conakry,Cash,16.0,Female,Returning,June,634.36
ORD006473,5,100.48,0.0,4.0,Beauty, Conakry,Cash,31.0,Female,Returning,July,476.85
ORD007129,6,112.89,10.0,9.0,Clothing,Conakri,Mobile Money,31.0,Male,New,August,619.44
ORD001642,3,23.9,0.0,7.0,Clothing,Labe,,52.0,Female,Returning,May,66.11
ORD005623,1,,,,Toys,Conakry,CASH ,28.0,Female,Returning,April,43.91
ORD009708,2,,5.0,2.0,Clothing,Conakri,card,38.0,male,Returning,December,133.21
ORD005326,4,25.78,0.0,,Beauty,Kankan, MobileMoney ,28.0,Female,Returning,September,99.9
ORD008458,3,307.67,0.0,4.0,Electronics,Kankan,Mobile Money,34.0,FEMALE,RETURNING,July,972.76
ORD004094,4,53.71,0.0,4.0, Sports ,KANKAN,Mobile Money,28.0,Female,New,July,211.12
ORD001073,3,410.49,25.0,5.0,Electronics,Conakri,Mobile Money,49.0,Female,New,March,910.95
ORD003555,3,24.54,10.0,5.0,Books ,kankan ,,34.0,Female,New,November,58.27
ORD008024,1,153.99,0.0,-8.0,Hom,Kindia,cash,27.0,Male,New,April,138.38
ORD001263,5,36.41,10.0,4.0,Books,CONAKRY,MOBILE MONEY,25.0,Male,Returning,September,159.84
ORD009667,8,109.91,0.0,3.0,Sports,Boke,Card,19.0,Female,New,December,826.38
ORD003936,4,81.45,0.0,1.0,Clothing,Boke,Cash,63.0,Male,returning,May,331.29
ORD008684,4,8.41,,7.0,Food,Kindia,Cash,24.0,Male,Returning,January,35.73
ORD000471,5,26.25,25.0,,Books,Conakry,mobile money,17.0,Male,Returning,January,88.08
ORD001488,5,17.73,10.0,8.0,Books,Kindia,Cash,39.0,Female,New,October,87.1
ORD004432,4,372.91,25.0,2.0,ELECTRONICS,Conakri,Card,46.0,Male,new,January,1236.39
ORD009162,3,30.72,0.0,7.0,Toys,Kankan,MOBILE MONEY,,Male,Returning,November,85.01
ORD002156,2,45.05,30.0,4.0,Toy,Boke,Cash,52.0,Female,Returning,August,69.82
ORD008746,4,139.28,0.0,6.0,Hom,Conakry,Card,,Female,Returning,April,556.38
ORD007910,5,64.23,0.0,3.0,Beuty,Conakry,Mobile Money,33.0,Male,New,September,309.12
ORD006982,4,,0.0,5.0,Electronics,Boke,Mobile Money,,Female,Returning,February,1975.15
ORD002773,4,51.44,0.0,4.0,Beauty,Conakri,MobileMoney,16.0,Female,New,November,232.09
ORD008574,4,,0.0,10.0, Electronics,KANKAN,MOBILE MONEY ,22.0,Male,Returning,April,1101.04
ORD006038,2,94.36,0.0,3.0,Home,Labe ,MOBILE MONEY,63.0,Female,New,May,212.01
ORD005186,4,91.35,0.0,3.0,Clothing,BOKE,Card,38.0,Male,Returning,September,402.74
ORD006677,2,100.1,10.0,1.0,Sport,Nzerekore,Mobile Money,19.0,Female,New,April,201.89
ORD000977,6,65.53,0.0,7.0,Sports,Kankan ,Mobile Money,31.0,Male,New,December,391.88
ORD006341,3,38.61,15.0,4.0,Beauty,boke,Mobile Money,16.0,Female,Returning,February,107.79
ORD004775,2,18.12,20.0,1.0,BOOKS,Labe,Mobile Money,39.0,Male,New,November,26.95
ORD002791,2,54.91,0.0,5.0,Cloting,Kindia,Cash,19.0,Male,New,October,98.6
ORD005865,5,108.07,,5.0, Sports ,Nzerekore,Cash,28.0,Male,Returning,June,502.32
ORD008531,-3,155.57,10.0,7.0,SPORTS,Conakry,Card,42.0,Male,New,April,728.75
ORD004627,2,100.05,0.0,6.0,Sports,Conakry,Mobile Money,25.0,Male,Returning,February,195.74
ORD006799,4,45.39,0.0,8.0,Toys,Conakry,Mobile Money,30.0,Female,New,May,183.94
ORD005189,6,32.49,10.0,8.0,Beauty,Conakry,mobile money,35.0,MALE,New,May,197.33
ORD003324,6,396.56,0.0,6.0,Electronics,Conakry,Card,33.0,Female,New,April,2494.5
ORD005973,3,222.54,0.0,3.0,Electronic,Labe,Mobile Money,39.0,FEMALE,Returning,March,612.23
ORD007037,4,81.48,,150.0,Home,Conakry,Card,,Female,Returning,March,305.86
ORD007584,4,15.47,0.0,3.0,Food,Boke,Mobile Money ,38.0,Female,new,July,56.71
ORD000916,3,132.58,0.0,4.0,Home,Kindia,,34.0,Female,Returning,July,400.89
ORD007464,4,9.97,0.0,7.0,Food,Kankan,Cash,18.0,Male,Returning,January,37.13
ORD000991,2,101.94,5.0,7.0,Sport,Conakry,CASH,54.0,Male,New,December,194.57
ORD001702,8,59.83,0.0,4.0,Sports,Kindia,Mobile Money,32.0,Male,Returning,August,478.36
ORD007119,6,34.29,0.0,7.0,Toy, Conakry,Cash,28.0,Female,New,February,225.03
ORD003648,6,30.01,15.0,5.0,Books,conakry,,32.0,Male,Returning,February,144.18
ORD001536,4,50.3,30.0,5.0,Home,N'Zerekore,Cash,17.0,Female,Returning,November,140.88
ORD005178,5,33.55,15.0,5.0,Toys,Kankan,Cash,34.0,Male,Returning,June,154.01
ORD004965,6,340.22,0.0,4.0,Electronics,Nzerekore,Card,31.0,Male,Returning,October,1955.8
ORD004544,2,19.38,0.0,6.0,Foood,Conakry,,22.0,Male,NEW,February,39.32
ORD004936,-3,462.69,15.0,5.0,Electronics, Conakry,Cash ,39.0,Female,Returning,March,1494.48
ORD001190,2,16.64,,6.0,Food,Boke,Card,,Male,Returning,April,34.23
ORD009174,2,61.26,10.0,5.0,Clothing,Boke, Card ,33.0,Female,Returning,November,96.99
ORD000741,3,,5.0,,beauty,kindia,,30.0,FEMALE,New,June,9.22
ORD000130,2,57.94,,,Beauty,Labe,Cash,50.0,Male,Returning,May,119.2
ORD008346,2,,0.0,5.0,Toys, Conakry,Card,33.0,M,New,April,110.0
ORD005635,3,17.54,0.0,1.0,Food,Nzerekore,Card,47.0,Female,Returning,May,57.44
ORD009230,5,162.83,0.0,6.0,Electronics,BOKE,Card,32.0,Female,Returning,May,792.27
ORD001410,5,11.92,0.0,8.0,food,Conakry,Mobile Money,45.0,Female,returning,September,59.38
ORD003095,4,20.95,10.0,8.0,Food,KINDIA,,8.0,Male,NEW,February,80.5
ORD002725,4,42.2,20.0,4.0,sports,Boke,Card,30.0,Male,New,May,125.84
ORD001387,8,35.25,0.0,2.0,Book,Boke,Card,37.0,Male,NEW,November,245.36
ORD006087,4,154.75,250.0,5.0,Sports,Conakry,Card,37.0,Male,New,February,560.83
ORD000046,2,134.54,5.0,6.0,sports,boke,Mobile Money,30.0,F,New,July,263.84
ORD002041,6,48.41,0.0,5.0,Clothing,kindia,Card,180.0,Male,Returning,August,230.8
ORD004957,2,,20.0,,Food,Boke,Card,26.0,Male,New,December,14.89
ORD005499,2,30.37,5.0,5.0,Toys,Boke,Card,37.0,Female,NEW,January,64.04
ORD006091,2,22.52,0.0,8.0,Foood,Conakry,Credit Card,37.0,Female,New,November,40.65
ORD007793,2,37.85,10.0,6.0, Toys ,Labe,Card,25.0,Female,New,April,66.53
ORD002868,5,19.21,0.0,3.0,toys,boke,Mobile Money,23.0,female,Returning,October,87.15
ORD008606,3,10.27,0.0,4.0,Toys,Kindia,Mobile Money,40.0,Female,Returning,December,30.07
ORD002898,6,52.39,0.0,4.0,Beauty,Conakry,Card,20.0,Female,New,June,349.08
ORD005452,7,106.45,0.0,4.0,Clothing,Conakri,Card,42.0,Female,new,February,590.44
ORD005134,4,29.92,10.0,4.0,Toy,Conakry,Cash Payment,39.0,FEMALE,Returning,December,127.69
ORD003145,-3,31.01,5.0,5.0,Food,Conakry,mobile money,28.0,Male,New,December,146.87
ORD008796,3,275.92,0.0,7.0,Electronic,Boke,Mobile Money,17.0,Female,New,May,941.88
ORD005354,5,78.48,0.0,-8.0,sports,Nzerekore ,Card,38.0,Female,New,December,452.0
ORD009071,2,102.6,0.0,4.0,Sports,Kindia,Cash,23.0,Female,New,September,224.83
ORD001018,2,12.93,10.0,5.0,Books,Labé,Credit Card,-12.0,Male,New,September,24.35
ORD008818,5,7.05,0.0,6.0,Food,Boke,Cash,31.0,Female,Returning,April,33.47
ORD001846,6,15.82,5.0,2.0,Food,Kankan,CASH,25.0,Male,New,November,69.84
ORD003158,3,56.67,0.0,,Clothing,Kankan,MobileMoney,-12.0,Female,New,January,155.79
ORD002380,2,53.21,0.0,6.0,BEAUTY , Conakry,Cash,28.0,Male,New,March,107.85
ORD000841,5,24.02,5.0,5.0,Toys,Labe,Mobile Money,41.0,F,Returning,April,120.37
ORD007519,3,54.81,25.0,2.0,Beuty,Boke,CARD,40.0,Male,Returning,August,126.09
ORD005198,4,335.29,0.0,5.0,Electronics,Conakry,card,21.0,Male,RETURNING,November,1192.09
ORD008471,8,40.01,25.0,6.0,Home,Conakry,Card,28.0,Male,New,May,233.84
ORD005733,8,10.25,0.0,3.0,BOOKS,conakry,,17.0,Female,New,January,84.78
ORD009297,4,24.51,0.0,3.0,Toys,Kindia,Card,21.0,Male,New,June,96.23
ORD001850,5,,0.0,5.0,toys,kindia,Mobile Money,43.0,Female,new,March,110.48
ORD003980,4,101.12,20.0,6.0,Sports,Kankan,Cash,17.0,Male,Returning,April,352.86
ORD007324,5,58.69,20.0,3.0,ELECTRONICS,Kindia,Cash,41.0,F,New,April,256.98
ORD000337,4,24.47,0.0,7.0,Beauty,Labe,card,35.0,Female,New,June,85.63
ORD005162,8,0.9,-20.0,4.0,FOOD,Kankan,Cash,21.0,Female,New,April,8.03
ORD001283,4,50.62,10.0,6.0,Toys,Kankan,CARD,29.0,Female,New,July,195.05
ORD004551,3,290.45,5.0,7.0,Electronics,Boke,Card,46.0,Female,Returning,January,931.9
ORD001389,6,49.83,15.0,,clothing,Kankan,Mobile Money,,Male,Returning,May,234.11
ORD000193,5,101.87,10.0,4.0,Home,Kankan,MobileMoney,41.0,Female,Returing,October,483.43
ORD006700,2,96.9,15.0,2.0,Clothing, Conakry,Card,18.0,Female,New,September,162.08
ORD005419,2,56.05,20.0,7.0,clothing,Labe,Card,28.0,Male,New,February,86.71
ORD006298,4,10.1,30.0,7.0,Food,Kankan ,Mobile Money,34.0,F,NEW,March,26.92
ORD009632,3,30.28,0.0,6.0,Toys,Conakry,MOBILE MONEY,16.0,Female,Returning,November,92.45
ORD008967,3,22.08,0.0,6.0,Toys,Kankan,Credit Card,180.0,Female,New,November,62.69
ORD002562,7,18.91,0.0,7.0,Books,Conakry,Cash,47.0,Male,New,June,148.58
ORD003680,2,26.43,0.0,7.0,Books,Boke,card ,40.0,Female,Returning,March,49.33
ORD001052,2,25.73,0.0,11.0,Books,Kindia,Card,27.0,Female,New,November,47.11
ORD000537,1,,10.0,1.0,Home,Conakry,Cash ,35.0,Female,Returning,November,106.55
ORD003815,3,83.63,0.0,6.0,Sport,Labé,card,38.0,Male,Returning,December,256.37
ORD000786,2,113.66,0.0,3.0,Home,Kindia,Mobile Money,16.0,Male,Returning,May,229.29
ORD004291,2,17.59,,8.0,Food,Boke,Mobile Money,38.0,FEMALE,New,November,34.94
ORD000189,2,86.39,25.0,6.0,Sports,Conakry,Card,17.0,Female,New,November,118.12
ORD006381,2,87.31,5.0,4.0,Sports,Conakry,Cash,40.0,Male,New,September,160.59
ORD006873,2,158.3,5.0,3.0,Home,Conakry,,38.0,Male,New,March,331.99
ORD002523,4,16.04,5.0,3.0,Food,Boke, Mobile Money ,40.0,Female,New,February,57.82
ORD008087,2,35.07,0.0,5.0,Toys,Kankan,Card,24.0,Female,Returning,February,70.95
ORD002734,2,151.22,20.0,2.0,home,Kindia,Cash,33.0,F,New,February,224.85
ORD005308,-3,56.53,25.0,5.0,Beauty,Conakry,,22.0,M,New,January,212.34
ORD002639,5,112.26,,,Sports,Kindia,Cash,41.0,Female,Returning,October,441.76
ORD004283,3,304.35,25.0,6.0,Eletronics,Kindia,Mobile Money,26.0,male,New,February,709.16
ORD000661,5,,0.0,8.0,TOYS,Nzerekore,Mobile Money,29.0,male,Returning,June,113.69
ORD006616,5,,10.0,,Beauty,Conakry,card,38.0,Male,New,September,172.76
ORD006943,4,9.22,10.0,6.0,Food,Conakri,Mobile Money,,Female,New,April,29.78
ORD006704,5,32.58,25.0,3.0,Beauty,Kankan,Card,25.0,Male,Returning,July,101.98
ORD008365,2,22.77,15.0,1.0,FOOD,Labe,Cash,39.0,Female,new,November,36.45
ORD004313,250,44.25,0.0,6.0,Beauty,LABE,mobile money,37.0,Male,Returning,March,191.19
ORD007112,3,487.24,10.0,7.0,Electronics,Kindia,Mobile Money,,Male,Returning,March,1503.89
ORD006040,3,69.07,,6.0,Clothing,Conakry,Cash Payment,31.0,Male,Returning,January,234.3
ORD007264,2,18.41,0.0,5.0,Books,Kindia,Mobile Money,16.0,Male,returning,August,33.64
ORD005480,4,13.31,20.0,7.0,Food,Conakry,,29.0,Male,Returning,December,45.2
ORD001791,8,173.51,0.0,7.0,home, Conakry,Cash Payment,33.0,M,New,April,1344.1
ORD002159,3,28.26,0.0,7.0,Beauty,kankan,MobileMoney,,Male,New,June,76.78
ORD004550,4,14.94,5.0,5.0,Books,Labe,Credit Card,180.0,Male,Returning,September,51.11
ORD005796,5,308.17,0.0,5.0,Eletronics,Kindia,CASH,27.0,Female,New,June,1555.76
ORD000942,4,47.02,0.0,2.0,beauty,Kankan,Card,,Female,Returing,October,198.6
ORD005007,5,85.54,20.0,4.0,Electronics,Boke,Mobile Money,30.0,Female,New,November,349.64
ORD000861,7,34.53,10.0,4.0,Books, Conakry,Card,49.0,Male,Returning,March,260.58
ORD004950,4,433.53,15.0,5.0,Eletronics,Conakry,Cash,26.0,Female,New,May,1488.72
ORD003945,4,65.55,10.0,4.0,Clothing,Kindia,Cash,26.0,Male,Returning,January,244.31
ORD007269,8,126.86,0.0,5.0,Home,Nzerekore,CASH,19.0,Male,New,January,1060.45
ORD009306,3,,0.0,1.0,Foood,Conakry,Mobile Money,41.0,Female,Returning,November,35.35
ORD008768,3,339.67,0.0,5.0,Electronics,Conakry,Cash Payment,33.0,Female,New,February,952.75
ORD007387,1,26.38,10.0,4.0,Toy,Kankan,Card,36.0,Male,New,December,22.73
ORD004386,4,509.52,0.0,5.0,Eletronics,Conakry,MobileMoney,31.0,MALE,New,June,2123.5
ORD006761,1,175.75,0.0,5.0,Sports,Conakry,Card,43.0,Female,Returning,April,179.13
ORD008057,2,178.0,5.0,3.0,Home ,Kindia,Mobile Money,41.0,Female,Returning,November,363.71
ORD006931,5,19.16,5.0,7.0,Food,Kindia,Cash,36.0,Male,new,October,91.69
ORD006004,5,19.78,,3.0,Books,Kankan,,47.0,Male,New,November,100.58
ORD007638,4,126.89,0.0,4.0,Electronics ,Boke,CARD,40.0,Female,New,April,514.5
ORD000424,7,24.79,5.0,3.0,books,Kindia,Card,39.0,female,NEW,February,161.65
ORD000428,4,88.41,0.0,,Clothing,Conakry,Cash,56.0,Female,new,February,338.3
ORD004955,6,23.71,5.0,2.0,Book ,conakry,CARD,180.0,female,New,September,144.91
ORD006993,4,16.7,0.0,5.0,Books,Labe,MOBILE MONEY,39.0,Female,New,March,66.79
ORD009579,5,58.94,0.0,2.0,Clothing,Boke,mobile money,27.0,Male,returning,December,306.56
ORD000204,4,135.18,0.0,8.0,Hom,Kindia,,21.0,female,New,August,414.35
ORD000390,5,154.26,0.0,1.0,Home,boke,Card ,31.0,Male,Returning,August,797.19
ORD000617,1,106.46,20.0,3.0,Home,Labe,Card,43.0,Female,Returning,November,88.79
ORD003355,2,152.23,,5.0,Sports,Conakry,Credit Card,16.0,FEMALE,new,April,314.95
ORD006444,5,45.74,0.0,,Beauty,conakry,Cash ,18.0,Male,New,April,248.29
ORD000029,3,50.29,0.0,5.0,Clothing,Kindia,Card,16.0,Male,Returning,January,155.18
ORD000373,4,130.04,,6.0,Home,Nzerekore,Mobile Money,,Female,New,December,563.23
ORD006470,4,15.53,15.0,,FOOD,Kindia, mobile money ,38.0,Female,New,September,49.83
ORD001739,7,47.34,10.0,3.0,Beauty,Conakry,Cash,30.0,male,new,July,304.37
ORD007286,6,,20.0,5.0, Electronics,BOKE,,16.0,F,Returning,June,1800.97
ORD004246,6,29.1,0.0,4.0,Clothing,Boke,cash,,Male,New,May,193.54
ORD001997,6,42.59,0.0,4.0,Toys,KANKAN,Mobile Money,18.0,Male,New,August,270.88
ORD009104,5,543.32,0.0,10.0, Electronics ,Conakry ,Cash,39.0,Male,Returning,January,2610.49
ORD004050,3,27.52,-20.0,7.0,Toys,Nzerekore,Credit Card,48.0,FEMALE,RETURNING,October,65.81
ORD004797,2,293.21,10.0,6.0,Electronics,Boke,Card,27.0,Male,New,April,534.64
ORD002449,5,19.46,10.0,3.0,Books,Nzerekore,Card,27.0,FEMALE,New,May,88.35
ORD000319,5,68.4,0.0,6.0,Clothing,Kindia,Cash,20.0,Female,Returning,June,351.82
ORD003522,250,80.76,10.0,4.0,Clothing,Conakry,Cash,39.0,Female,New,April,242.6
ORD007613,6,89.48,0.0,2.0,Clothing,Conakry,CARD,27.0,Male,New,July,460.6
ORD008474,4,53.26,10.0,2.0,Toys, Conakry,MOBILE MONEY,33.0,male,Returning,June,225.88
ORD000005,3,,0.0,2.0,Food,Labe, Cash ,29.0,Female,NEW,June,43.9
ORD003474,4,6.63,10.0,,home,Kankan,cash,34.0,F,Returning,March,23.74
ORD005345,6,152.1,10.0,,HOME,Conakry,Mobile Money,17.0,Female,Returning,March,856.06
ORD007752,2,161.21,20.0,,Electronics,Nzerekore,Mobile Money,25.0,Female,New,June,280.73
ORD005746,4,10.02,0.0,11.0,Food,Nzerekore,Card,,Female,Returning,February,38.65
ORD004366,3,29.8,0.0,5.0,toys,Boke,Card ,16.0,Female,New,April,91.07
ORD001735,5,87.13,0.0,,clothing,Labe,Card,23.0,Male,Returning,July,454.24
ORD003198,5,424.1,0.0,3.0,ELECTRONICS,Boke,,25.0,Female,Returning,April,2073.71
ORD002736,1,18.6,5.0,2.0,Foood,Labe,Cash,30.0,Male,New,March,17.11
ORD000635,4,23.17,5.0,8.0,Food,conakry,Mobile Money,32.0,male,New,December,85.68
ORD008898,6,29.99,0.0,,Toys,labe,Cash Payment,19.0,F,returning,February,193.93
ORD009694,2,104.52,25.0,6.0,Sports,Kindia,MobileMoney,27.0,Male,New,July,163.37
ORD000272,4,73.87,10.0,1.0,Sports,Nzerekore,Mobile Money,8.0,Female,Returning,August,265.06
ORD003951,4,56.21,10.0,4.0,Toys,Conakry,MOBILE MONEY,,Male,New,June,198.9
ORD008461,6,548.47,0.0,3.0,Electronics, Conakry,Mobile Money,36.0,M,Returning,April,3343.86
ORD001558,4,14.82,0.0,4.0,Books,Kindia,Card,46.0,female,New,March,54.86
ORD001353,6,36.16,0.0,2.0,Beauty,Labe,,47.0,Male,New,August,199.6
ORD004004,5,86.69,0.0,6.0,Sport,Kindia,Cash,36.0,Male,Returning,October,439.0
ORD008927,3,16.01,10.0,5.0,BEAUTY, Conakry ,,19.0,M,Returning,February,38.53
ORD003116,2,,0.0,, Electronics , Conakry,,28.0,Female,Returning,March,500.54
ORD001043,6,46.49,0.0,4.0,Toys,Labe,MobileMoney,,Male,NEW,December,313.05
ORD008970,5,414.77,5.0,3.0,Electronics,Conakry,,,Female,Returning,July,1756.29
ORD006396,7,89.52,0.0,5.0,Home,Boke ,Mobile Money,180.0,Male,New,July,687.22
ORD002408,3,44.92,5.0,,toys,Boke,,20.0,Female,New,August,135.58
ORD001617,7,97.33,250.0,7.0,Home,Conakry,Cash,,Female,New,July,689.51
ORD001956,10,13.21,30.0,3.0,Food,Nzerekore,Cash,18.0,Male,Returning,February,89.56
ORD005885,4,15.38,,,Foood,Boke,Credit Card,35.0,Male,New,May,65.77
ORD007648,4,23.91,10.0,5.0,Clothing,Kindia ,Cash,36.0,Male,New,September,90.13
ORD008344,3,207.8,0.0,5.0,Home,Kindia,CASH,22.0,Male,new,May,590.47
ORD005082,4,24.52,20.0,7.0,Toys,KINDIA,Card,8.0,M,New,January,78.65
ORD003739,6,50.26,15.0,5.0,Toys,Conakry,Credit Card,27.0,Female,New,May,239.51
ORD005057,6,23.17,0.0,4.0,Book,Kankan,Mobile Money,33.0,Female,new,July,132.51
ORD008404,3,,10.0,1.0,Food,Conakry,,26.0,Female,New,November,56.76
ORD007438,5,16.8,10.0,5.0,Book,Kindia,Card,21.0,Male,New,October,69.45
ORD008140,9,44.22,0.0,2.0,Beauty,N'Zerekore,Mobile Money,16.0,Male,New,December,313.27
ORD002439,3,15.72,0.0,3.0,books ,Kankan,Card,36.0,Female,Returning,July,42.86
ORD004041,4,90.54,0.0,3.0,SPORTS,CONAKRY,Cash,39.0,Male,New,June,316.6
ORD002007,4,37.36,0.0,6.0,Beauty,Kankan,card,32.0,Female,returning,March,150.18
ORD000975,3,100.61,5.0,3.0,Sports,Nzerekore,Cash,16.0,Female,New,February,277.41
ORD002714,3,14.01,0.0,6.0,Food,Kankan, card ,31.0,MALE,New,January,41.5
ORD001812,1,12.38,0.0,4.0,Food,Labe,Mobile Money,33.0,Female,Returning,October,13.5
ORD004267,4,73.0,10.0,3.0, Sports ,Conakry,Credit Card ,29.0,female,Returning,March,239.6
ORD001648,4,85.33,0.0,,CLOTHING,Conakry,Cash,51.0,Male,New,November,342.63
ORD007016,2,124.57,20.0,5.0,Sports,boke ,mobile money,47.0,Male,New,November,200.97
ORD004201,6,19.81,10.0,4.0,Food,Conakry,Mobile Money,45.0,male,New,March,108.94
ORD004894,6,48.53,0.0,,Toy,conakry,Cash,29.0,male,New,June,315.74
ORD003338,5,,5.0,6.0,Books,Kindia,Card,30.0,Female,New,October,130.01
ORD009688,-3,219.98,,3.0,Electronics,Kindia,Cash Payment,23.0,Male,New,March,438.65
ORD000630,3,40.99,20.0,,Sports,Nzerekore,CARD,32.0,Male,New,January,92.65
ORD004615,3,53.47,20.0,8.0,Beauty,Conakry,Mobile Money,35.0,Female,NEW,January,104.15
ORD007945,3,30.98,0.0,,beauty,Conakry,Card,32.0,Male,Returning,January,96.11
ORD000316,3,20.92,0.0,6.0,Toys,Boke,Cash,,Male,New,July,57.54
ORD002920,2,15.49,0.0,3.0,beauty,Kankan,Cash,23.0,Female,Returning,June,31.85
ORD003443,8,14.15,0.0,5.0,Food,Nzerekore,Card,35.0,Male,New,July,107.01
ORD003356,1,331.32,25.0,3.0,Electronics,Labé,,45.0,Female,Returning,March,232.77
ORD003039,1,58.49,10.0,4.0,Toys,Boke,,29.0,Male,NEW,May,47.77
ORD008268,6,33.35,0.0,7.0,Sports,Kindia,CASH ,22.0,M,New,June,207.2
ORD006668,4,35.63,0.0,5.0,Toys,Conakry ,MobileMoney ,41.0,Male,New,May,129.08
ORD003793,5,67.1,10.0,5.0,Sports,Nzerekore,Card,33.0,Male,New,July,336.01
ORD009703,1,20.21,5.0,3.0,Food,Conakry,Mobile Money,31.0,Female,new,September,21.81
ORD000722,4,40.56,0.0,,Beauty ,labe,,30.0,M,New,October,168.84
ORD002757,2,387.13,10.0,,Electronics,Conakry,cash,34.0,Male,New,August,712.07
ORD008013,4,28.27,,6.0,Toys,Kindia,Card,46.0,Male,Returning,July,118.11
ORD005303,5,12.45,0.0,4.0,Food,Conakry,mobile money,35.0,Male,Returning,August,53.96
ORD008487,1,132.2,20.0,-6.0,Sports,Kankan,Card,43.0,Male,Returning,October,101.25
ORD008543,5,44.26,5.0,4.0,Beauty,Conakry,Card ,20.0,Male,Returning,October,217.68
ORD005942,2,52.08,0.0,,Clothing,Kindia,Mobile Money,54.0,Male,Returning,November,115.55
ORD003399,3,15.09,0.0,6.0,Food,Conakry,CARD,21.0,Female,New,October,47.94
ORD006054,7,435.56,5.0,6.0,Electronics,Conakry,Card,23.0,Male,New,August,2796.62
ORD008792,5,386.66,0.0,6.0,Electronics,Boke,Mobile Money,21.0,Female,New,May,1964.1
ORD000740,5,28.52,0.0,4.0,Food,kindia,Cash,34.0,Female,Returning,February,150.27
ORD001243,3,26.33,0.0,6.0,TOYS,kindia,Cash,27.0,Male,new,December,76.75
ORD001103,2,47.73,,5.0,Toys,Boke,Card,33.0,MALE,Returning,May,70.62
ORD000730,3,209.19,0.0,4.0,Home,Conakry,Card,34.0,Male,Returning,January,610.8
ORD003507,8,22.72,5.0,5.0,Books,Boke,Mobile Money,35.0,Female,Returning,March,194.1
ORD004680,4,,0.0,1.0,Beauty,Kindia,CARD,39.0,Female,Returning,December,267.69
ORD000922,2,11.95,0.0,4.0,Food,Nzerekore,Credit Card,38.0,M,New,June,22.7
ORD000969,2,23.08,10.0,4.0,Toys, Boke ,MobileMoney,35.0,Male,New,February,39.11
ORD000675,2,11.77,10.0,,Food, Boke ,Mobile Money,51.0,Male,Returning,July,18.75
ORD006239,5,191.43,0.0,4.0,Home,Conakry,Cash,30.0,FEMALE,New,October,946.14
ORD003155,4,27.06,,7.0,Toys,Nzerekore,MOBILE MONEY,21.0,Female,New,September,98.83
ORD004473,6,341.48,0.0,4.0,Electronics,Conakry,MobileMoney,34.0,Female,new,August,2409.21
ORD000934,9,281.52,15.0,1.0,Electronics,Labe,Mobile Money,48.0,Male,Returning,November,2159.63
ORD004484,6,12.75,20.0,4.0,Books,Kankan ,Mobile Money,,Male,New,January,60.97
ORD005434,6,42.82,5.0,1.0,beauty,Kindia,Card,39.0,Female,New,October,255.14
ORD004644,1,18.33,30.0,7.0,Books,Labé,Card,31.0,Male,New,April,11.72
ORD008053,6,345.15,5.0,7.0,Electronics,Labé,Cash,34.0,Female,Returning,August,2123.15
ORD008102,6,20.13,,5.0,Books,Nzerekore,mobile money,8.0,Female,Returning,June,116.36
ORD008964,5,136.8,10.0,6.0,Sports,Conakry,Cash,43.0,Female,new,February,622.88
ORD000442,2,30.69,0.0,7.0,Books,Boke ,Cash,,Female,new,February,59.79
ORD004780,2,30.83,0.0,7.0,Toys,kankan,Card,22.0,Female,New,September,67.67
ORD009084,10,24.37,0.0,6.0,Food,Labe,Cash,39.0,Female,Returning,March,242.87
ORD004229,6,247.44,5.0,6.0,ELECTRONICS,Kindia,Mobile Money,16.0,male,Returning,May,1291.57
ORD001095,2,48.54,-20.0,6.0,Clothing,Conakry,,31.0,Female,RETURNING,February,71.59
ORD005565,8,39.18,10.0,7.0,Sport,kankan,Card,22.0,F,New,July,285.89
ORD004315,9,20.89,0.0,7.0,FOOD, Conakry,Credit Card,27.0,Female,New,July,221.28
ORD003482,4,36.65,0.0,6.0,Clothing,N'Zerekore,Card,23.0,Female,New,September,140.42
ORD001615,6,28.07,,2.0,Book, Conakry,Mobile Money,47.0,Male,New,October,154.74
ORD006659,7,19.53,0.0,5.0,food,Kindia,CARD,44.0,male,New,October,133.84
ORD005190,4,15.12,0.0,,Beauty,Conakry,Mobile Money,42.0,Female,New,July,55.32
ORD008571,3,14.7,0.0,5.0,FOOD,Conakry,cash,36.0,Male,Returning,November,46.15
ORD000427,3,,0.0,3.0, Books ,Conakry,Cash,16.0,Female,New,March,12.09
ORD005826,3,33.09,10.0,7.0,Toys,Kankan ,Card,37.0,male,returning,October,97.44
ORD008815,6,615.25,0.0,5.0,Electronics,Conakry,card,16.0,male,Returning,March,3910.72
ORD001704,5,25.81,10.0,3.0,clothing,Boke,CASH,26.0,Male,New,May,135.98
ORD005731,5,193.11,0.0,3.0,Electronics,Labé,Mobile Money,28.0,FEMALE,New,June,1024.05
ORD003635,2,130.03,10.0,3.0,HOME,Conakry,Cash,39.0,Female,New,January,234.03
ORD006905,5,34.21,15.0,4.0,Books,kindia,Mobile Money,,female,Returning,September,138.63
ORD007292,3,112.6,25.0,4.0,Sports,Nzerekore,Mobile Money,50.0,Female,Returning,November,233.18
ORD001366,6,102.13,10.0,4.0,Sports, Conakry,card,,Female,Returning,April,563.36
ORD002164,3,166.9,0.0,6.0,Home,Kankan,MobileMoney,,Female,New,July,463.72
ORD003291,3,31.52,5.0,3.0,Beauty,Labe,Mobile Money,32.0,Female,Returning,September,93.05
ORD001327,4,26.85,,5.0,Food,Conakry,Card,38.0,Female,New,May,111.12
ORD000308,5,37.66,0.0,4.0,Beauty,LABE,Cash,35.0,Female,New,November,191.16
ORD004870,4,53.71,25.0,5.0,Beauty,Kindia,mobile money,8.0,Male,New,February,155.13
ORD004750,4,69.99,0.0,2.0,Toys,Conakry,Mobile Money,,MALE,New,January,289.15
ORD009321,6,24.61,15.0,5.0,Food,Kindia,Cash,,Male,New,December,129.12
ORD000464,6,45.61,5.0,1.0,Toys,Conakry,card,21.0,Male,Returning,April,260.58
ORD002984,5,39.2,0.0,7.0,CLOTHING,Boke,Mobile Money,23.0,Male,New,August,218.49
ORD002312,3,9.65,0.0,5.0,Food,Conakry,Cash,32.0,Male,Returning,January,28.38
ORD005215,3,14.77,15.0,4.0,Food,Conakry,Mobile Money,55.0,Male,New,September,34.63
ORD000453,4,200.33,,9.0,HOME,CONAKRY,,41.0,Male,Returning,September,804.63
ORD004478,5,11.28,5.0,,Food,Conakry,CARD,39.0,Male,New,August,50.43
ORD003370,1,18.47,0.0,,Food,Boke ,Mobile Money,24.0,male,New,January,17.23
ORD002907,4,,20.0,7.0,Sports,Kankan,Cash ,39.0,M,New,June,128.36
ORD002031,5,36.82,10.0,3.0,Toys,Kindia,Credit Card,31.0,Female,new,January,172.08
ORD007568,7,14.36,0.0,4.0,FOOD,Labe,Mobile Money,40.0,female,Returning,June,104.4
ORD006334,3,61.78,10.0,,Beauty,Conakry,CARD,37.0,Male,New,July,177.56
ORD000940,3,134.2,0.0,5.0,Home,Labe,Card,36.0,MALE,New,December,429.44
ORD000855,1,,0.0,5.0,Electronics,Kankan,Cash,23.0,Female,New,December,386.25
ORD007363,3,18.01,,2.0,BEAUTY,Kindia,Cash Payment,29.0,Male,new,December,50.56
ORD009237,5,256.95,10.0,7.0,Home, Conakry,Mobile Money,33.0,Female,Returning,September,1177.62
ORD005715,4,20.96,10.0,3.0,Books,Conakry,Mobile Money,17.0,Male,New,July,75.37
ORD003458,3,383.52,0.0,4.0,Electronics,boke,CARD,55.0,Male,Returning,October,1269.85
ORD004884,2,21.59,0.0,4.0,Toys,Labe,MOBILE MONEY ,39.0,Female,New,November,38.15
ORD006050,1,,,6.0,Toys,CONAKRY,Cash,28.0,Female,New,May,49.87
ORD004001,3,25.59,0.0,5.0,Food, Conakry,,29.0,Female,Returning,June,71.02
ORD009449,2,216.0,25.0,3.0,Electronics,Labe,CARD,,Male,Returning,July,305.71
ORD000140,4,44.38,0.0,4.0,Toys,Conakry,Cash,30.0,Male,New,June,162.82
ORD006832,5,80.46,10.0,3.0,Clothing,Conakry,MobileMoney,41.0,Male,Returning,March,368.48
ORD003336,3,42.52,0.0,3.0,TOYS,Conakri,Card,52.0,male,New,February,140.31
ORD007046,3,367.79,0.0,6.0,Electronics,Labe,Mobile Money,16.0,FEMALE,Returning,February,1068.86
ORD003966,3,97.3,10.0,6.0,Home,boke,Mobile Money,16.0,Female,New,May,288.84
ORD006336,4,106.83,0.0,4.0,Clothing,Conakry ,Cash Payment,31.0,Female,Returning,December,415.92
ORD008956,5,83.92,0.0,7.0,Clothing,Conakry,Card,26.0,Male,New,May,444.81
ORD009403,5,,0.0,5.0,HOME,Conakry,Card,41.0,Male,New,March,595.74
ORD005446,4,135.28,10.0,4.0,Home,KINDIA,Card,24.0,Male,New,April,512.21
ORD004567,2,31.47,0.0,,Beauty,KANKAN,Mobile Money,33.0,Female,New,April,62.19
ORD008747,3,,10.0,1.0,Clothing,conakry,,28.0,Male,New,June,304.2
ORD008006,6,54.31,,5.0,Clothing,Labe,Mobile Money,31.0,Male,New,October,340.41
ORD005817,4,39.38,0.0,7.0,Toys,conakry,Cash Payment,27.0,Female,Returning,March,150.57
ORD004981,4,267.25,0.0,,Electronics,Kankan,Mobile Money,47.0,M,New,June,1054.32
ORD003358,4,102.96,10.0,2.0,Home, kindia ,Mobile Money,30.0,Male,Returning,October,357.4
ORD008910,6,75.79,0.0,8.0,Clothing,Boke,Mobile Money,32.0,Female,New,June,481.06
ORD002121,5,172.93,15.0,1.0,home,Conakry,card,22.0,Male,New,May,700.29
ORD008072,4,87.53,0.0,2.0,Home,Boke,Card,28.0,female,NEW,December,386.51
ORD004326,5,275.61,0.0,5.0,Electronics,KINDIA,Mobile Money,24.0,Female,Returning,April,1431.14
ORD006579,5,20.11,15.0,-6.0,Books,Nzerekore,Mobile Money,45.0,male,Returning,August,91.64
ORD000399,4,66.23,10.0,5.0,TOYS,Conakri, Card ,30.0,MALE,New,February,235.19
ORD001985,2,350.5,,,Electronics,conakry,Cash,35.0,M,New,December,601.86
ORD000244,3,24.25,0.0,4.0,BOOKS,Conakry,Card,32.0,male,New,October,75.62
ORD004803,3,29.95,,2.0,Books,kankan,Mobile Money,19.0,Female,New,November,83.05
ORD003450,5,36.42,0.0,7.0,BEAUTY,kankan,MOBILE MONEY,18.0,Female,Returning,September,160.65
ORD004049,7,61.49,,7.0,Beauty,Conakry,cash,26.0,Male,New,April,426.72
ORD002963,5,162.67,15.0,4.0,Home,Boke,Card,28.0,Male,New,March,622.22
ORD008432,3,22.79,0.0,6.0,Food,CONAKRY,Cash,20.0,Female,New,May,73.41
ORD008526,7,128.79,5.0,5.0,Hom,Kankan,Card,27.0,Female,New,October,873.98
ORD000136,4,312.32,0.0,7.0,electronics,Boke,Card,,Female,Returning,March,1355.46
ORD006937,7,-40.0,10.0,,Books ,kindia,Card,36.0,female,New,September,112.79
ORD001253,4,37.44,0.0,8.0, Books ,Conakry,Cash,42.0,Male,New,July,166.7
ORD005495,2,28.98,10.0,4.0,Beauty, Conakry,card,35.0,Male,Returning,October,55.32
ORD006785,2,147.19,0.0,2.0,Sport,Conakry,Mobile Money,,MALE,Returning,January,279.27
ORD000231,7,71.73,0.0,5.0,Sports,labe,,33.0,Male,New,March,477.42
ORD002742,2,,,3.0,Clothing,Nzerekore,Mobile Money,37.0,Male,New,December,78.07
ORD008762,3,43.09,0.0,6.0,Home,labe,Mobile Money,32.0,FEMALE,New,February,135.52
ORD007177,4,399.83,0.0,4.0,Electronic,Conakry,Card,23.0,Female,New,June,1417.33
ORD005696,4,48.33,0.0,,Clothing,Kindia,Card,,Male,New,December,177.71
ORD008962,2,34.56,0.0,6.0,BOOKS,Conakry,mobile money,25.0,Male,New,January,74.09
ORD006997,7,95.05,10.0,4.0,Sports,Nzerekore,Cash,30.0,Female,New,July,594.04
ORD004563,4,62.59,15.0,5.0,Toys,Boke,Card,22.0,F,Returning,August,238.92
ORD005790,4,,0.0,5.0,Books,nzerekore,Card,55.0,Male,New,June,96.51
ORD005875,11,19.56,0.0,7.0,Food, Conakry ,Cash,35.0,Female,New,July,242.96
ORD006869,3,67.5,,2.0,SPORTS,Kankan ,Card,16.0,Female,New,August,214.37
ORD004485,7,237.33,0.0,7.0,Eletronics,Nzerekore,,22.0,Male,New,March,1590.72
ORD007746,1,135.82,10.0,7.0,SPORTS,Kindia,Card,180.0,Female,new,March,118.56
ORD001948,6,247.3,0.0,3.0,Home,Conakry,Cash,27.0,male,Returning,September,1565.33
ORD002009,6,58.02,15.0,2.0,Sports,Kankan,cash,34.0,Female,New,June,313.49
ORD004238,3,33.4,25.0,4.0,Books,Labe,card,26.0,Female,New,July,77.81
ORD007203,3,11.7,15.0,1.0,books,NZEREKORE,card,50.0,MALE,Returning,October,30.23
ORD007621,4,141.49,0.0,5.0,Home,Labe,cash,43.0,Female,NEW,January,556.92
ORD002016,1,180.68,30.0,5.0,Home,Conakri,Mobile Money,27.0,Male,Returing,May,109.06
ORD002856,4,,0.0,6.0,SPORTS,Conakry,Cash,40.0,F,New,April,159.06
ORD005774,7,31.18,0.0,-8.0,Food,Conakry,CARD,47.0,M,Returning,October,205.75
ORD005951,4,374.7,10.0,5.0,Eletronics,Nzerekore,Mobile Money,19.0,Male,New,August,1193.02
ORD009502,5,31.42,10.0,6.0,Beauty,LABE,mobile money,31.0,Male,New,October,133.54
ORD000965,3,24.87,0.0,-6.0,Toys,Labe,CASH,19.0,Male,New,February,70.21
ORD006418,5,178.06,0.0,4.0,Eletronics,Kindia,Card ,51.0,Male,New,October,894.71
ORD006654,2,16.05,,8.0,Food,Conakry,Card,26.0,Female,new,August,32.16
ORD002843,2,91.86,0.0,5.0,Clothing,Boke,Cash,29.0,Male,New,March,189.04
ORD007806,250,235.25,10.0,10.0,Home,Conakry,Cash Payment,34.0,Male,Returning,January,630.29
ORD009263,4,79.52,0.0,,CLOTHING,Conakri,Mobile Money,26.0,Male,New,April,313.23
ORD008271,3,91.34,20.0,4.0,Beauty,CONAKRY,Cash,30.0,Female,Returning,February,220.76
ORD005945,7,15.33,15.0,3.0,Food,boke,Cash Payment,41.0,Male,NEW,May,89.58
ORD001941,2,36.44,,5.0,books ,Boke,Cash,39.0,Male,New,September,49.88
ORD004596,9,24.06,0.0,5.0,Clothing, Kankan ,Card,28.0,Male,returning,January,201.26
ORD000158,3,96.36,0.0,8.0,Sports,KANKAN,Cash,20.0,Male,Returning,November,272.63
ORD007837,5,90.96,25.0,,Home,boke,Credit Card,37.0,Male,Returning,March,327.4
ORD001265,6,41.62,20.0,2.0, Beauty ,Kindia,card,21.0,Male,Returing,January,207.1
ORD006263,3,20.6,,4.0,Books,Kankan, Cash ,25.0,M,New,December,62.44
ORD004790,2,5.5,0.0,5.0,Books,Kindia,Card,19.0,Female,New,December,11.82
ORD006563,3,179.36,10.0,4.0,Sports,CONAKRY,cash,46.0,Male,Returning,December,471.48
ORD008069,2,11.0,,5.0,Toys,Kindia,Cash,34.0,Male,New,May,21.04
ORD001266,7,36.99,15.0,5.0,clothing,Labe,Cash,16.0,Male,Returning,July,218.63
ORD000962,4,77.75,15.0,6.0,Clothing,Conakry,Mobile Money,23.0,Male,New,January,259.83
ORD002511,8,471.35,0.0,150.0,Electronics,Kindia,,35.0,Female,New,September,3998.44
ORD008864,2,-40.0,0.0,8.0,Electronics,Labe,Card,34.0,Male,RETURNING,July,552.28
ORD002646,5,242.11,0.0,5.0,electronics ,Kindia,Credit Card,50.0,Female,NEW,August,1122.65
ORD001241,1,14.01,10.0,5.0,Food,kankan,Card,39.0,Female,New,March,12.23
ORD005317,6,23.19,0.0,1.0,Books,Conakry,Cash,23.0,Female,Returning,June,143.08
ORD007370,4,31.11,30.0,6.0,Toys,Kankan,Card,33.0,Male,New,November,89.54
ORD009177,3,63.53,5.0,1.0,Clothing,KINDIA,Mobile Money,49.0,Female,Returning,June,182.39
ORD003512,4,80.79,0.0,5.0,Home,Kankan,Cash,40.0,male,New,February,326.17
ORD000980,4,14.52,,4.0,Food,BOKE,Cash,29.0,Male,New,December,65.76
ORD000957,-3,28.38,10.0,2.0,Toys,Nzerekore,Cash,16.0,Male,New,March,80.73
ORD001705,3,24.8,0.0,3.0,Books,Kindia,Card,20.0,Male,New,September,73.56
ORD000729,2,12.12,0.0,2.0,Food,Labe,Mobile Money,18.0,F,Returning,March,22.09
ORD008588,2,48.12,,3.0,Sports,Kankan,Card,33.0,Female,RETURNING,January,98.45
ORD002615,3,136.66,0.0,5.0,Clothing,Conakri,Card,16.0,F,Returning,November,369.45
ORD007941,6,64.61,20.0,3.0,Beuty, Conakry,Card,32.0,Male,Returning,March,291.72
ORD003113,5,107.24,,2.0,Sport,Conakry,CARD,34.0,MALE,New,August,583.6
ORD006597,8,159.89,,5.0,Sports,Conakry,cash,24.0,Male,Returning,September,1313.31
ORD006345,7,35.18,0.0,5.0,Beauty,Kindia,,47.0,Female,New,January,249.15
ORD008704,4,39.29,0.0,5.0,CLOTHING,Labe,Card,25.0,Female,Returning,October,150.0
ORD002345,5,294.07,0.0,3.0,Electronics,Kankan,Mobile Money,37.0,Female,New,March,1433.27
ORD005466,3,27.21,-20.0,6.0,Toy,Labe,Mobile Money ,33.0,Female,Returning,April,84.88
ORD008653,5,31.21,20.0,9.0,Beauty,Kankan,Mobile Money,34.0,M,Returning,December,122.44
ORD005872,4,15.95,,3.0,Food,Kindia,Mobile Money,34.0,MALE,New,July,51.32
ORD000869,4,487.41,25.0,3.0,Electronics,Conakry,Mobile Money,,Male,Returning,January,1330.46
ORD005488,3,12.99,5.0,,Food,LABE,,25.0,Female,Returning,November,38.35
ORD005371,8,242.37,0.0,5.0,Electronics ,Nzerekore,Mobile Money,16.0,female,New,May,1822.48
ORD009369,5,67.71,25.0,, Beuty ,Kankan,Card,28.0,Male,Returning,March,278.14
ORD004842,4,89.53,0.0,3.0,Sports,Kankan,Mobile Money,21.0,Male,Returning,August,392.33
ORD002191,7,37.3,0.0,8.0,Toys,Kankan, CARD ,23.0,Female,Returning,July,294.24
ORD003613,-3,71.77,25.0,4.0, Clothing ,Conakry,Cash,16.0,Male,Returning,August,245.51
ORD001398,3,135.34,0.0,4.0,Home,Labe,Cash,44.0,Male,new,December,462.5
ORD000006,5,97.2,0.0,5.0,Clothing, Conakry,Mobile Money,21.0,Female,Returning,October,424.44
ORD000954,4,34.29,0.0,,Beauty,Nzerekore,cash,21.0,Female,Returning,March,131.67
ORD001200,7,66.82,15.0,5.0,Sports,Labé,MobileMoney,,Female,RETURNING,December,338.43
ORD006600,2,77.89,15.0,3.0,SPORTS,KANKAN,Cash,23.0,Male,New,November,141.02
ORD004160,2,15.27,15.0,1.0,Books,KINDIA,Cash,26.0,Male,Returning,July,26.13
ORD009350,3,131.23,0.0,5.0,Home,kindia,Mobile Money,43.0,Female,returning,April,391.35
ORD000505,6,10.76,0.0,5.0,Food, kankan ,Cash Payment ,56.0,Male,New,July,71.03
ORD000792,4,92.65,0.0,6.0,Sports,Kindia,Card,20.0,Male,New,February,417.51
ORD008882,6,143.9,0.0,4.0,Home,Conakry,MobileMoney,25.0,Male,Returning,June,877.51
ORD005925,2,,10.0,3.0,Beauty,kindia,Card,36.0,Male,New,October,83.08
ORD005230,4,86.91,0.0,5.0,Beauty,Conakry,Card,35.0,Male,RETURNING,September,384.92
ORD001516,1,42.94,10.0,5.0,Sports,kankan,Cash,38.0,FEMALE,RETURNING,June,39.3
ORD007822,5,48.2,0.0,5.0,Sports ,Boke,CARD,,Female,Returning,June,258.45
ORD000086,4,21.2,25.0,4.0,Books,Labé,Card,17.0,Male,New,July,59.64
ORD002737,5,119.63,0.0,4.0,home, Conakry,Cash,30.0,Male,New,December,618.93
ORD002704,5,22.32,25.0,3.0,Book,Kindia,Mobile Money,37.0,Male,Returning,September,83.42
ORD004287,4,71.21,10.0,4.0,Beauty, Conakry,Cash,43.0,Male,NEW,September,235.34
ORD001431,5,24.27,25.0,7.0,Food ,Conakry,card,51.0,Male,New,November,94.25
ORD008145,4,,25.0,7.0,Food,Kindia,Card,45.0,Female,Returning,July,43.54
ORD004422,4,1.05,0.0,,Books,Boke,Card,-12.0,Female,New,June,4.68
ORD007849,4,16.46,0.0,150.0,Food,kindia,Card,20.0,Female,New,August,72.73
ORD002220,4,,0.0,6.0,Clothing,Kindia,Card,42.0,Male,New,September,167.96
ORD007175,4,176.77,0.0,2.0,Electronics,kankan,,38.0,Female,Returning,June,746.43
ORD000627,5,52.07,10.0,7.0,Toys,Conakry,Mobile Money,48.0,Male,New,February,240.04
ORD007321,4,241.53,0.0,6.0,Electronics,Kindia,Cash,25.0,Male,Returning,September,966.6
ORD004087,7,14.71,,5.0,Toys,Conakry,Card,33.0,Male,Returning,August,99.92
ORD004667,3,122.57,0.0,1.0,Home,Kindia,CASH,28.0,Male,new,December,375.04
ORD000509,6,11.48,20.0,4.0,Beauty,Conakry,Mobile Money,32.0,Female,Returning,February,53.91
ORD003506,3,19.73,30.0,3.0,Book,CONAKRY,Mobile Money,32.0,Male,New,June,32.56
ORD006731,6,39.39,0.0,150.0,Clothing,kindia,Card,40.0,Female,New,March,203.88
ORD000458,8,63.39,0.0,4.0,CLOTHING,Labe,Cash,27.0,Male,New,February,492.28
ORD007658,3,107.88,,7.0,Sports,Nzerekore,Mobile Money,29.0,Female,New,November,243.21
ORD002701,3,25.37,30.0,2.0,Books,Kindia,Card,30.0,Female,New,April,51.49
ORD002465,3,382.25,5.0,8.0,Electronics,Conakry,,35.0,Male,New,June,1137.69
ORD004381,6,15.87,0.0,7.0,Books,NZEREKORE,card,43.0,Female,New,September,105.58
ORD001750,4,130.7,30.0,4.0,Home,Labe,Cash,23.0,Female,returning,May,376.18
ORD002637,2,21.01,0.0,5.0,FOOD,Kindia,Cash,19.0,Male,New,May,40.63
ORD005493,4,28.76,0.0,5.0,Beauty,Conakry,Card,28.0,Male,New,October,129.29
ORD007115,4,18.88,10.0,3.0,Food, Conakry,Cash,,Female,New,January,77.9
ORD003523,4,90.3,,,Sport,labe,cash,,Male,New,September,355.72
ORD002382,3,123.71,0.0,3.0,Sports,Conakry,Card,26.0,Female,Returning,June,349.17
ORD006391,2,192.41,0.0,4.0,Home,Conakry,Card,43.0,Female,NEW,November,361.48
ORD007116,4,118.53,0.0,4.0,Home,Kankan,CASH,25.0,F,new,March,467.97
ORD004997,5,287.28,10.0,3.0,Electronics,Kankan,Card,31.0,Male,New,August,1389.41
ORD004693,4,,10.0,1.0,Home,conakry,mobile money,30.0,Female,Returning,April,638.7
ORD000139,4,150.04,,7.0,Sports,Conakry,Mobile Money,35.0,Male,New,December,620.81
ORD008856,3,95.87,0.0,6.0,Clothing,Conakry, Cash ,16.0,Male,New,November,300.33
ORD008808,6,35.83,20.0,5.0,Beauty,Nzerekore,,37.0,Female,Returning,June,169.69
ORD009365,4,10.64,10.0,-8.0,Food,Nzerekore,Card,50.0,Male,Returning,January,31.4
ORD007537,5,129.06,10.0,,Sport,conakry,Card,35.0,Female,New,June,552.72
ORD005431,1,500000.0,5.0,6.0,Electronics,Conakry,,,Female,Returning,January,506.17
ORD004339,4,98.02,,9.0,HOME,LABE,CARD,37.0,Male,Returning,November,375.53
ORD005410,7,44.87,10.0,1.0, Clothing ,Boke ,Mobile Money,31.0,Male,Returning,December,260.28
ORD009148,4,138.96,0.0,6.0,Home,Kankan,,43.0,Male,Returning,March,507.72
ORD008641,2,43.42,,4.0,Books,Conakry,Card,,Female,Returning,February,80.87
ORD000690,4,1.0,20.0,6.0,Books,Kindia,Card,30.0,Female,Returning,January,3.37
ORD000370,7,27.01,30.0,7.0,Books,kindia,,21.0,Female,Returning,July,118.8
ORD005362,3,32.38,25.0,7.0,Toys,Labe,Mobile Money,20.0,Male,new,September,69.41
ORD000079,5,54.12,20.0,3.0,TOYS,Kindia,Mobile Money,31.0,M,Returning,February,230.01
ORD009023,5,50.08,0.0,3.0,beauty,Boke,cash,29.0,Male,Returning,June,277.68
ORD005412,2,109.54,25.0,6.0,Hom,Kankan,Card,51.0,Female,returning,August,139.05
ORD004601,2,500000.0,25.0,4.0,Clothing,CONAKRY,Mobile Money,24.0,Male,New,March,60.18
ORD002551,4,38.68,0.0,6.0,Beauty,boke,cash,,Male,NEW,September,153.28
ORD006637,4,162.45,0.0,6.0,Sports,Conakry,mobile money,45.0,male,New,September,609.61
ORD007377,4,261.12,25.0,6.0,Electronics,Kankan,Cash,24.0,Male,Returning,June,806.33
ORD006220,3,54.22,15.0,3.0, Toys ,Boke,Cash,19.0,F,Returning,September,123.17
ORD007095,5,148.51,0.0,1.0,Electronics,Boke,Card,39.0,Male,Returning,September,770.77
ORD007546,4,348.81,25.0,7.0,ELECTRONICS,Conakry,Cash ,27.0,Female,New,October,1062.29
ORD005070,4,20.98,0.0,,Books,Kindia,Card,33.0,Male,RETURNING,April,81.0
ORD001306,7,27.47,,1.0,Books,Conakry, mobile money ,51.0,Male,RETURNING,January,168.61
ORD003010,5,,0.0,3.0,Clothing,CONAKRY,Cash,22.0,Male,Returning,February,596.56
ORD007671,5,20.74,30.0,2.0,Books,KINDIA,Card,44.0,Female,Returning,August,71.22
ORD006212,2,15.68,0.0,4.0,Books,Nzerekore,Cash,34.0,Male,New,August,32.64
ORD008614,-3,22.84,,2.0,Toys,Kankan,Mobile Money,26.0,male,Returning,May,128.95
ORD003083,2,88.86,,,Clothing,Conakry,Cash,33.0,Male,Returning,August,142.86
ORD007008,8,13.28,0.0,,Books,Kindia,Cash,40.0,Male,Returning,June,98.61
ORD004311,4,1.1,15.0,4.0,Food,Labe,Cash,40.0,Female,New,August,3.46
ORD002420,2,44.92,0.0,8.0,Sports,Kankan,cash,43.0,MALE,New,June,96.89
ORD001342,1,39.82,10.0,5.0,Clothing,Kankan,,32.0,Male,New,February,36.54
ORD004408,3,29.64,10.0,6.0,Beauty,boke,CASH,40.0,Female,Returning,April,75.82
ORD008551,3,46.26,5.0,7.0,Toys,Conakry,CARD,30.0,Male,Returning,July,136.68
ORD000384,3,15.99,5.0,4.0,Books, Conakry,Card,33.0,Female,new,April,47.35
ORD006258,7,51.56,20.0,5.0,Clothing,Boke,MOBILE MONEY,25.0,Male,Returning,February,266.61
ORD004033,3,48.36,0.0,1.0,Toys,Conakry,Cash Payment,19.0,Male,New,May,135.32
ORD006288,3,97.15,10.0,4.0,Home,Kindia,,38.0,Female,Returning,November,282.56
ORD008830,250,89.21,15.0,4.0,Beauty,Conakry,Mobile Money,28.0,Male,New,August,243.13
ORD003802,3,57.42,0.0,10.0,Clothing,Kankan,Cash,30.0,Female,Returning,February,168.95
ORD004969,5,102.37,5.0,5.0,Sports,Nzerekore,cash,,Female,returning,February,427.41
ORD005175,5,90.99,0.0,7.0,Sports,Conakry,Mobile Money,16.0,F,New,February,437.64
ORD002594,5,31.12,5.0,6.0,Toys,Conakry,Cash,38.0,Male,New,April,142.08
ORD001577,3,10.74,20.0,5.0,Food,BOKE,mobile money,24.0,Female,New,July,23.76
ORD008086,4,34.42,10.0,5.0,Sports,Kankan,Card,41.0,Male,New,September,117.14
ORD005793,4,61.98,10.0,5.0,Sport,Conakri,Card,38.0,Female,New,May,236.08
ORD007877,5,76.59,0.0,8.0,Sports,Kankan,Card,21.0,Female,Returning,October,412.85
ORD006562,4,224.14,0.0,1.0,Electronics,BOKE ,Mobile Money,40.0,Female,new,September,1107.69
ORD008017,3,,0.0,5.0,Sports,conakry,Mobile Money,49.0,Female,Returning,December,540.53
ORD003930,4,39.26,5.0,1.0,TOYS,Boke,CASH,27.0,Female,returning,August,158.67
ORD002781,5,300.51,,8.0,Electronics,Conakry,Card,23.0,Male,Returning,May,1287.22
ORD000197,5,47.73,0.0,7.0,Clothing,Nzerekore,,31.0,Female,returning,September,272.49
ORD000743,2,50.39,0.0,6.0,Toys, Conakry ,Mobile Money,,Female,New,March,97.39
ORD008869,6,70.11,10.0,8.0,Sports,Boke,Card,30.0,Female,new,October,367.83
ORD006586,4,72.26,10.0,5.0,HOME,kindia ,Cash,41.0,Female,New,August,228.69
ORD003418,4,,0.0,8.0,Sports,Boke,Mobile Money,23.0,male,New,March,239.84
ORD005415,3,72.47,0.0,5.0,Clothing,Boke,Card,,MALE,New,April,239.78
ORD000956,2,190.93,0.0,6.0,Electronics,conakry,Mobile Money,49.0,Female,Returning,June,455.32
ORD007842,3,49.53,0.0,8.0,Beauty,CONAKRY,Mobile Money,16.0,FEMALE,New,September,142.67
ORD003455,4,277.4,10.0,1.0, Electronics,kindia,Mobile Money,38.0,Male,New,April,817.86
ORD006871,5,34.58,0.0,4.0,books,Kankan,Card,32.0,Male,New,December,161.23
ORD008493,5,37.46,0.0,7.0,TOYS,Kindia,,40.0,Female,New,March,188.63
ORD006518,6,15.8,0.0,5.0,Toys,Kindia,,51.0,Male,Returning,April,101.16
ORD007788,6,61.44,10.0,7.0,Toys,Conakry,CARD,27.0,Female,New,February,345.57
ORD006892,5,24.25,15.0,10.0,beauty, Conakry,cash,26.0,Male,Returning,August,117.83
ORD006148,6,56.56,15.0,7.0,SPORTS,Conakry,Card,,Female,Returning,January,267.63
ORD008000,2,187.27,0.0,,sports,CONAKRY,CASH,46.0,Female,New,January,421.81
ORD007106,4,84.75,0.0,3.0,Sports, Conakry,Mobile Money,54.0,F,Returning,November,331.36
ORD008602,7,45.51,0.0,5.0,Beauty,Kindia,CARD ,19.0,Female,Returning,November,333.99
ORD001068,6,114.62,25.0,6.0,SPORTS,Conakry,Mobile Money,34.0,Female,New,April,563.86
ORD008933,3,37.54,0.0,,Sports,Conakry,Card,18.0,F,New,September,103.87
ORD006315,4,161.43,25.0,3.0,SPORTS,Conakry,Mobile Money,,Male,New,July,458.44
ORD001679,2,464.59,15.0,,ELECTRONICS, Conakry,,24.0,MALE,Returning,January,758.95
ORD007149,250,22.42,0.0,8.0,toys,Labe,Mobile Money,34.0,Female,new,June,73.34
ORD002630,6,,0.0,,Food,Labe,cash,33.0,Female,Returing,May,73.79
ORD000761,4,-40.0,20.0,5.0,electronics,Kindia,Mobile Money,30.0,Female,New,February,1233.72
ORD000979,3,46.26,0.0,6.0,Toys,Kindia,Cash,41.0,Male,Returning,September,148.8
ORD008598,5,61.8,0.0,3.0,Toys,Conakry,Mobile Money,19.0,Female,Returning,July,312.75
ORD003114,2,27.05,10.0,5.0,Beauty,Boke,Card,34.0,Female,Returning,October,54.09
ORD005425,3,94.33,0.0,4.0,Home,Conakry,Cash,,Female,NEW,August,250.26
ORD005725,2,,,2.0,Home,Boke,Cash Payment,22.0,Female,New,August,230.65
ORD003053,4,,,7.0,Sports,Conakri,mobile money,32.0,Male,Returning,June,310.31
ORD001796,3,89.65,10.0,5.0,Sports,Kindia,Cash,8.0,Male,Returning,April,238.12
ORD004169,7,-40.0,5.0,7.0,Clothing,Kindia ,Cash,42.0,female,New,May,194.92
ORD008932,3,256.75,20.0,3.0, Electronics,Kindia,cash,18.0,Female,returning,December,586.6
ORD007412,4,42.34,0.0,6.0,Clothing,Kindia,Cash,26.0,Female,New,May,187.51
ORD005233,2,23.15,0.0,2.0,Toys,Conakry,Card,17.0,Male,New,September,46.7
ORD004512,5,61.6,0.0,7.0,Clothing,Conakri,Mobile Money,16.0,Female,returning,May,318.71
ORD005884,4,68.55,,150.0,Sports,Kindia,Mobile Money,34.0,Female,Returning,April,269.92
ORD001083,3,109.82,0.0,3.0,clothing,Conakry,,42.0,Female,New,August,317.71
ORD008122,4,,0.0,2.0,Home,Conakry,Cash,40.0,Female,Returning,April,565.6
ORD006180,5,,,5.0,Toys,Nzerekore,Mobile Money,39.0,F,Returning,January,174.22
ORD006147,4,45.51,5.0,3.0,Toys,Conakri,,25.0,Male,New,May,168.84
ORD007828,3,94.63,0.0,150.0,Sports,LABE,Cash,33.0,Female,NEW,June,277.04
ORD003713,5,31.7,10.0,3.0,Books,Conakry,Cash,25.0,Male,new,August,153.46
ORD000484,3,165.18,,1.0,Home,Boke,Mobile Money,23.0,female,New,May,515.9
ORD004079,6,21.97,5.0,,Books,conakry,card,45.0,Female,Returning,May,142.7
ORD005084,2,69.06,0.0,7.0, Clothing ,Conakry,Card,37.0,male,New,June,136.74
ORD000372,2,86.43,0.0,,Clothing,CONAKRY,Card,31.0,Female,New,December,179.57
ORD007325,2,216.79,,4.0,Home,Boke,Mobile Money,33.0,Female,New,April,418.42
ORD006047,4,20.3,10.0,6.0,TOYS,Boke, Mobile Money ,39.0,Male,New,August,77.52
ORD009623,3,9.37,0.0,5.0,FOOD,NZEREKORE,Cash,23.0,Male,Returning,November,28.33
ORD005542,1,281.11,30.0,8.0,Electronic,Conakry,Cash ,50.0,F,returning,November,209.28
ORD003734,3,13.26,0.0,5.0,Books,N'Zerekore,Mobile Money,,Female,New,September,37.25
ORD009016,2,500000.0,0.0,,Electronic, Kankan ,Card,22.0,Female,New,November,449.96
ORD005375,4,,0.0,4.0,Book,Boke,Cash,17.0,Male,New,June,97.23
ORD009545,3,44.33,0.0,8.0,Beauty,Boke,Cash,26.0,Male,Returning,May,104.63
ORD004886,8,43.97,5.0,8.0,clothing,Labe,CASH,34.0,Male,New,September,354.07
ORD002100,5,384.86,15.0,3.0,Electronic,Labe,Mobile Money,20.0,Male,Returning,December,1742.08
ORD001077,5,277.81,0.0,8.0,Electronics,Labe,CARD,27.0,Male,New,July,1341.83
ORD002256,3,38.2,0.0,7.0,Beauty,Boke,Card,31.0,female,New,May,106.27
ORD004864,4,53.87,0.0,6.0,TOYS,Boke,Card,40.0,Female,New,June,202.9
ORD005691,2,204.79,0.0,5.0,  Electronics  ,Boke,Card,42.0,Female,Returning,February,384.0
ORD009221,4,230.2,0.0,2.0,Home, Conakri ,Card,41.0,Female,New,March,986.6
ORD002784,2,19.37,5.0,3.0,Books, Labe ,Mobile Money,22.0,male,New,December,39.4
ORD008295,4,392.05,10.0,6.0,Electronics,conakry,,,F,Returning,May,1235.24
ORD008032,6,40.65,,,Toys,KINDIA,Cash,,Female,New,May,197.18
ORD000526,5,50.24,0.0,7.0,Toys,BOKE,Mobile Money,33.0,Male,New,November,250.35
ORD001938,4,18.59,10.0,3.0,Toys, Kankan ,Mobile Money,48.0,Male,Returning,January,66.57
ORD001955,4,160.23,0.0,7.0,Sports,Conakry,Card,16.0,Female,Returning,September,577.9
ORD002084,6,13.64,0.0,4.0,Toys,Kindia,CASH,46.0,Female,New,August,93.73
ORD007030,6,24.71,0.0,-6.0,food, Conakry ,Mobile Money,40.0,Female,Returning,August,144.93
ORD001991,4,80.05,0.0,5.0,Home,Conakry,Card ,25.0,Female,New,July,434.94
ORD004285,3,26.93,,7.0,FOOD,conakry,Card,24.0,Male,New,September,62.96
ORD002279,3,35.65,250.0,5.0,Beauty,Conakri,Mobile Money,40.0,Male,NEW,April,88.91
ORD004921,5,15.88,5.0,6.0,Food,BOKE ,,45.0,Female,New,September,72.89
ORD009300,3,23.77,0.0,4.0,Books,Conakry,Mobile Money,44.0,Female,Returning,February,74.16
ORD000020,5,61.94,0.0,6.0,Clothing,Labe,Card,44.0,Female,Returning,June,288.22
ORD000468,5,40.66,15.0,9.0,Cloting,Labe,Card,37.0,Male,New,January,184.41
ORD003746,5,36.76,,5.0,Sports ,labe, Card ,19.0,Male,New,March,148.07
ORD001719,6,,,5.0,Food,Nzerekore,Mobile Money,34.0,Female,New,May,74.91
ORD001037,6,40.62,0.0,5.0,Toys,Kindia,Card,29.0,Male,New,January,255.13
ORD002379,3,119.82,0.0,4.0,Electronics,Kankan,CARD,32.0,Female,Returning,June,302.79
ORD001235,4,22.86,25.0,8.0,Books,Conakry,Cash,40.0,Female,New,September,62.37
ORD007756,3,9.32,5.0,5.0,books,KANKAN,Cash,18.0,Male,NEW,June,23.85
ORD009079,3,16.19,15.0,4.0,books,Kindia,Card,22.0,Female,New,August,37.38
ORD004821,5,86.16,0.0,3.0,SPORTS,Boke,Card,27.0,Male,Returning,December,544.26
ORD004571,4,22.14,0.0,6.0,Clothing,kankan,Cash,47.0,Female,New,April,97.83
ORD009604,7,13.98,0.0,5.0,Food,Nzerekore,Mobile Money,34.0,Male,Returing,November,87.57
ORD002148,6,,10.0,3.0,Hom,Conakry,Card,29.0,Male,Returning,November,1252.3
ORD009324,5,132.53,,3.0,Home,Conakry,Mobile Money,37.0,M,returning,November,656.58
ORD005917,4,44.77,0.0,4.0,Clothing,Kankan,Cash Payment,26.0,Female,New,January,190.39
ORD002853,2,128.6,,2.0,Home,Kindia,CASH,,Male,New,February,269.13
ORD000948,6,70.65,15.0,7.0,Sports ,Nzerekore,Mobile Money,27.0,Female,New,December,374.02
ORD006262,1,50.11,0.0,6.0,Books,Conakry,cash,43.0,Male,Returning,December,46.15
ORD003448,3,10.39,0.0,6.0,Food ,Labe,Cash,44.0,MALE,New,April,31.68
ORD004502,5,98.17,10.0,2.0, Sport ,Boke,Mobile Money,33.0,Male,New,July,496.9
ORD008565,6,260.12,0.0,9.0,Electronics, Conakry ,Mobile Money,25.0,Female,Returning,May,1629.0
ORD005789,2,75.83,30.0,7.0,Sports,Conakri,cash,33.0,Female,Returning,November,114.1
ORD001493,5,414.89,15.0,6.0,Electronics,Conakry,CARD,26.0,Female,New,July,1435.25
ORD002586,2,66.29,10.0,1.0,Beauty,CONAKRY,Cash,47.0,Female,New,June,113.96
ORD006231,2,69.47,0.0,5.0,clothing,Kankan,,41.0,Female,Returning,December,145.62
ORD009063,4,16.03,0.0,5.0,Books,Boke, Cash ,21.0,Female,New,May,77.25
ORD006267,4,59.52,0.0,7.0,Toys,Conakry,,35.0,Male,New,June,228.01
ORD005464,4,10.19,0.0,5.0,Food, Conakry,Mobile Money,33.0,male,Returning,July,37.9
ORD001524,3,62.63,,,Clothing,Kindia,Cash,,Male,Returning,May,170.38
ORD001626,3,103.53,0.0,4.0,Clothing,Conakry,Card,38.0,Female,New,August,299.88
ORD000338,1,,20.0,7.0,Beauty,Conakry,,28.0,Female,Returning,July,23.64
ORD003195,3,13.48,25.0,5.0,Food,Boke ,Cash,44.0,Female,New,October,27.79
ORD003533,4,473.51,10.0,1.0,Electronics,Conakry,Card,38.0,Male,New,November,1651.23
ORD009550,3,24.46,5.0,5.0,Books,BOKE,MOBILE MONEY,56.0,Female,New,October,76.32
ORD000778,4,420.3,20.0,3.0,Electronics, Conakry ,cash,38.0,Male,Returning,September,1226.49
ORD001669,9,166.27,20.0,7.0,Home,Kindia,CARD,44.0,Female,New,December,1023.76
ORD005550,1,13.83,,4.0,Food,Conakry,Cash,41.0,Female,New,February,14.43
ORD008163,2,286.52,0.0,5.0,Electronics,Labe,Mobile Money,26.0,Male,New,November,546.32
ORD007943,3,67.24,10.0,5.0,Clothing,BOKE,Cash,39.0,Female,New,October,176.12
ORD002426,3,140.4,15.0,150.0,Sports,Conakry,,43.0,F,Returning,December,343.25
ORD008107,5,301.34,5.0,5.0,Electronics,Kankan,Cash,34.0,Female,New,November,1398.47
ORD003473,8,38.0,0.0,5.0,Clothing,Kindia,Card,16.0,Female,Returning,September,325.73
ORD008575,4,95.63,0.0,5.0,Home,Boke,card,39.0,Female,Returning,November,361.01
ORD005133,7,383.64,15.0,,Electronics,Conakri,Cash,36.0,FEMALE,New,February,2329.69
ORD005981,3,16.53,0.0,2.0,food,Kindia,Card,16.0,Male,New,July,53.19
ORD005688,3,40.29,0.0,2.0,Toys,Conakry,Cash,17.0,Male,Returning,April,118.41
ORD001725,5,31.85,15.0,5.0,Books,conakry,,27.0,Male,Returning,March,150.17
ORD000636,4,212.25,0.0,1.0,Electronics,Kindia,Card,39.0,Female,Returning,October,1060.43
ORD002985,2,329.51,0.0,,Electronics,Kindia,Cash,31.0,Male,New,September,690.75
ORD008660,3,19.37,0.0,7.0,Toys,nzerekore,Card,24.0,Male,Returning,December,66.15
ORD000513,4,60.36,0.0,,CLOTHING,Conakry,Card,34.0,Male,New,January,235.13
ORD004854,6,17.86,10.0,4.0,Beauty,Kankan,Mobile Money,44.0,Male,Returning,November,90.46
ORD002687,7,,0.0,7.0,HOME,Conakry,Mobile Money ,41.0,Male,returning,October,1236.77
ORD007375,2,24.89,10.0,3.0,toys,Kankan,Mobile Money,31.0,female,New,October,50.19
ORD007774,4,107.39,,7.0,Electronics,Boke,CARD,34.0,female,Returning,April,446.29
ORD007247,6,,0.0,,Toy,Kankan,Mobile Money,44.0,Female,New,January,179.39
ORD002437,3,45.2,0.0,1.0,Toys,Conakry,Card,44.0,Male,New,January,134.26
ORD009187,5,16.2,15.0,1.0,Food,Kindia,Card,48.0,Female,New,November,63.12
ORD009332,6,269.24,0.0,7.0,Electronics,Conakry,Cash,,Male,New,April,1484.71
ORD000961,3,24.31,,8.0,Food,Conakry,Mobile Money,34.0,Female,new,September,59.67
ORD008138,3,150.92,0.0,2.0,Home,Kindia,MobileMoney,,Male,Returning,October,448.37
ORD000608,4,16.41,0.0,5.0,FOOD,Kankan,MobileMoney,42.0,M,NEW,May,63.92
ORD008073,5,16.65,0.0,-8.0,FOOD,Kindia,Cash,56.0,Male,New,October,79.48
ORD006728,5,64.16,0.0,1.0,TOYS, Conakry,CASH,38.0,M,Returning,June,306.03
ORD006630,3,18.19,5.0,,Book,Conakry,Mobile Money,,Female,returning,November,51.93
ORD002427,5,74.51,0.0,4.0,Beauty,Conakry,Cash,8.0,Male,Returning,May,325.58
ORD008211,2,49.38,0.0,3.0,Beauty,Kindia,Cash,26.0,Male,New,May,83.68
ORD004220,1,16.43,0.0,4.0,Books,Kindia,card,,Male,New,June,18.8
ORD004760,5,31.38,,5.0,Books,Conakry,Cash,39.0,F,Returning,April,153.27
ORD004195,3,116.58,0.0,3.0,SPORTS,Boke,MOBILE MONEY,27.0,Female,Returning,March,329.7
ORD005634,4,20.35,0.0,2.0,Books, Kindia ,MOBILE MONEY,34.0,MALE,New,July,82.23
ORD008778,2,15.63,0.0,3.0,Toys,Kindia,Mobile Money,47.0,Male,Returning,August,33.32
ORD009033,3,155.3,0.0,3.0,Sports,Conakry,Mobile Money,27.0,M,New,December,501.67
ORD008688,2,137.37,0.0,8.0,Sports,Kindia,Card,31.0,Male,Returning,December,260.42
ORD005610,2,23.82,15.0,,food,BOKE,card,28.0,Male,Returning,October,44.79
ORD003902,4,50.14,0.0,1.0,Toys,Conakri,MobileMoney,46.0,Male,Returning,July,190.03
ORD002127,3,47.46,10.0,5.0,clothing,Labe,Card,39.0,Male,New,December,137.31
ORD000194,3,296.81,0.0,,Electronics,Conakry,Mobile Money,36.0,Male,New,March,793.16
ORD001605,7,375.23,0.0,2.0,Electronics,Conakry,Cash,37.0,Female,Returning,March,2660.04
ORD002235,4,78.24,5.0,7.0,Clothing,Boke,,36.0,Male,New,September,330.88
ORD000116,3,72.54,30.0,2.0,Clothing,Labe,Cash,18.0,Male,Returning,December,161.43
ORD004398,3,,15.0,2.0,Clothing,Kindia,Card,30.0,Male,New,February,137.65
ORD009681,3,30.37,0.0,3.0,Beauty,Conakry,Credit Card,45.0,Male,New,November,102.46
ORD009336,5,21.31,0.0,5.0,toys,boke , Cash ,31.0,Female,New,October,110.6
ORD004431,4,25.05,15.0,6.0,Clothing,Conakry,CASH,40.0,Male,Returning,February,85.1
ORD000335,5,51.52,20.0,6.0,Sports,Kankan,Card,17.0,Female,Returning,April,224.3
ORD000652,5,30.72,0.0,4.0,Beauty,Nzerekore,Card,,Female,Returning,November,161.1
ORD002389,5,98.76,0.0,5.0,Clothing, Conakry,MobileMoney ,26.0,Female,New,October,475.32
ORD002124,1,105.37,10.0,3.0,Sports,Boke,Mobile Money,40.0,Male,New,February,102.11
ORD006710,4,32.1,-20.0,4.0,Beauty,NZEREKORE,Mobile Money,35.0,Male,New,December,104.32
ORD006236,4,120.45,20.0,2.0,Sports,Kindia ,MOBILE MONEY,40.0,Male,Returning,November,348.94
ORD006002,4,24.4,0.0,1.0,Clothing,Nzerekore,Mobile Money,51.0,Male,Returning,November,86.01
ORD007360,2,12.71,0.0,5.0,Books,CONAKRY,,47.0,Female,New,December,24.73
ORD008059,3,,15.0,5.0,BOOKS,Conakry,Mobile Money,35.0,MALE,NEW,July,37.21
ORD003229,4,,0.0,11.0,Food,Conakry,Card,,M,New,August,86.56
ORD007348,2,333.66,0.0,6.0,Electronics,kindia,Mobile Money,43.0,Female,New,July,640.7
ORD006008,3,19.5,,,Toy,Labe,Cash Payment,26.0,Male,Returning,November,56.06
ORD004349,3,36.87,0.0,1.0,Books,Conakry,Cash,44.0,Male,New,March,100.93
ORD008172,5,27.92,10.0,7.0,Books,Kindia,,38.0,Male,Returning,November,123.16
ORD002845,4,171.79,,,sports,Conakry,Cash,37.0,Female,New,August,489.91
ORD003492,6,253.79,0.0,4.0, Electronics , Kankan ,Card,40.0,Male,RETURNING,January,1364.63
ORD006349,5,38.0,250.0,3.0,Toys,Conakry,Card,33.0,Male,New,October,178.09
ORD008708,4,31.42,10.0,8.0,Sports,Kindia,Cash,36.0,Male,New,October,111.15
ORD000801,3,,20.0,4.0,Sports,NZEREKORE,Cash,19.0,female,Returning,October,179.66
ORD002002,6,29.88,0.0,3.0,Toy,Kankan, Card ,41.0,Male,Returning,July,169.14
ORD006029,3,17.84,0.0,4.0,Books, Conakry,Mobile Money ,31.0,MALE,Returning,December,47.99
ORD009167,3,48.74,,6.0,Toys,Conakry,Cash,29.0,Male,New,December,157.65
ORD007045,5,3.12,10.0,4.0,Toys,Kindia ,Mobile Money,,Female,Returning,January,11.6
ORD003636,3,23.38,0.0,4.0,Food,Conakry,Card,28.0,Female,New,July,68.83
ORD004362,4,29.8,10.0,3.0, Book ,conakry,Cash,55.0,female,Returning,February,100.77
ORD000928,3,12.71,10.0,3.0,food,Nzerekore,MOBILE MONEY,44.0,Female,New,December,31.42
ORD001310,5,-40.0,20.0,4.0,Books,N'Zerekore,Cash,33.0,Male,New,June,57.59
ORD001352,6,131.0,0.0,3.0,HOME,Kankan,,24.0,Female,New,August,738.11
ORD001346,3,413.76,15.0,7.0,Electronics,Conakry, Card ,26.0,Male,New,September,1123.02
ORD008608,2,30.21,5.0,6.0,Books,boke,Cash,41.0,Female,New,June,58.84
ORD008173,2,499.7,0.0,7.0,Electronics,Conakry,Cash Payment,37.0,Female,Returning,April,907.23
ORD002502,4,521.47,0.0,6.0,Electronics,Conakry,Card,27.0,F,New,July,2070.17
ORD007476,7,10.65,0.0,2.0,Electronics, Conakry,Mobile Money,38.0,female,Returning,July,76.28
ORD009417,6,39.66,0.0,2.0,Toys,conakry,MOBILE MONEY,48.0,Male,Returning,February,249.32
ORD004120,1,22.62,0.0,1.0,Food,Nzerekore,mobile money,27.0,Female,new,July,24.16
ORD002575,4,76.9,0.0,2.0,Clothing,Conakri,MOBILE MONEY,45.0,Female,Returning,March,296.82
ORD009085,4,110.79,0.0,6.0,Home,Boke,Card,45.0,Male,Returning,March,489.96
ORD008959,4,15.81,0.0,6.0,Beauty,Labe,Card,16.0,M,New,February,63.75
ORD004034,3,113.77,0.0,3.0,Sports,CONAKRY,Cash,16.0,Male,Returning,August,318.49
ORD006394,3,40.91,25.0,6.0,beauty,Kindia,Card,46.0,Male,Returning,April,87.75
ORD009366,2,44.01,0.0,5.0,Sports,Conakry,MOBILE MONEY,35.0,Male,Returning,November,83.82
ORD006402,5,77.75,0.0,4.0,Clothing,Kankan,cash,16.0,Male,new,January,422.42
ORD002890,6,23.1,0.0,4.0,Books,Labe,card,27.0,Male,New,December,116.31
ORD001228,4,17.27,0.0,4.0,Food,Kindia,,18.0,Male,Returning,May,71.21
ORD006533,5,126.92,5.0,1.0,SPORTS,Kindia,cash,29.0,Male,New,March,568.03
ORD004055,2,13.6,10.0,4.0,food,Conakry,Card,,male,Returning,February,21.73
ORD005469,-3,55.61,0.0,,CLOTHING,Kindia,Cash,32.0,Male,New,February,181.11
ORD004067,4,45.79,10.0,6.0,Toy, Conakry,Cash,36.0,Male,New,September,157.54
ORD007448,3,53.32,0.0,1.0,Clothing,Boke,,42.0,Female,Returing,May,161.75
ORD002453,6,-40.0,0.0,-6.0,Books, Conakry,Card,16.0,Male,Returning,December,74.67
ORD007265,4,376.18,15.0,3.0,Electronics,Labe,Card,46.0,Male,Returning,December,1262.93
ORD006970,6,20.51,0.0,7.0,BOOKS ,Kindia,MobileMoney,29.0,Female,New,January,118.28
ORD002698,4,170.62,30.0,3.0,Home,Conakry,Mobile Money,29.0,MALE,Returning,December,436.59
ORD001852,5,1.05,0.0,7.0,Toys,Boke,Card,27.0,Male,New,November,5.61
ORD005271,4,55.32,-20.0,5.0,Beauty,Conakry,Mobile Money,31.0,Female,new,September,226.28
ORD001423,2,102.58,0.0,4.0,Home,Labe,Cash,32.0,Female,Returning,November,213.46
ORD000049,4,,0.0,8.0,Beauty,Conakry, Cash ,37.0,Male,returning,June,252.86
ORD005378,6,27.33,10.0,1.0,Clothing,Boke,,16.0,Female,New,June,147.24
ORD003560,4,72.36,,,Beuty,Conakry,Cash,43.0,Female,New,December,299.65
ORD005760,3,88.93,0.0,5.0,Toys,Conakry,Card,49.0,Male,New,February,221.37
ORD007390,2,50.83,0.0,5.0,Beauty,Boke,Cash,21.0,Male,New,February,105.5
ORD004206,3,56.73,10.0,3.0,Sport,Nzerekore ,Cash,37.0,Female,New,April,163.31
ORD005330,2,44.51,,4.0,Toys,Labe,Cash Payment,43.0,Female,Returning,March,92.53
ORD008490,4,107.53,0.0,,Sports,Labe,cash,28.0,Male,New,January,460.22
ORD005184,3,118.57,5.0,6.0,Home,Conakry,Mobile Money,44.0,Female,Returning,November,320.49
ORD000417,5,110.19,,6.0,Electronics,Conakry,MOBILE MONEY,18.0,Male,New,October,498.48
ORD004831,3,144.63,,7.0,Sports,boke,,34.0,Male,Returning,November,479.2
ORD000694,3,,5.0,2.0,Clothing,Kindia ,Cash,30.0,Female,RETURNING,March,181.94
ORD002459,2,118.12,0.0,4.0,sports,Kindia,Card,59.0,Male,Returning,May,254.8
ORD001426,6,18.86,10.0,4.0,Books,Nzerekore,Card,180.0,M,New,September,107.47
ORD007235,2,31.06,25.0,4.0,Clothing,Labe,CARD,29.0,Female,Returning,October,53.15
ORD005219,4,19.24,5.0,1.0,Toys,Kankan,Card,38.0,Male,New,November,78.2
ORD005950,5,44.34,15.0,5.0,Beauty,Conakry,Card,25.0,Female,New,February,185.58
ORD005564,6,43.66,10.0,6.0,Toys,nzerekore,CARD,25.0,Male,Returing,September,279.83
ORD008860,6,132.64,5.0,7.0,Hom,conakry,CARD,37.0,Male,New,December,928.07
ORD009091,4,-40.0,15.0,-6.0,Food,Kindia,Cash,37.0,Female,new,May,35.06
ORD005794,7,41.54,0.0,,Clothing,Boke,Cash,23.0,Male,New,March,319.42
ORD003009,3,50.06,5.0,3.0,Toys,Conakry,Mobile Money,35.0,Female,New,July,154.17
ORD003293,3,83.56,10.0,5.0, Home ,Labe,Mobile Money,33.0,MALE,Returning,July,208.41
ORD008302,3,26.7,25.0,3.0,Beauty,Kankan,Card,21.0,Male,Returning,November,62.54
ORD004839,3,142.9,20.0,3.0,Sport,Boke,Card,,Male,New,May,342.5
ORD002764,6,15.36,5.0,5.0,Toy,Kankan,Mobile Money,22.0,Male,New,January,80.2
ORD000604,3,500000.0,15.0,6.0,TOYS,Conakry,Cash,16.0,Female,New,May,62.37
ORD008115,5,52.1,0.0,4.0,Sports,Kindia,Card,39.0,Female,RETURNING,February,255.63
ORD001460,3,96.39,5.0,4.0,Home,Kindia,Mobile Money,35.0,Male,New,May,232.76
ORD003857,4,47.58,5.0,6.0,BEAUTY,CONAKRY,,29.0,Male,Returning,April,164.32
ORD005681,5,20.68,20.0,,Toys,Conakri,Cash Payment,38.0,Male,RETURNING,May,82.82
ORD006155,5,38.19,0.0,3.0,Toys,Conakry,card,29.0,Female,Returing,January,188.63
ORD001472,3,25.88,,7.0,food,Conakry,Card,43.0,F,Returning,November,51.21
ORD008755,7,64.38,5.0,6.0,Toys,Conakry,Cash,36.0,F,returning,November,468.55
ORD008875,4,,5.0,3.0,sports,boke,MOBILE MONEY,39.0,male,New,June,592.37
ORD008514,250,7.57,15.0,5.0,Book,Conakry,MOBILE MONEY,28.0,Female,Returning,June,19.71
ORD008202,5,328.59,10.0,8.0,Electronics,Conakry,Cash,26.0,Male,Returning,September,1430.04
ORD004399,2,16.78,0.0,3.0,BOOKS, Conakry,Cash,31.0,Female,NEW,September,30.49
ORD003136,3,34.7,0.0,8.0,Clothing,Labe,,27.0,Male,Returning,January,105.38
ORD002554,5,111.24,0.0,,Clothing, Conakry,CASH,37.0,Male,New,October,531.95
ORD001578,3,85.58,30.0,4.0,Home,Kindia,,16.0,Male,new,December,187.66
ORD009275,7,13.02,,4.0,FOOD,Kindia,Card,29.0,Female,Returning,February,96.39
ORD008051,3,492.77,0.0,5.0,ELECTRONICS,Conakry,Cash,45.0,Female,New,August,1343.46
ORD009525,3,16.09,0.0,7.0,Books,Kankan,Mobile Money,29.0,Male,New,July,53.52
ORD003973,3,87.08,10.0,,Home ,Boke,,33.0,Male,New,July,234.13
ORD008477,2,66.45,0.0,1.0,Clothing,Labe,CASH,44.0,Female,Returning,February,119.39
ORD008800,3,106.25,0.0,3.0,Home,Kankan,Card,23.0,Male,New,February,285.58
ORD000105,4,34.19,20.0,7.0,Toys,Labe,Cash,44.0,Male,Returning,November,103.43
ORD004906,6,29.71,0.0,5.0,TOYS,Labe,Card,27.0,Male,Returning,November,180.16
ORD000183,5,61.0,5.0,4.0,Clothing ,Labe,Cash,40.0,F,Returning,February,276.23
ORD006135,5,22.6,15.0,-8.0,Food,Conakry,Cash ,17.0,Male,New,March,83.77
ORD001691,4,41.1,15.0,7.0,Beuty,Boke,Credit Card,32.0,Male,New,July,143.54
ORD001329,3,106.57,15.0,5.0,Sports,CONAKRY,MOBILE MONEY,21.0,Female,New,May,252.88
ORD000881,3,,0.0,3.0, Books ,Conakry,Cash,16.0,Male,New,December,68.12
ORD009467,3,58.03,25.0,2.0,Beauty,Kindia,Mobile Money,35.0,Female,NEW,September,124.91
ORD006510,1,24.85,0.0,3.0,Beauty,Boke,,32.0,Male,New,December,25.68
ORD003033,5,37.31,,3.0,Home,Kindia,Mobile Money,26.0,Female,Returning,February,192.78
ORD003052,5,6.19,10.0,2.0,Books, Conakry ,MobileMoney,16.0,Female,Returning,January,26.15
ORD004748,11,101.59,15.0,2.0,Home,Kankan,Cash,27.0,Male,returning,January,1023.46
ORD009064,5,24.39,0.0,1.0,FOOD,CONAKRY ,Card,40.0,Male,New,February,128.13
ORD008449,8,15.43,20.0,6.0,Foood,Labe,Mobile Money,8.0,Male,New,May,95.31
ORD000732,5,,0.0,3.0,Electronics,Kankan,Card,16.0,Female,returning,March,1319.48
ORD007987,1,27.87,20.0,4.0,Beauty,Kindia,mobile money,21.0,Male,Returning,September,22.93
ORD008713,2,,,5.0,Home,Conakry,Card,44.0,Male,New,September,418.88
ORD002594,5,31.12,5.0,6.0,Toys,Conakry,Cash,38.0,Male,New,April,142.08
ORD007229,6,17.5,10.0,5.0,Food,Kindia,MobileMoney,36.0,Female,Returning,June,85.25
ORD005677,3,25.41,0.0,3.0,Food,Conakry,,,Male,New,May,75.22
ORD001606,3,85.62,,4.0,Home,BOKE,,,F,New,August,256.33
ORD005353,9,17.69,20.0,7.0,Food,Boke,CARD,50.0,Female,New,January,122.46
ORD004387,2,37.25,15.0,3.0,Clothing,Boke,Mobile Money ,,Female,New,November,65.02
ORD008005,5,,5.0,7.0,Sports ,Conakry, Cash ,27.0,Male,New,September,499.58
ORD001105,3,448.52,0.0,4.0,Electronics ,Boke,CARD,47.0,Male,NEW,June,1282.29
ORD005997,3,93.5,15.0,1.0,Clothing,Conakry,Card,17.0,Female,Returning,March,218.28
ORD008247,3,12.05,5.0,3.0,books,kindia,Card,18.0,Male,Returning,December,33.81
ORD001670,1,96.01,0.0,,Home,Labe,Mobile Money,26.0,Female,New,January,100.31
ORD006537,3,44.7,10.0,2.0,Beauty,Labe,CASH,30.0,Female,new,July,121.5
ORD002298,4,72.67,0.0,9.0,Clothing,Conakry,Cash,22.0,female,Returning,July,333.68
ORD001701,5,120.26,10.0,,sports,CONAKRY,Cash,38.0,Male,New,October,578.84
ORD007086,2,25.52,20.0,6.0,Books,Boke ,Cash Payment,34.0,Male,Returning,February,37.76
ORD002088,3,104.63,10.0,4.0,CLOTHING, Kindia ,,30.0,Female,New,February,267.92
ORD001538,8,54.03,0.0,,Toys,Conakry,Cash,23.0,Male,New,August,432.84
ORD001732,4,10.41,0.0,7.0,FOOD,Kankan,Cash,16.0,Female,Returning,December,37.88
ORD006623,6,16.31,0.0,1.0,Food,Nzerekore,Cash,35.0,Female,New,November,109.76
ORD000677,4,,0.0,150.0,Clothing,Kindia,Credit Card,16.0,Female,New,July,308.49
ORD003220,3,85.8,15.0,8.0,Home,N'Zerekore,Card,38.0,Male,new,November,229.14
ORD004301,4,16.76,0.0,2.0,books,Kankan,MobileMoney,36.0,Female,Returning,September,70.93
ORD003824,4,19.03,15.0,6.0,FOOD,Kindia,Mobile Money,30.0,F,Returning,February,66.91
ORD002967,4,42.09,0.0,3.0,Toys,Conakry,,24.0,M,New,November,150.01
ORD001748,4,15.63,0.0,,Clothing,Kankan,MOBILE MONEY,34.0,Male,Returning,November,60.53
ORD001713,5,58.27,0.0,6.0,Toys,Conakry,Cash Payment,25.0,Male,New,August,324.13
ORD002077,6,90.83,-20.0,7.0,Sports,Labe,,51.0,Female,RETURNING,January,487.75
ORD005478,5,26.41,0.0,3.0,Books,Boke,,18.0,Male,Returning,August,135.37
ORD001528,6,74.1,0.0,7.0,Clothing,Conakry,Card,,Male,New,June,430.78
ORD001284,3,586.16,,7.0,Eletronics,Conakry,Card,38.0,Male,New,August,1652.35
ORD003025,3,374.32,5.0,5.0,Electronics,Kankan,Card,28.0,Female,New,September,1079.83
ORD008382,4,15.81,0.0,8.0,Books,Conakry,Cash,29.0,Female,New,July,64.54
ORD001922,3,95.01,0.0,5.0,SPORTS,Kankan,Mobile Money,16.0,Male,New,February,274.83
ORD003940,6,14.78,0.0,5.0,FOOD,Conakry,MOBILE MONEY,31.0,Female,Returning,December,79.08
ORD002758,4,537.75,15.0,7.0,Electronics,Conakry,Mobile Money,21.0,Male,Returning,April,1881.59
ORD007338,5,500.77,0.0,5.0,Electronics,Conakry,Cash Payment,40.0,Male,NEW,February,2526.49
ORD002826,8,65.83,0.0,2.0,Clothing,Kindia,Cash Payment,42.0,Male,Returning,March,521.54
ORD009020,4,,5.0,7.0,beauty,Boke,,27.0,male,Returning,May,153.62
ORD006297,5,,0.0,3.0,Sports,Kindia,Mobile Money,16.0,Female,Returing,July,556.41
ORD002608,4,44.68,,5.0,Sports,KANKAN,Cash,16.0,Male,Returning,December,186.81
ORD001370,8,43.19,0.0,3.0,Clothing,Conakry,CARD,,Male,RETURNING,December,318.88
ORD002854,5,33.03,10.0,5.0,Toys,Conakry ,Mobile Money,16.0,Male,New,March,141.86
ORD006041,1,29.76,10.0,7.0,BEAUTY,Nzerekore,,28.0,M,New,May,27.31
ORD001529,4,23.61,10.0,5.0,Books,Nzerekore,Mobile Money,27.0,female,Returning,November,88.41
ORD005520,2,37.34,0.0,2.0,TOYS,Conakri,,,Male,Returning,August,71.22
ORD003218,4,281.64,0.0,5.0,electronics,Kindia,MOBILE MONEY,48.0,female,NEW,April,1416.49
ORD009257,5,26.12,0.0,4.0, Food ,Conakry,MobileMoney,26.0,FEMALE,New,October,145.77
ORD002046,3,81.65,,7.0,Beauty,CONAKRY,Mobile Money,,Female,NEW,April,227.45
ORD008055,2,186.43,0.0,4.0,Home,Conakry,CASH,52.0,Male,Returning,October,342.16
ORD000343,7,58.68,10.0,3.0,Cloting,Kindia,Card,21.0,female,new,March,413.5
ORD006940,3,65.83,5.0,10.0,Toys,Conakry,Mobile Money,49.0,Male,New,September,183.62
ORD000391,7,116.79,10.0,4.0,home,labe,Card,24.0,Male,New,April,757.05
ORD006906,8,72.7,10.0,7.0,Sports,kankan,Cash,,Female,Returning,June,491.07
ORD000610,3,31.7,0.0,3.0,Toys,Conakry,card,36.0,Female,Returning,January,80.27
ORD001454,8,22.88,0.0,150.0,Books,Boke,Cash,29.0,Male,New,February,210.94
ORD001039,3,67.54,,3.0,SPORTS,Labe,Cash ,31.0,Male,Returning,November,176.99
ORD008902,7,,,5.0,Books, BOKE ,,36.0,Male,New,August,86.79
ORD008312,1,74.86,,8.0,Home ,Kindia,,20.0,M,New,March,75.38
ORD001450,6,,15.0,8.0,Beauty,Labé,,43.0,Male,Returning,July,146.85
ORD002938,3,,0.0,2.0,Toys,CONAKRY,Card,26.0,Female,Returning,May,154.67
ORD001772,2,79.36,5.0,3.0,Clothing,Kindia ,,24.0,Male,New,February,140.29
ORD006166,4,322.01,20.0,4.0,Electronics,kindia,Cash,,Female,Returning,July,978.19
ORD008277,2,228.15,0.0,6.0,Home,Conakry,Cash,35.0,Male,New,January,477.19
ORD007310,4,29.44,0.0,7.0,books,Kankan,Card,39.0,Male,New,November,127.43
ORD000405,1,10.52,10.0,3.0,Books,Nzerekore,,37.0,Male,Returning,September,9.17
ORD008539,5,65.42,0.0,3.0,Sports,Boke,Card,49.0,Female,Returning,January,333.51
ORD005228,3,22.32,5.0,4.0,Book,Conakry, Card ,21.0,Female,New,April,64.3
ORD001622,4,,20.0,5.0,Clothing,Labe,Card,30.0,Male,New,December,245.2
ORD007862,2,156.18,0.0,4.0,Electronics,Kankan,Mobile Money,25.0,Male,New,January,324.22
ORD009077,2,34.76,0.0,1.0,Beauty,Kankan,Card,26.0,Male,Returning,September,70.83
ORD006515,2,,5.0,5.0,Electronics,Labé,Cash,22.0,Female,New,July,390.36
ORD002636,1,81.59,,7.0,Beauty,Boke,Mobile Money,50.0,Female,Returning,June,81.63
ORD009081,6,12.91,0.0,2.0,Books,KINDIA,Card,,Female,New,June,87.82
ORD009360,4,282.42,25.0,,electronics,Conakri,Mobile Money,23.0,Female,New,October,817.15
ORD008550,6,88.84,15.0,5.0,Electronics,Boke,Card,41.0,Female,Returning,October,412.01
ORD000133,7,32.47,0.0,,beauty,Kindia,Cash Payment,29.0,Female,RETURNING,May,196.95
ORD000885,7,23.4,0.0,4.0,Books,Conakry,Card,27.0,Male,New,July,176.44
ORD000362,4,89.13,0.0,4.0,Sports, Conakry,Card,22.0,Male,New,September,337.47
ORD006925,6,40.91,,150.0,Toys,Conakry,Card,42.0,MALE,Returning,July,272.95
ORD000329,4,66.34,0.0,2.0,Home,Labe,Card,25.0,Female,New,November,218.54
ORD007327,2,34.06,20.0,5.0,Toys,Boke,Cash,34.0,Female,Returning,November,63.88
ORD007660,3,31.07,10.0,6.0,Books,Kindia,Credit Card,44.0,Male,New,February,92.59
ORD004062,3,31.79,0.0,4.0,Toys,Conakry,Card,31.0,F,new,September,83.74
ORD001381,3,136.02,0.0,6.0,Home,Boke,Card,38.0,female,Returning,November,374.56
ORD002605,4,13.86,0.0,9.0,Food,Boke,cash,,Female,returning,April,53.91
ORD004374,3,10.62,0.0,3.0,food,N'Zerekore,MobileMoney,,Female,Returning,March,31.69
ORD000168,3,40.85,25.0,6.0,Beauty,Kindia,cash,16.0,Male,RETURNING,August,87.16
ORD006955,7,269.52,0.0,4.0,Electronics ,N'Zerekore,Mobile Money,47.0,Female,New,August,1877.61
ORD002695,3,58.65,,4.0,beauty,Labe,Card,36.0,Male,Returning,October,189.88
ORD008206,7,21.4,0.0,5.0,Books,Boke,Cash,19.0,Female,New,October,157.08
ORD002344,7,105.69,30.0,2.0,Sport,Conakry,Card,61.0,Male,New,September,490.26
ORD001959,3,115.43,5.0,4.0,Home,labe,Cash Payment,24.0,M,New,May,325.62
ORD004170,6,15.02,0.0,,Food,Boke,cash,26.0,Male,New,July,96.43
ORD009070,1,126.31,,8.0,Home,Labe,mobile money,22.0,female,New,March,114.79
ORD006666,4,94.63,15.0,,Sport,Boke,Cash,47.0,Female,Returning,June,358.98
ORD002497,3,32.32,0.0,4.0,Toys,Conakry,Mobile Money,39.0,FEMALE,Returning,July,79.85
ORD008376,3,26.19,0.0,,Food,Conakry,CARD,48.0,Male,Returning,April,77.71
ORD004669,3,11.51,5.0,7.0,Food,Boke,cash,28.0,male,New,January,32.01
ORD001700,3,12.44,,7.0,Foood,Nzerekore,Cash,27.0,Male,New,August,32.97
ORD004458,5,,0.0,5.0,Home,Labe,Card,23.0,Male,New,October,704.25
ORD005250,4,19.01,30.0,6.0,Toys,labe,Mobile Money,36.0,Female,New,August,45.8
ORD005873,3,10.5,0.0,7.0,Books,Kindia,Mobile Money,33.0,Male,New,July,31.71
ORD003531,3,,250.0,4.0,CLOTHING,Conakry,Mobile Money,32.0,Female,Returning,July,265.43
ORD000723,3,29.64,0.0,2.0,TOYS,Boke,Cash Payment,-12.0,Male,Returning,April,99.05
ORD007609,5,312.7,20.0,5.0,Electronics,kindia,Mobile Money,31.0,Female,New,April,1107.76
ORD005102,2,,0.0,-8.0,Book,Nzerekore,Credit Card,39.0,Female,new,September,31.8
ORD002751,5,388.87,10.0,3.0,Electronics,Boke,Card,17.0,Male,New,March,1596.94
ORD005332,4,,0.0,3.0,electronics,Nzerekore,Cash,35.0,Male,Returning,March,1029.75
ORD005145,4,32.49,10.0,150.0,CLOTHING,kindia,Cash,20.0,Female,New,April,117.44
ORD002163,3,67.51,0.0,5.0,Beauty,Conakry,,32.0,Female,New,May,206.99
ORD009492,2,7.97,5.0,4.0,Foood,Boke,Mobile Money,37.0,F,New,July,13.8
ORD004962,3,13.78,10.0,6.0,Food,Conakry, Mobile Money ,16.0,Female,NEW,March,37.83
ORD007461,250,22.09,0.0,,Books, N'Zerekore ,Mobile Money,,Female,Returning,February,141.29
ORD002986,5,,0.0,7.0,Toys,Conakry,Mobile Money,24.0,Male,New,December,174.96
ORD006291,6,77.17,0.0,4.0,Sports,Conakry,Mobile Money,33.0,FEMALE,New,April,438.41
ORD009147,4,150.76,10.0,5.0,Sports,Conakry,Cash,44.0,Female,New,September,566.77
ORD005683,3,74.61,20.0,5.0,Toys,Conakry,cash ,36.0,Male,New,July,181.29
ORD006520,5,22.71,0.0,6.0, Beauty ,Kindia,Card,37.0,Male,Returning,March,104.96
ORD005445,4,134.79,0.0,3.0,Home,Kindia,Credit Card,34.0,Male,New,August,593.41
ORD006114,2,5.41,10.0,2.0,FOOD,Kindia,Mobile Money,29.0,Female,Returning,February,9.9
ORD007712,3,143.7,0.0,7.0,Home,Boke,Mobile Money,46.0,Male,Returning,March,430.74
ORD006355,5,78.26,0.0,,Clothing,labe,Cash,,Male,Returning,May,397.23
ORD009508,1,171.54,15.0,5.0,Home,Conakry,Cash,46.0,Male,new,September,132.3
ORD008203,6,166.2,0.0,3.0,Sports,Conakry,Mobile Money,34.0,Female,New,November,1040.48
ORD000756,4,341.64,15.0,150.0,Eletronics,Boke,Card,22.0,Female,New,June,1087.6
ORD000316,3,20.92,0.0,6.0,Toys,Boke,Cash,,Male,New,July,57.54
ORD009462,3,119.74,,4.0,Sport,Conakry, Card ,34.0,Female,Returning,June,318.74
ORD002651,6,211.48,15.0,4.0,home,Conakry,Cash,25.0,Male,New,July,1055.94
ORD007313,2,414.73,10.0,3.0,Electronics,nzerekore,cash ,27.0,Male,Returning,December,749.54
ORD000215,7,438.42,0.0,3.0,Electronics,Conakry,Card,27.0,Male,New,August,3118.33
ORD002257,4,,0.0,5.0,Sports,conakry,MOBILE MONEY,40.0,Female,New,August,690.69
ORD005118,4,42.57,10.0,1.0,Beauty,Kankan,Card,22.0,M,Returning,April,163.74
ORD002137,1,80.22,5.0,7.0,Beauty,Conakri,Card,35.0,Male,New,May,68.82
ORD006414,4,78.2,0.0,6.0,SPORTS,Labe,Card,29.0,Female,NEW,June,346.04
ORD002174,2,69.31,5.0,2.0,Cloting,Conakri,Cash,16.0,Female,Returning,October,139.92
ORD003939,5,13.92,0.0,8.0,Book,Labe,Card,22.0,Female,New,December,62.04
ORD006283,5,55.65,0.0,4.0,Beauty, Kindia ,Cash,26.0,Female,Returning,April,291.63
ORD008045,3,26.15,0.0,3.0,Book,Kankan,Card,27.0,Male,New,June,72.65
ORD007162,5,318.18,10.0,4.0,Electronics,Nzerekore,Cash,40.0,Male,Returning,October,1600.78
ORD004433,2,286.73,0.0,-8.0,Electronics,Conakry,Cash,37.0,Male,Returning,August,621.25
ORD001510,3,9.34,0.0,3.0,Food,Nzerekore,Mobile Money,34.0,Female,Returning,July,24.86
ORD001309,3,93.48,0.0,4.0,HOME,Boke,Card,32.0,Female,Returning,November,281.42
ORD000747,2,15.23,0.0,3.0,Food,Conakry,Card,35.0,Male,Returning,March,28.28
ORD007939,4,6.1,15.0,1.0,Beauty,Labe,Cash,35.0,Male,Returning,November,20.66
ORD005538,7,8.25,10.0,2.0,Food,Conakry,Cash,24.0,Male,New,November,50.83
ORD001762,4,,0.0,3.0,Beauty,Kindia,Cash,16.0,Female,New,July,271.08
ORD005112,5,119.96,10.0,3.0,Sports,Boke,Mobile Money,40.0,Male,New,November,550.67
ORD007135,5,86.5,10.0,3.0,Home,Kindia,,35.0,Female,Returning,August,375.91
ORD001887,1,48.52,10.0,4.0,TOYS,Conakry,,34.0,Male,Returning,January,46.14
ORD008673,6,,,5.0,CLOTHING,Kankan,Cash,,Male,Returning,December,275.45
ORD007444,2,54.57,0.0,3.0,Clothing,KINDIA,card,41.0,Female,New,November,111.0
ORD002495,6,45.73,25.0,7.0,beauty,Kindia,Cash,47.0,Male,New,October,203.72
ORD006755,1,136.83,0.0,3.0,Sports,Conakri,CARD,28.0,Female,Returing,June,127.32
ORD005474,6,30.41,0.0,,Beuty,N'Zerekore,CARD,47.0,Female,New,October,184.49
ORD006491,6,26.22,,5.0,Beauty, BOKE ,Card,36.0,Male,New,December,122.15
ORD005203,6,18.11,15.0,7.0,BOOKS,NZEREKORE,,45.0,Female,returning,September,90.08
ORD004413,4,56.16,5.0,6.0,Sports,Boke,Cash,49.0,Male,Returning,January,200.58
ORD002973,6,140.14,0.0,7.0,HOME,Conakry,Card,19.0,Male,New,June,791.13
ORD000290,3,,0.0,2.0,Cloting,Conakry,Cash,44.0,Female,NEW,October,158.98
ORD001802,5,31.3,10.0,8.0,Books,Labe ,Cash,39.0,Male,New,July,153.88
ORD006983,4,49.39,5.0,7.0,Beuty,NZEREKORE,cash,42.0,Female,New,July,203.67
ORD002883,3,,0.0,7.0,Toys,Boke,Mobile Money,40.0,Female,New,March,86.92
ORD007915,3,500000.0,10.0,,toys,Kindia,Card,42.0,Male,New,March,54.35
ORD003182,3,93.53,20.0,3.0,Sport,NZEREKORE,Cash,43.0,Female,New,March,187.99
ORD009383,5,200.39,-20.0,2.0,Hom,Conakry,Card,23.0,Female,Returing,March,941.31
ORD003638,3,63.99,0.0,5.0,Home,Labe,Cash,33.0,Male,Returning,June,156.6
ORD001059,3,88.09,,,Home,Boke,card,46.0,Male,returning,December,278.75
ORD007378,4,41.11,10.0,3.0,BEAUTY,Conakry,Credit Card,40.0,Female,returning,January,135.87
ORD003667,3,22.17,0.0,5.0,Books,Conakry,Mobile Money,41.0,Male,Returning,September,73.06
ORD008570,4,29.24,0.0,7.0,Toys,CONAKRY,,30.0,Male,Returning,February,123.51
ORD008822,3,,0.0,8.0,Toys ,Labe,MOBILE MONEY,,Male,Returning,November,52.37
ORD008427,3,29.55,0.0,3.0, Beauty ,Conakry,Card,27.0,FEMALE,New,August,90.47
ORD001343,5,16.98,10.0,1.0,Food,Conakry,CASH,38.0,Male,New,June,75.25
ORD005188,3,28.41,0.0,3.0,Clothing,KINDIA,Cash,26.0,F,Returning,August,94.73
ORD002051,6,,20.0,5.0,Sports,LABE,Card,22.0,Female,New,December,358.85
ORD002833,4,19.94,0.0,1.0,Books,Kindia,,52.0,Male,Returning,April,81.01
ORD007027,4,96.13,20.0,4.0,Clothing,Conakry,Card,38.0,Female,Returning,March,303.31
ORD008313,2,91.03,0.0,2.0, SPORTS ,Boke,,43.0,Male,Returning,November,153.37
ORD000074,2,61.93,0.0,7.0,Beauty,Conakry,Cash,33.0,Female,New,August,126.32
ORD001490,5,41.64,0.0,3.0,Clothing,nzerekore, Cash ,33.0,Male,Returning,March,255.6
ORD008109,8,23.91,25.0,4.0,Food,Conakry,,29.0,Male,RETURNING,July,128.11
ORD000826,3,122.48,0.0,7.0,Home,Kankan,Credit Card,50.0,FEMALE,New,December,380.12
ORD004417,1,61.94,0.0,6.0,Beauty,conakry, Mobile Money ,36.0,Female,Returning,July,68.04
ORD007349,2,184.92,0.0,5.0,Electronics,Kindia,mobile money,32.0,Female,Returning,February,380.43
ORD004082,2,28.73,5.0,1.0,Beauty,Nzerekore,MOBILE MONEY,31.0,Female,Returning,January,45.58
ORD000493,3,17.43,20.0,8.0,Food,Boke,card,47.0,Female,Returning,February,49.91
ORD000736,3,11.52,10.0,3.0,Food,Labe,Cash,,Female,New,August,27.86
ORD005187,6,264.04,0.0,5.0,Electronics,Boke, Mobile Money ,24.0,Female,Returing,April,1438.59
ORD003570,3,46.95,5.0,4.0,Clothing,Kindia,Mobile Money,,female,Returning,October,128.82
ORD005541,4,189.34,10.0,3.0,Home,Conakry,Mobile Money,16.0,Male,Returning,October,742.84
ORD007592,5,37.24,0.0,3.0,Cloting,Nzerekore,Card,31.0,Female,New,March,204.9
ORD000650,7,12.52,5.0,5.0, Food , Conakry ,Cash,-12.0,Female,Returning,February,81.03
ORD005723,4,133.93,0.0,5.0,Sports,Labe,Cash,,Male,Returning,September,516.12
ORD006640,2,,0.0,3.0,Electronics,LABE,Cash,40.0,Female,Returning,June,447.02
ORD007745,3,70.21,25.0,4.0,clothing,Boke,Cash,16.0,Female,New,June,144.27
ORD003465,1,314.75,20.0,1.0,Electronics,Boke,Mobile Money,31.0,Male,returning,March,250.32
ORD006215,5,40.06,5.0,5.0, Clothing ,Kankan,Mobile Money,25.0,M,New,January,214.34
ORD002749,5,59.8,20.0,6.0,Clothing,labe,cash,27.0,Female,new,May,232.16
ORD004352,2,49.38,0.0,5.0,Clothing,Conakry,Cash,32.0,Female,New,November,90.49
ORD004885,5,26.95,0.0,2.0,Clothing,Labe,Card,46.0,Female,Returning,February,133.56
ORD008044,3,24.12,15.0,150.0,Food,Conakry,Mobile Money,30.0,F,New,June,64.43
ORD006851,4,48.43,10.0,3.0,Beauty,Nzerekore,CASH,25.0,FEMALE,New,November,157.45
ORD004709,6,69.25,0.0,3.0, Sports ,Conakry,Card,,Male,New,March,406.67
ORD004222,3,25.17,0.0,1.0,Books,Boke,Card,16.0,Male,NEW,April,82.95
ORD004529,4,-40.0,,9.0,Food,Boke,Mobile Money,31.0,Female,new,November,67.69
ORD002355,4,,0.0,6.0,Books,BOKE,Cash Payment,37.0,Female,New,July,120.39
ORD005879,3,500000.0,15.0,1.0,Books,Kankan ,Cash,17.0,Female,Returning,February,57.02
ORD004045,3,22.32,,5.0,Food,Kindia,Cash,32.0,Male,New,January,70.38
ORD003760,4,34.63,25.0,4.0,Beauty, Conakry,MobileMoney,39.0,female,New,July,111.34
ORD005363,4,35.67,0.0,1.0,Toys,kindia,Mobile Money,41.0,FEMALE,New,February,153.14
ORD000774,3,384.57,10.0,5.0,Electronics,Boke,Mobile Money,49.0,Female,Returning,June,974.31
ORD000026,3,,10.0,,Food,Conakry,,23.0,Male,New,October,65.92
ORD004762,4,85.73,0.0,3.0,Sports,Kindia,Card,32.0,Male,New,July,343.33
ORD003087,5,26.54,0.0,6.0,BEAUTY,Kankan,Credit Card,57.0,Female,Returning,January,146.84
ORD002058,4,37.09,10.0,3.0,Toy,KANKAN,Card,,Female,Returning,August,121.63
ORD006089,4,16.46,0.0,4.0,Food,Conakry,MOBILE MONEY,39.0,Female,New,December,59.99
ORD007920,6,47.68,20.0,6.0,Toys,Conakry,CARD,19.0,Male,Returning,June,232.01
ORD003873,5,62.74,0.0,5.0,Home,Conakry,Cash,35.0,FEMALE,Returning,February,332.72
ORD006729,4,267.06,0.0,6.0,Electronics,Kindia,Cash,40.0,Male,Returning,August,1089.98
ORD002923,2,572.31,0.0,10.0,Electronics,Conakry,Cash,31.0,Female,Returning,October,1143.97
ORD003391,5,721.74,10.0,4.0,Electronics,Conakry,Mobile Money,19.0,Female,New,February,3344.19
ORD003059,3,,5.0,1.0,Beuty,Kankan,Credit Card,40.0,Male,New,December,84.92
ORD005212,6,156.06,0.0,7.0,Sports,Kindia,mobile money,52.0,Female,Returning,June,985.83
ORD006289,5,215.92,10.0,6.0,Home,Kankan, Mobile Money ,25.0,Female,New,December,951.4
ORD007582,2,387.71,0.0,5.0,Electronics,labe ,Card,46.0,Female,Returning,September,755.44
ORD007832,3,203.15,0.0,6.0,Home,Conakry,Card,35.0,female,New,April,603.57
ORD004179,3,,0.0,4.0,clothing,Conakry,cash,38.0,Female,New,December,163.51
ORD002367,2,75.11,10.0,4.0,Sports,Nzerekore,Cash,31.0,Female,New,March,134.31
ORD000658,4,88.98,0.0,,Home,Boke,Card,24.0,Female,New,December,323.8
ORD009307,2,13.42,0.0,1.0,Books,Conakri ,,22.0,Male,New,November,25.48
ORD001786,7,28.21,20.0,,Beuty,Boke,Mobile Money,19.0,Male,New,May,161.84
ORD009460,4,13.69,0.0,6.0,Book,Kankan ,Card,28.0,Female,New,July,52.75
ORD007534,2,100.17,,5.0,Sports,Kankan,Cash,43.0,Male,New,November,208.88
ORD001386,4,25.42,0.0,4.0,BOOKS,Conakri,Card,43.0,Male,New,August,81.53
ORD006932,5,39.53,0.0,5.0,Beauty,Labe,Credit Card,41.0,Female,New,February,199.17
ORD009017,2,5.69,0.0,,Food,N'Zerekore,Cash,23.0,Female,Returning,June,11.71
ORD007526,3,78.01,10.0,3.0,Clothing,conakry,Card,34.0,Male,returning,March,205.58
ORD006975,3,,30.0,7.0,Food,Kankan,cash,22.0,Male,new,May,42.39
ORD007489,3,58.83,0.0,4.0,toys,CONAKRY,mobile money,25.0,Female,New,February,180.87
ORD005919,2,13.75,0.0,5.0,Books,LABE,Card,35.0,Male,Returning,March,27.14
ORD009262,2,91.44,,2.0,CLOTHING,Kankan,Card,16.0,female,New,March,164.81
ORD008819,4,74.1,,2.0,sports,Kindia,Card,33.0,male,Returning,September,310.44
ORD005034,6,91.01,0.0,6.0,Sports,Conakry,card,32.0,Female,Returning,October,502.04
ORD006401,4,26.54,5.0,7.0,Books,conakry,Cash,27.0,Female,Returning,March,116.3
ORD006226,2,185.2,0.0,,Electronics,labe,Card,,M,Returning,December,367.14
ORD006756,2,76.83,0.0,4.0,CLOTHING,BOKE,Mobile Money,29.0,F,Returning,May,145.27
ORD009451,7,66.81,5.0,4.0,Home,Kankan,MobileMoney,20.0,Male,New,February,496.65
ORD000910,7,45.78,25.0,1.0,Beauty,Kankan,Card,28.0,Male,Returing,April,250.27
ORD005854,2,500000.0,0.0,5.0,BOOKS,Kindia,Cash,24.0,Male,Returning,March,29.92
ORD005295,4,29.25,,1.0,Toys,Labe,Card,40.0,Male,New,May,87.87
ORD001979,6,104.93,0.0,4.0,Sports,CONAKRY, Card ,31.0,Male,Returning,January,679.28
ORD000933,5,175.49,0.0,5.0,Home,Boke,Cash ,32.0,Male,New,March,770.24
ORD006492,3,129.01,0.0,,Home,Kindia,Cash,28.0,Male,New,June,356.67
ORD001975,3,43.08,15.0,5.0,beauty, Labé ,Cash,45.0,Female,Returning,July,88.74
ORD001946,5,73.73,10.0,1.0,clothing,CONAKRY,Mobile Money,34.0,Female,Returning,August,289.21
ORD006945,4,500000.0,15.0,,Sports,Kankan,MobileMoney,41.0,Female,Returning,November,189.92
ORD001421,4,27.31,0.0,3.0,Beauty,Nzerekore,Card,26.0,male,Returning,April,97.3
ORD001537,3,15.81,0.0,8.0,Food,KANKAN,Card,27.0,Male,New,January,51.73
ORD007728,4,34.98,0.0,6.0,books,Boke,Mobile Money,18.0,male,New,June,129.22
ORD007354,4,,0.0,,Sports,Labe,CARD,27.0,F,New,July,549.06
ORD007683,6,148.69,5.0,8.0,Home,kindia,Card,180.0,FEMALE,Returing,July,947.91
ORD006535,3,130.09,0.0,3.0,Sport, Labe ,Card,41.0,Male,Returning,March,404.49
ORD005523,5,44.46,10.0,6.0,Toys,Kindia,Mobile Money,32.0,Female,Returning,April,214.9
ORD008620,2,18.49,0.0,3.0,Food,Boke,Cash,17.0,male,New,December,35.4
ORD000226,5,16.23,-20.0,3.0,books,Kankan,Card,36.0,F,new,July,82.08
ORD005673,6,32.22,0.0,7.0,Toys, Conakry ,Mobile Money,28.0,Male,Returning,November,183.96
ORD001031,250,9.75,-20.0,6.0,Food,Kindia,Cash,38.0,Male,Returning,March,48.18
ORD001072,5,-40.0,10.0,4.0,Sports,Boke,Mobile Money,,Female,New,December,293.13
ORD009424,2,22.98,25.0,1.0,Beauty,Nzerekore, CASH ,33.0,Female,New,July,33.58
ORD002557,1,62.0,0.0,9.0,clothing,Nzerekore,Cash,23.0,Female,NEW,December,67.23
ORD004761,3,22.0,0.0,7.0,Toys,Kankan,Card,16.0,Female,Returning,July,71.27
ORD008257,3,36.44,5.0,5.0,Clothing,Kindia,Card,8.0,Female,New,September,97.32
ORD005077,2,335.85,0.0,1.0,Electronics,CONAKRY,Mobile Money,16.0,Male,Returning,January,795.34
ORD008980,7,19.6,10.0,6.0,Books,Boke,Mobile Money,43.0,Male,Returning,May,126.02
ORD008540,8,25.97,0.0,4.0,Books,Labe,,43.0,Female,New,November,223.77
ORD001350,4,,0.0,5.0,Foood,Conakry,,43.0,Female,New,November,68.8
ORD008091,2,330.47,0.0,,Electronics, kankan ,MOBILE MONEY,17.0,Female,Returning,May,646.72
ORD005952,1,54.29,0.0,6.0,Toys,Conakry,mobile money,40.0,Female,New,October,53.37
ORD008113,7,370.46,25.0,,Electronics,Kindia,Mobile Money,30.0,Male,Returning,December,1730.05
ORD009056,6,,0.0,8.0,Books,Kindia,Cash,41.0,Female,New,January,61.78
ORD007905,5,270.84,0.0,3.0,  Electronics ,Labe,Card,32.0,M,New,February,1348.95
ORD003562,4,104.2,,6.0,Clothing,Conakry,cash,28.0,Male,Returning,May,308.09
ORD002766,2,82.94,20.0,2.0,Clothing,Boke,CARD,48.0,Male,New,December,129.53
ORD009535,250,127.98,0.0,5.0,Electronics,Kindia,Credit Card,52.0,Female,New,July,249.86
ORD002493,250,,0.0,5.0,Clothing,Conakry,card,44.0,Male,New,August,319.38
ORD008426,3,69.61,0.0,6.0,Sports,Boke,Card ,36.0,Male,Returing,August,206.43
ORD009673,3,23.49,0.0,4.0,Foood,Conakry, Card ,50.0,Male,New,December,67.35
ORD006507,7,20.08,0.0,8.0,FOOD,Conakry,Cash,34.0,Male,New,August,121.8
ORD001126,4,17.92,0.0,4.0,Toys,Conakry,Card,,Female,New,August,72.18
ORD000244,3,24.25,0.0,4.0,BOOKS,Conakry,Card,32.0,male,New,October,75.62
ORD006140,4,130.72,30.0,4.0,Sport,conakry,Card,37.0,Male,New,August,379.55
ORD002013,-3,29.91,-20.0,5.0,Toys,Kankan,MOBILE MONEY,39.0,Female,Returning,April,129.16
ORD004930,5,212.58,25.0,6.0,Electronics,Nzerekore,Card,26.0,Male,Returning,July,682.16
ORD006754,1,408.41,15.0,5.0,Electronics,kindia,Mobile Money ,26.0,Female,Returning,February,377.73
ORD009100,3,,0.0,150.0,BOOKS,Conakry,mobile money,26.0,Female,New,June,82.69
ORD008444,3,23.97,15.0,7.0,Beauty,Kindia,Cash Payment,,Female,Returning,July,60.79
ORD001217,5,43.68,0.0,4.0,Toys,Nzerekore,,42.0,Male,New,November,197.93
ORD009309,3,14.35,10.0,3.0,Food,BOKE,Mobile Money,35.0,Male,New,January,32.74
ORD005172,4,9.11,10.0,5.0,Food,kankan,Mobile Money,,Male,Returning,January,30.03
ORD002959,5,141.33,10.0,4.0,Sports,LABE,Cash,35.0,male,New,September,677.67
ORD003350,3,33.64,0.0,150.0,Toys,KANKAN,Cash,36.0,Male,new,April,96.52
ORD006282,7,291.96,0.0,9.0,Electronics ,Kankan,Mobile Money,,Male,New,December,1932.04
ORD007836,4,150.85,5.0,6.0,Hom,Kankan,Mobile Money,24.0,Male,Returning,November,484.56
ORD004364,3,6.83,20.0,4.0,Food,BOKE,Cash,36.0,Female,New,June,18.52
ORD009208,4,214.51,0.0,5.0,home ,Conakry,Mobile Money,32.0,Male,Returing,June,777.13
ORD006353,6,273.79,0.0,5.0,Electronics,Kindia,MOBILE MONEY,16.0,Female,New,June,1742.29
ORD007355,2,61.65,10.0,6.0,Clothing,KINDIA,,,Female,Returning,May,120.12
ORD000283,3,28.75,0.0,7.0,Beauty,Labe,Mobile Money,34.0,Male,Returning,July,87.29
ORD007818,2,117.85,15.0,5.0,HOME,Nzerekore,Card,21.0,Female,Returning,July,230.52
ORD002388,4,45.42,0.0,4.0,Clothing,Nzerekore,Cash,26.0,Male,NEW,March,186.54
ORD008046,7,500000.0,0.0,6.0,Sports,Kindia,Card,24.0,female,Returning,February,676.93
ORD004403,4,133.59,25.0,,HOME,Kindia, Cash ,27.0,Female,Returning,February,462.93
ORD008469,3,31.88,5.0,6.0,Books,Boke,Card,19.0,Male,Returning,September,98.05
ORD003439,2,18.48,15.0,3.0,FOOD,Nzerekore,Mobile Money,39.0,Male,Returning,June,34.64
ORD004157,10,149.19,20.0,3.0, Home ,BOKE,Mobile Money,43.0,Male,New,November,1132.1
ORD005346,3,51.89,15.0,1.0,Toys,Conakri,CASH,29.0,Male,New,August,123.04
ORD005578,5,32.46,0.0,1.0,beauty,Nzerekore,Mobile Money,28.0,Female,New,July,162.74
ORD002679,4,105.13,10.0,5.0,Clothing,Boke,Card,45.0,Male,New,February,362.5
ORD005797,3,166.31,15.0,2.0,home,Kindia,Cash,27.0,Male,Returning,September,490.86
ORD003077,4,-40.0,10.0,6.0,Sports, Kindia ,Cash Payment,16.0,Female,Returning,June,378.7
ORD004552,6,13.3,20.0,3.0,Food,Kankan ,Card,45.0,Female,new,July,69.88
ORD005367,5,40.51,0.0,5.0,Toys,labe,Mobile Money,42.0,M,New,April,178.55
ORD002153,2,119.15,0.0,5.0,clothing,Conakry,Mobile Money,36.0,Female,New,April,248.81
ORD003703,5,17.67,15.0,2.0,Toys,nzerekore,CARD,42.0,Female,RETURNING,September,79.98
ORD007781,2,45.82,0.0,-8.0,Toys,Conakry,Cash,28.0,Male,NEW,June,93.46
ORD007077,3,25.7,0.0,7.0,toys,Conakry,Mobile Money,22.0,Male,returning,September,83.25
ORD001195,6,40.84,15.0,9.0, Home ,KINDIA,MobileMoney,29.0,Male,New,April,200.91
ORD002942,3,25.45,25.0,1.0,toys,Boke,Card,41.0,Female,New,August,55.32
ORD003111,3,234.43,0.0,3.0,ELECTRONICS,Nzerekore,MOBILE MONEY,44.0,Female,Returning,August,730.74
ORD004194,5,17.07,0.0,5.0,Food,Conakry,Mobile Money,34.0,Female,Returning,November,95.82
ORD009609,1,35.17,10.0,3.0,Books,Conakry,Card,33.0,Male,New,July,34.36
ORD005342,3,137.68,0.0,6.0,Home,Boke,Mobile Money,35.0,Female,New,July,471.77
ORD004554,7,187.21,250.0,8.0,Home,Conakri,Credit Card,27.0,FEMALE,Returning,May,1328.8
ORD005217,5,89.35,0.0,5.0,Clothing ,Conakry,Card,16.0,Male,New,August,458.94
ORD005283,3,77.34,0.0,5.0,Beuty,conakry,Card,16.0,Male,RETURNING,March,262.93
ORD002471,3,47.24,0.0,10.0,Toys,Conakry,card,,Male,NEW,July,148.4
ORD008978,3,37.03,0.0,4.0,Toys,Conakry,Card,39.0,Male,NEW,June,122.07
ORD005652,7,30.56,15.0,8.0,Books,Conakry,Cash,24.0,Male,Returning,June,173.56
ORD001491,2,56.5,15.0,4.0,Beauty,Kindia,,50.0,female,New,September,96.85
ORD006179,4,13.83,5.0,2.0,Books,Conakry,Card,29.0,Male,Returning,June,52.34
ORD005192,2,38.99,0.0,,Beauty,Nzerekore,Cash,33.0,Male,New,December,93.42
ORD003797,3,118.11,5.0,7.0,home,Conakri,,23.0,Female,New,October,323.55
ORD001078,4,167.92,15.0,5.0,Home,Boke,Card,28.0,Male,Returning,January,569.44
ORD000369,1,46.93,20.0,5.0,Toys,Conakri,Cash,180.0,Male,Returning,November,33.15
ORD002519,3,448.55,10.0,3.0,Electronics,Conakry,card,28.0,female,Returning,January,1090.15
ORD003814,2,31.0,15.0,4.0,Food,Conakry,Mobile Money,30.0,Male,Returning,May,44.16
ORD008407,2,17.11,10.0,2.0,food,Conakry,Mobile Money,39.0,Male,New,January,27.19
ORD008261,6,277.74,0.0,6.0, Electronics ,Labe,Mobile Money,47.0,Male,Returning,February,1777.79
ORD004659,5,33.92,0.0,4.0,Toy,BOKE, mobile money ,35.0,Male,RETURNING,April,172.39
ORD003692,3,17.75,0.0,,Books ,Conakry,Mobile Money,38.0,Female,Returning,May,50.89
ORD009043,1,32.43,0.0,2.0,Book,Conakry,CARD,31.0,male,New,November,28.31
ORD003643,6,55.63,0.0,2.0,Clothing,Kindia,Card,,Male,Returning,March,322.56
ORD007549,4,12.72,0.0,4.0,Foood,Boke,Mobile Money,26.0,female,New,September,48.17
ORD000824,1,36.22,0.0,6.0,Sport,Conakry,Card,16.0,Female,New,March,38.0
ORD000700,1,123.45,20.0,2.0,SPORTS,Conakry,cash,34.0,Male,Returning,October,101.04
ORD006565,1,137.78,15.0,2.0,Electronics,Kankan,cash,16.0,Male,New,October,104.94
ORD006335,4,38.77,0.0,2.0,toys,Labé,Mobile Money,31.0,Male,New,September,164.31
ORD008221,3,,0.0,6.0,HOME,Kankan,Mobile Money,37.0,Male,Returning,October,442.81
ORD001380,2,86.2,25.0,2.0,Cloting, Kindia ,Cash,16.0,M,Returning,September,116.21
ORD005787,3,12.72,,1.0,food,kindia,Card,33.0,Male,Returning,March,35.11
ORD003027,1,40.24,30.0,,Clothing,Boke,Mobile Money,22.0,Female,Returning,September,31.99
ORD004249,-3,486.97,0.0,5.0,Electronics,Conakry,Card,45.0,Female,Returning,February,2471.76
ORD003426,4,4.55,0.0,,Food,Kindia,card,29.0,Male,New,October,19.08
ORD007230,8,,10.0,,Book,KANKAN,Card,30.0,MALE,New,September,102.68
ORD000229,5,64.26,0.0,3.0,Clothing,Kindia,Cash,33.0,Female,New,March,265.72
ORD008731,2,28.92,15.0,3.0,Toys,boke,Cash,21.0,Male,NEW,October,52.2
ORD003491,5,21.06,0.0,6.0,Food,Conakry,Cash,,Female,New,April,119.49
ORD009175,3,33.19,15.0,5.0,Toys,Conakry,Mobile Money,16.0,Male,New,November,85.23
ORD002473,5,17.94,0.0,5.0,food,boke,Card,24.0,Male,Returning,May,81.11
ORD001954,3,,0.0,7.0,Food, Conakry, mobile money ,29.0,Male,New,January,53.35
ORD007900,2,23.64,0.0,2.0,Beauty,Boke,Cash Payment,,Male,New,August,51.57
ORD003632,5,84.78,0.0,2.0,CLOTHING,Boke ,MOBILE MONEY,36.0,MALE,New,October,417.35
ORD007353,4,75.57,15.0,5.0,Sports,Labe,MobileMoney,16.0,MALE,Returing,December,280.71
ORD002260,4,40.52,10.0,,Books,CONAKRY,MobileMoney,16.0,Male,Returing,February,160.19
ORD008470,4,132.0,0.0,7.0,Electronics,Kankan,CARD,35.0,Male,New,October,484.47
ORD006966,4,56.15,0.0,2.0,Clothing,Kindia,Card,36.0,Male,New,February,212.76
ORD008532,2,10.82,0.0,7.0,FOOD,Kankan,Cash,22.0,Female,New,May,20.29
ORD009327,4,218.36,25.0,6.0,home, Conakry,Mobile Money,24.0,F,New,April,769.85
ORD007097,6,471.99,0.0,5.0, Electronics,Conakry,Card,23.0,Male,Returning,May,2460.49
ORD003102,2,,5.0,5.0,Food,Kindia,Mobile Money,38.0,MALE,Returning,September,41.75
ORD007300,2,49.85,5.0,5.0,Toys,Kindia,Mobile Money,50.0,Female,New,February,112.95
ORD005243,4,337.97,0.0,4.0,Electronics,Conakry,Mobile Money,29.0,Male,New,August,1440.67
ORD003120,4,237.63,,6.0,Home,Conakry,MobileMoney,20.0,MALE,Returning,November,704.21
ORD000931,4,175.48,0.0,3.0,Electronics,Kankan,Cash,21.0,Male,New,November,639.2
ORD001599,2,17.51,25.0,1.0,Food,Kindia,Mobile Money ,26.0,Male,New,April,24.66
ORD004818,4,179.91,10.0,5.0, Electronics,Kindia,,37.0,Female,New,October,641.39
ORD006161,5,35.8,0.0,3.0,Beuty,Boke,Mobile Money,35.0,Male,New,July,169.03
ORD007381,6,20.65,15.0,7.0,Food,Kindia,,28.0,Male,New,November,110.62
ORD007070,6,65.44,0.0,2.0,Beauty,Boke,Cash,23.0,Female,New,February,417.91
ORD004369,7,35.37,0.0,5.0, clothing ,Conakry,Card,32.0,Female,Returning,March,218.15
ORD005548,4,88.37,0.0,4.0,Clothing,Boke,CARD,22.0,Female,new,September,341.35
ORD002187,2,37.47,,,clothing,Labe,Card,31.0,Male,Returning,February,79.41
ORD006495,3,35.22,,8.0,Food,Conakry,Cash,18.0,M,New,June,72.32
ORD003417,7,33.7,0.0,-6.0,Beauty,Conakry,Card,20.0,Female,New,January,243.81
ORD005251,4,23.75,0.0,3.0,Books,CONAKRY,Mobile Money,23.0,M,Returning,September,98.98
ORD002947,8,71.88,5.0,3.0,Sports,LABE,Card,43.0,Male,Returning,September,534.0
ORD001377,4,341.02,30.0,2.0,Electronics,Boke,mobile money,29.0,F,Returing,April,914.43
ORD005977,3,,0.0,2.0,Home,Kankan,,32.0,Male,New,March,415.16
ORD004916,4,49.86,5.0,7.0,sports,KINDIA,Cash,44.0,male,New,August,220.09
ORD005273,2,28.32,0.0,7.0,FOOD,Conakry,Mobile Money,31.0,Male,New,November,49.05
ORD000058,3,38.47,10.0,5.0,Beauty,Kindia,Mobile Money,25.0,Female,New,April,105.65
ORD007647,7,33.57,0.0,4.0,Beauty,BOKE ,Cash,36.0,Female,New,January,225.5
ORD001847,4,17.88,10.0,6.0,Foood, Conakry,CASH,21.0,Male,Returning,October,69.74
ORD005636,4,671.83,10.0,7.0,Electronics,Conakri,Cash,43.0,Female,Returning,April,2337.06
ORD009294,5,,0.0,7.0,Beauty,LABE,Mobile Money,33.0,Female,Returning,May,367.14
ORD002064,250,10.16,0.0,5.0,Books,Conakry,MobileMoney,27.0,Male,New,March,71.76
ORD007512,2,32.87,0.0,5.0,Toys,Kindia,Cash,18.0,Female,New,July,57.9
ORD006613,4,13.26,5.0,5.0,Food,BOKE,,44.0,Male,New,December,46.25
ORD003660,4,117.34,0.0,4.0,Sports,Boke,Cash,22.0,Male,Returning,June,454.86
ORD003225,1,48.74,20.0,4.0,toys,kindia,Card,24.0,male,new,August,36.24
ORD004117,2,78.58,10.0,4.0,Home,Kankan,Card,37.0,Male,NEW,November,146.62
ORD002371,4,12.82,15.0,6.0,Books,Conakry,Card,42.0,Female,Returning,May,44.75
ORD006059,5,38.46,0.0,4.0,Toy,Conakry,Mobile Money,16.0,Female,Returning,February,177.44
ORD004113,5,76.67,20.0,7.0,Sports,Kankan,Cash,35.0,Female,Returning,September,315.1
ORD009121,4,90.82,0.0,5.0,Sports,Labe ,Mobile Money,32.0,Male,New,September,369.52
ORD002277,4,12.81,10.0,2.0,Food,boke,Mobile Money,41.0,Female,Returning,February,50.75
ORD007144,4,16.42,0.0,,toys,Boke,MobileMoney,36.0,M,New,April,67.82
ORD001794,2,62.58,0.0,4.0,Home,Nzerekore,,16.0,FEMALE,Returing,May,126.46
ORD006853,4,,0.0,,Home,Kindia,Card,49.0,Female,Returning,June,398.08
ORD005054,3,482.2,0.0,3.0,Electronics,Conakry,cash,31.0,Female,NEW,January,1418.67
ORD002266,4,40.29,10.0,,Sports,boke,Mobile Money,48.0,Female,New,January,135.47
ORD004114,4,16.35,0.0,6.0,Beauty,Kindia,Card,39.0,Female,New,September,67.03
ORD008638,4,109.93,,5.0,SPORTS,Conakry,CARD,36.0,Female,New,June,463.39
ORD009035,4,94.64,0.0,3.0,Sports,LABE,Cash,23.0,Female,Returning,April,362.21
ORD003185,7,34.76,0.0,2.0,books,Conakry,CARD,38.0,Male,Returing,January,264.16
ORD000042,3,353.44,-20.0,6.0,Electronics,NZEREKORE,Mobile Money,25.0,M,Returning,September,953.61
ORD005129,4,20.91,0.0,,Beauty,Labe,Cash,26.0,Male,Returning,July,80.64
ORD000839,5,116.94,0.0,2.0,home ,Boke,MOBILE MONEY,37.0,Female,New,March,657.23
ORD006068,6,307.42,0.0,7.0,Eletronics,BOKE,Cash,18.0,Male,RETURNING,January,1717.22
ORD008788,2,65.17,0.0,6.0,Clothing,Conakri,Cash,43.0,Male,Returning,September,125.99
ORD002183,5,31.16,0.0,5.0,Toy,Kindia,MobileMoney,28.0,Female,New,December,165.89
ORD001730,4,10.75,0.0,5.0,Toys,KINDIA,Cash,22.0,Female,RETURNING,July,43.32
ORD004684,4,54.84,0.0,2.0,Beauty,Boke,Cash,34.0,Female,returning,March,205.29
ORD008489,6,16.22,,2.0,Food,Conakri,CASH,,Female,Returning,October,74.42
ORD005331,3,105.88,15.0,1.0,Clothing,conakry,Mobile Money,16.0,Female,new,June,269.75
ORD003759,8,42.96,0.0,3.0,Beauty,Conakry,Mobile Money,22.0,Male,New,September,334.09
ORD007170,3,117.66,15.0,2.0,Sports,Boke,Cash,38.0,Female,New,May,292.24
ORD002971,1,416.7,0.0,, Electronics ,Conakry,Card,23.0,Male,New,December,398.97
ORD006736,2,10.02,5.0,1.0,Foood,Boke,mobile money,28.0,MALE,New,January,18.34
ORD003191,9,145.87,,4.0,Home, Conakry,Cash,34.0,Male,Returning,January,1190.06
ORD007513,3,17.76,0.0,5.0,Food,Kindia,Cash,,Male,Returning,April,57.02
ORD002080,3,30.68,5.0,3.0,Beauty,Kindia,Card,24.0,Male,Returning,August,90.04
ORD006099,-3,81.21,20.0,3.0,HOME,Conakry,Cash,36.0,F,returning,June,269.41
ORD001765,6,17.62,,6.0,Books,Kankan,Cash ,21.0,Female,Returning,October,114.12
ORD004810,3,21.23,10.0,1.0,Books,Kindia,Card,21.0,Female,New,July,53.76
ORD007350,5,106.42,0.0,4.0,home,Kindia,,39.0,Female,Returning,March,480.37
ORD003538,5,207.66,10.0,2.0,Electronics ,KANKAN,Card,29.0,Male,Returning,February,927.93
ORD000196,3,96.42,0.0,6.0,Sports,Conakry,Cash,,Male,New,July,285.84
ORD002017,3,13.74,25.0,4.0,Food ,Conakry,Mobile Money,16.0,Male,Returning,October,31.53
ORD008512,1,140.63,5.0,5.0,Sports,Conakry,Cash,52.0,Female,new,April,137.17
ORD001448,3,2.93,-20.0,2.0,Food,Labe,Mobile Money,35.0,Female,Returning,January,7.13
ORD004265,7,36.27,10.0,7.0,Beauty,conakry,Card,17.0,Male,New,May,212.66
ORD000094,5,184.82,10.0,8.0,Home, Kindia , Cash ,16.0,Female,New,July,746.55
ORD002327,4,106.04,5.0,3.0,Home,Kankan,Cash,16.0,Female,Returning,December,377.96
ORD001645,5,91.47,0.0,4.0,Clothing,Kindia,Cash,34.0,Male,Returning,March,536.63
ORD009269,6,553.18,5.0,2.0,Electronics,conakry,Card,34.0,Female,Returning,November,3389.18
ORD003152,1,37.67,0.0,6.0,BEAUTY,Conakri,mobile money,,female,New,October,35.55
ORD006037,3,36.27,10.0,8.0,Beauty,Kankan,CARD,,Female,Returning,January,103.31
ORD003412,3,13.69,10.0,6.0,Books,Nzerekore,Card,180.0,Male,Returning,February,35.02
ORD000773,2,135.42,0.0,6.0,Home,KANKAN,Card,40.0,Male,New,November,260.06
ORD006564,4,67.04,15.0,3.0,Toys,conakry,cash,,Male,returning,November,193.81
ORD002623,5,53.98,0.0,2.0,Toys ,CONAKRY,Mobile Money,30.0,Female,RETURNING,June,280.91
ORD004192,5,104.51,30.0,5.0,HOME, Conakry,Credit Card,,Male,New,May,394.45
ORD004130,3,155.35,0.0,5.0,Sports,Conakry,Mobile Money,27.0,female,Returning,November,471.93
ORD001988,1,61.31,0.0,,Clothing,Kankan,Card,26.0,Female,new,December,59.33
ORD000475,2,118.84,,6.0,Home,Conakry,Cash ,33.0,male,Returing,November,232.2
ORD003154,5,70.89,0.0,8.0, Beauty ,Boke,Mobile Money,22.0,Female,Returning,June,351.7
ORD003466,7,35.52,,,Home,Boke,Card,43.0,Male,New,September,240.95
ORD000398,4,11.17,15.0,3.0,Toys,Kindia,Card,16.0,Female,New,December,36.84
ORD008230,4,89.37,0.0,,HOME,kindia,Card,52.0,Female,New,September,352.1
ORD002944,2,,5.0,2.0,food,Boke,Mobile Money ,33.0,female,New,March,53.93
ORD004466,6,6.45,0.0,4.0,FOOD,Kindia,Cash,16.0,Male,Returning,March,34.81
ORD005027,4,,0.0,3.0,Books,Kankan,CASH,28.0,Male,New,November,81.6
ORD005482,5,22.88,0.0,,Toys,LABE,CARD,31.0,Male,New,August,107.97
ORD002237,4,95.17,0.0,4.0,Sports,Kankan,Mobile Money,54.0,Male,Returning,June,382.91
ORD009660,3,14.78,0.0,4.0,Food,Kindia,Cash Payment,,Female,New,December,47.47
ORD006331,4,60.51,0.0,5.0,clothing,Kankan,Mobile Money,31.0,Female,New,August,207.34
ORD002048,7,82.61,0.0,1.0,Beauty,Conakry,Cash Payment,30.0,Female,New,November,586.17
ORD008276,5,152.1,0.0,5.0,Home,Conakry,Cash,16.0,Female,New,September,717.87
ORD009120,3,,0.0,7.0, Home ,Conakry,Mobile Money,35.0,Female,RETURNING,May,297.02
ORD008323,1,22.62,10.0,1.0,Food,Conakry ,card,21.0,female,New,April,21.25
ORD008251,5,183.96,20.0,4.0,Home,Conakry,CARD,,Female,New,March,689.16
ORD001766,3,19.11,5.0,4.0,Books,Kindia,,31.0,Female,New,November,49.87
ORD004813,7,23.78,0.0,-8.0,Toys,Kindia,Cash,22.0,Male,New,November,176.86
ORD003217,3,,0.0,3.0,Clothing,Conakry,Mobile Money,58.0,Male,Returning,July,165.3
ORD005840,3,17.32,5.0,5.0,Books,Kindia,Card,26.0,Male,Returning,February,49.47
ORD002221,7,14.71,0.0,5.0,Food,Nzerekore,MOBILE MONEY,44.0,MALE,Returning,December,91.95
ORD001690,3,304.47,15.0,7.0,Eletronics,Conakry,MobileMoney,37.0,Female,New,June,843.69
ORD006758,-3,49.58,0.0,7.0,Beauty,Nzerekore,Cash,30.0,Male,Returning,October,124.62
ORD006859,3,111.19,5.0,3.0,Home,labe,CARD,41.0,Male,New,October,286.57
ORD007634,7,17.98,-20.0,3.0,Books,N'Zerekore,Mobile Money,34.0,Female,New,March,96.94
ORD006078,2,24.88,,8.0,Clothing,Nzerekore,Cash,32.0,Male,New,October,34.12
ORD006130,4,17.57,15.0,1.0,Beauty ,Labe,Cash,46.0,Female,NEW,September,59.62
ORD003139,5,102.93,10.0,5.0,Sports,Nzerekore,Mobile Money,33.0,FEMALE,New,April,466.92
ORD005750,8,13.11,0.0,3.0,Toy,KANKAN,cash,40.0,Male,new,April,122.33
ORD009472,4,132.39,0.0,2.0,HOME,CONAKRY,Cash,32.0,Male,Returing,March,486.92
ORD001239,4,99.46,,,Sport,Boke,Cash Payment,31.0,Female,Returning,May,417.33
ORD008776,3,29.78,20.0,3.0,Foood,Kindia,Card,53.0,Male,New,July,68.05
ORD006260,7,19.24,0.0,1.0,Books,Boke,Credit Card,,FEMALE,Returning,January,141.27
ORD008836,2,99.65,0.0,,Sports,conakry, Card ,30.0,Female,Returning,May,211.04
ORD002514,7,122.7,0.0,7.0,Sports,Kindia,Credit Card,50.0,Male,RETURNING,March,797.51
ORD008352,5,55.68,0.0,7.0,Clothing,Kindia,Cash,,Male,Returning,October,291.58
ORD002463,4,30.57,5.0,2.0, beauty ,Nzerekore,Card,21.0,Male,New,February,117.61
ORD007795,4,157.37,0.0,6.0,Home,Conakri,Mobile Money,39.0,Male,Returing,July,624.78
ORD001837,3,47.27,0.0,5.0,Books,Conakry,,29.0,Female,returning,September,124.87
ORD009249,4,98.73,0.0,3.0,Clothing,CONAKRY,MobileMoney,42.0,M,New,January,412.58
ORD006378,2,20.4,0.0,5.0,Books,Kankan,,46.0,Male,New,April,40.44
ORD005811,2,465.47,0.0,, Electronics,Conakry,Cash,16.0,Female,New,April,983.72
ORD000161,5,,0.0,5.0,clothing,Kindia,Mobile Money,24.0,Male,New,December,229.12
ORD003633,5,28.12,0.0,6.0,Food,Conakry,Cash,29.0,Male,New,October,135.9
ORD003135,4,27.71,15.0,6.0,Clothing, Conakry,Card,29.0,Female,Returning,May,96.13
ORD001972,3,46.0,15.0,4.0,CLOTHING,Kindia,Cash,,Male,Returning,August,111.16
ORD005444,6,32.78,0.0,2.0,Books,Nzerekore,,,Female,New,March,196.33
ORD003931,4,16.77,25.0,3.0,FOOD,Kindia,Cash,8.0,male,New,April,53.47
ORD003861,6,62.13,0.0,7.0,Beauty,Labe, MobileMoney ,21.0,Female,New,November,385.37
ORD004546,6,27.48,10.0,7.0,Clothing,Nzerekore,Cash Payment,25.0,Male,Returning,November,168.48
ORD007442,4,462.24,5.0,8.0,electronics,Boke,MobileMoney,38.0,Female,New,February,1836.0
ORD003092,250,54.9,25.0,5.0,Cloting,Boke,Mobile Money,,Male,NEW,April,180.97
ORD005383,6,6.63,-20.0,6.0,FOOD,BOKE,Mobile Money,,Male,Returning,April,40.17
ORD005841,6,,20.0,,Food, Nzerekore ,Card ,36.0,Male,New,November,70.5
ORD008374,7,,0.0,,Toys,Nzerekore,MOBILE MONEY,35.0,Female,New,December,147.19
ORD003557,2,182.44,30.0,6.0,Electronics,Nzerekore,Card,,Female,New,November,259.1
ORD006090,4,10.99,,4.0,Books,Labe,mobile money,46.0,Male,Returning,June,35.2
ORD007809,3,105.71,5.0,2.0,Clothing,Labe,Mobile Money,46.0,FEMALE,New,December,315.8
ORD004323,3,42.48,0.0,7.0,toys ,CONAKRY,Mobile Money,28.0,Male,Returning,January,126.6
ORD009288,1,,0.0,4.0,Beuty,boke ,card,21.0,FEMALE,Returning,September,51.1
ORD000445,2,63.92,,3.0,Toys,Conakry,CASH,37.0,Male,New,December,86.99
ORD000641,5,13.71,5.0,1.0,Food,KINDIA,Mobile Money,48.0,Male,New,February,67.12
ORD003372,3,19.01,0.0,3.0,FOOD,Labe,MOBILE MONEY ,46.0,Male,Returning,March,58.17
ORD003257,5,26.6,20.0,3.0,Food,Conakry,Card ,36.0,Female,New,January,109.84
ORD003887,4,37.68,15.0,2.0,Toys,CONAKRY,CARD,24.0,Male,New,May,128.92
ORD002607,5,39.02,0.0,5.0,Toy,Nzerekore,Cash,16.0,Female,Returing,May,187.24
ORD003488,250,250.71,0.0,2.0,Electronics,Nzerekore,Mobile Money,41.0,Female,Returning,June,523.66
ORD002922,3,12.39,,2.0,Cloting,Nzerekore,CASH,35.0,Female,NEW,January,29.47
ORD001154,4,13.62,15.0,3.0,Food,Kindia, Cash ,32.0,female,Returning,January,49.68
ORD003586,4,370.91,,4.0,Eletronics,labe,Cash,35.0,male,Returning,July,1523.46
ORD003589,4,95.04,0.0,5.0,Sports,Boke,Mobile Money,33.0,Male,New,May,439.94
ORD003422,1,31.77,10.0,3.0,Beauty, Kankan ,CARD,34.0,female,New,October,28.17
ORD003199,3,,0.0,7.0,CLOTHING, Conakry ,Cash,40.0,Female,Returning,October,265.1
ORD007514,3,302.97,30.0,3.0,electronics,Boke,MobileMoney,,Female,New,June,675.18
ORD005352,3,8.52,0.0,4.0,Food,Kankan,Card,21.0,Male,New,February,23.1
ORD001182,4,28.02,10.0,4.0, books ,KANKAN,Cash,32.0,Male,Returning,February,107.55
ORD004832,5,107.79,25.0,6.0,Sports,Kindia,Card ,40.0,Female,Returning,June,401.81
ORD006667,4,,,4.0,Electronics,NZEREKORE,mobile money,22.0,Male,Returning,August,847.81
ORD005278,4,81.78,10.0,4.0,Toys,CONAKRY,CARD,8.0,Female,Returning,June,312.9
ORD000322,3,104.56,0.0,,Clothing,conakry,Mobile Money,45.0,Female,New,June,255.19
ORD007430,3,83.23,5.0,2.0,Clothing,Kindia,Cash,28.0,Male,NEW,November,248.58
ORD008748,3,81.74,20.0,6.0,HOME,Boke,Card,36.0,FEMALE,NEW,February,165.64
ORD003819,4,613.21,0.0,7.0,Electronics,Conakry,Cash,42.0,Female,Returning,May,2617.98
ORD008329,3,73.6,,5.0,clothing,Kankan,Mobile Money,24.0,Female,New,January,207.5
ORD004225,6,57.13,0.0,1.0,Beauty,Kankan,Card,38.0,Male,Returning,September,352.56
ORD000637,3,254.49,0.0,2.0,Electronics,KANKAN,,39.0,MALE,Returning,January,685.64
ORD002469,1,,0.0,1.0,Electronics,Boke,Cash,47.0,Male,New,February,323.58
ORD002385,3,31.08,5.0,5.0,Beauty,Labe ,Cash,,Female,Returning,July,83.66
ORD007469,4,49.89,20.0,7.0,Clothing,Nzerekore,Mobile Money,34.0,Female,Returning,June,185.62
ORD000280,4,12.09,0.0,4.0,Food,Kankan,Cash,38.0,MALE,New,November,47.56
ORD005163,3,31.73,5.0,7.0,Toys,Boke ,Credit Card,42.0,Male,Returning,June,79.14
ORD009422,3,42.35,15.0,4.0,Toys,Kindia,Cash,40.0,Male,returning,January,90.08
ORD007337,3,15.09,0.0,6.0,Food, Boke ,Cash,30.0,Male,New,June,47.98
ORD002798,2,4.76,0.0,5.0,Food,N'Zerekore,cash,8.0,Male,New,December,10.82
ORD001821,6,73.59,,5.0,Clothing,Boke ,Card,49.0,F,RETURNING,September,475.38
ORD009304,3,18.26,0.0,,Foood,Conakry,Cash,17.0,Female,Returning,January,52.74
ORD007619,3,381.26,10.0,6.0,Electronics,Conakry,CARD,35.0,Female,New,March,994.79
ORD009287,2,66.48,10.0,3.0,Clothing,Kindia,CARD,36.0,Male,New,November,122.92
ORD001144,2,161.32,5.0,4.0, Electronics ,Kindia,Cash,31.0,Male,New,November,316.2
ORD001295,2,38.76,15.0,5.0,Toy,Boke,Mobile Money,,Male,Returning,October,65.23
ORD008186,2,56.65,0.0,7.0,Sports,Conakri,Cash,39.0,Female,New,January,125.2
ORD005661,1,33.02,5.0,6.0,Toys,Kindia,CASH,28.0,female,Returning,December,30.57
ORD005085,2,500000.0,-20.0,,Clothing ,Labe,Mobile Money,49.0,Male,New,February,81.0
ORD000914,5,41.65,10.0,3.0,Beauty,Boke,MobileMoney,42.0,Male,Returning,February,188.0
ORD003700,6,,0.0,7.0,Home,Conakry,Card,37.0,Male,New,August,876.48
ORD009154,2,98.45,0.0,6.0,Clothing, Conakry,Mobile Money,34.0,Male,New,April,175.13
ORD002841,6,101.18,,4.0, SPORTS ,Nzerekore,Mobile Money,39.0,Male,Returning,July,627.05
ORD005578,5,32.46,0.0,1.0,beauty,Nzerekore,Mobile Money,28.0,Female,New,July,162.74
ORD000121,3,36.66,25.0,2.0, Beauty ,Kindia, CASH ,50.0,Female,New,January,75.42
ORD004073,2,32.7,10.0,5.0,Toys,Kindia,Cash,50.0,Male,New,January,60.71
ORD002436,3,,20.0,4.0, clothing ,BOKE,Cash,31.0,female,New,October,81.01
ORD001587,5,44.78,0.0,1.0,Beauty,Kindia,Cash,31.0,Male,Returning,February,260.13
ORD008589,6,94.08,,7.0,Clothing,Conakry,MOBILE MONEY,25.0,Female,returning,May,553.54
ORD006425,2,136.92,0.0,-8.0,Electronics,Conakry,Cash,35.0,Male,New,November,239.95
ORD004134,9,76.41,,4.0,Clothing,Nzerekore,Mobile Money,41.0,Female,Returning,April,477.94
ORD009156,3,173.6,0.0,5.0,SPORTS,Conakry,Mobile Money,16.0,Female,RETURNING,April,531.01
ORD004514,5,10.12,0.0,3.0,Books,Nzerekore,Cash,27.0,M,Returning,June,55.16
ORD000112,3,13.32,0.0,2.0,Toys,Labe,Cash,31.0,F,Returning,February,45.7
ORD001247,2,154.91,15.0,5.0,Home,Nzerekore,Card,37.0,Male,returning,January,240.74
ORD003656,3,42.7,,1.0,Beauty,Boke,Card,32.0,Male,Returning,December,111.49
ORD009596,4,20.55,5.0,2.0,Books,Nzerekore,Cash,43.0,F,Returning,March,81.93
ORD003227,3,50.28,15.0,1.0,Clothing,CONAKRY,Cash,23.0,Male,New,September,132.91
ORD001245,2,137.27,0.0,5.0,HOME,Boke,,32.0,Male,Returning,May,271.29
ORD002582,5,19.1,10.0,5.0,Food ,Conakry,CASH,,Female,Returning,July,90.25
ORD004342,3,,,4.0,Clothing,Conakry,,52.0,Male,RETURNING,December,216.29
ORD009134,4,23.79,0.0,,Beuty,Conakry,Mobile Money,20.0,Male,Returing,July,88.16
ORD008683,5,31.66,0.0,5.0,Beauty,Kindia,Card,36.0,Female,Returning,August,160.8
ORD001848,8,214.02,0.0,4.0,Home,Conakry,Mobile Money,32.0,Male,Returning,February,1486.63
ORD003620,3,,0.0,5.0,Beauty,Nzerekore,Mobile Money,46.0,male,Returning,May,51.21
ORD005342,3,137.68,0.0,6.0,Home,Boke,Mobile Money,35.0,Female,New,July,471.77
ORD001296,2,48.48,0.0,6.0,Clothing,Nzerekore,MobileMoney,,male,New,February,87.0
ORD006719,1,,15.0,1.0,Toys,Nzerekore,Credit Card,28.0,Male,Returning,August,38.03
ORD005529,1,37.02,15.0,3.0,Clothing,Conakri,Mobile Money,,Female,Returning,December,35.12
ORD002772,4,11.38,5.0,6.0,Food,kindia,Card,26.0,Female,New,May,37.62
ORD003429,6,25.43,0.0,5.0,food,CONAKRY,Mobile Money,22.0,Female,New,February,154.4
ORD004290,4,168.06,15.0,3.0,Home,Conakry,cash,35.0,male,New,November,605.81
ORD001727,3,79.86,0.0,4.0,Home,Kindia,Credit Card,16.0,Male,Returing,April,253.0
ORD004443,4,179.67,0.0,3.0,Electronics,Conakry,Card,36.0,female,Returning,June,766.21
ORD009328,2,39.98,10.0,150.0,Toys,Boke ,Cash,20.0,Female,returning,December,64.0
ORD005965,5,,10.0,6.0,Cloting,Conakry,Card,30.0,Female,New,April,240.82
ORD000036,4,48.61,0.0,,Toy,Conakry,Mobile Money,38.0,Female,New,February,196.4
ORD003837,5,18.82,10.0,2.0,Foood,Kindia,Card,29.0,Male,New,May,71.7
ORD003445,5,6.55,15.0,2.0,TOYS,Conakry,Cash,30.0,Female,Returning,July,28.55
ORD004728,5,59.72,,6.0,Clothing,Kankan,Cash,33.0,Male,New,December,242.47
ORD001722,3,6.66,0.0,3.0,Books,Nzerekore,Card,37.0,Male,New,November,21.82
ORD007967,5,,15.0,4.0,Electronics,Kindia,Card,30.0,Female,New,January,625.48
ORD009407,5,230.4,0.0,2.0,Electronics,Kankan,Cash,41.0,Female,New,October,1158.93
ORD002130,2,53.35,5.0,4.0,Clothing,Labe ,Cash,33.0,F,Returning,March,95.36
ORD000849,4,49.26,10.0,3.0,toys,Conakry,Cash,33.0,Female,New,November,176.13
ORD006522,6,228.6,0.0,5.0,home,Boke,Cash,,Male,returning,November,1574.13
ORD001633,7,,0.0,6.0,Books,Kankan,Cash Payment,33.0,Female,Returning,April,75.88
ORD001395,4,67.54,0.0,2.0,Clothing,Kindia,Card,26.0,Female,Returning,August,247.29
ORD004302,3,96.97,0.0,3.0,Sports,Boke,Cash Payment,24.0,Female,Returning,May,300.14
ORD003534,2,50.76,0.0,,Toys,Conakry,cash,58.0,Female,NEW,December,83.21
ORD001619,4,,15.0,3.0,Books,Conakry,Mobile Money,27.0,Male,New,January,55.35
ORD005087,2,447.99,0.0,3.0,Electronics ,KANKAN,cash,16.0,Male,returning,May,844.55
ORD002993,6,18.71,20.0,,Food,Boke,Cash,35.0,Female,Returning,March,95.91
ORD001896,6,83.69,0.0,2.0,Home,Kindia,Card,28.0,Female,Returning,April,482.55
ORD001543,2,12.39,5.0,1.0,Food,Boke,Card,42.0,Female,New,November,22.8
ORD000680,4,12.3,10.0,3.0,Beauty,Nzerekore,Card,34.0,Female,Returning,September,44.19
ORD001728,5,114.57,0.0,5.0,sports,Conakry,Mobile Money,27.0,Male,New,June,576.98
ORD003812,3,53.74,0.0,3.0,Toys,Kindia,Credit Card,39.0,Female,Returing,May,159.78
ORD007665,5,14.07,0.0,2.0,CLOTHING,Kankan,Card,,Male,Returning,June,66.09
ORD007051,5,7.26,,1.0,Food,Boke,Cash,40.0,MALE,Returning,April,40.76
ORD000628,5,,0.0,3.0,Food,Kankan,,42.0,Female,New,August,54.27
ORD006530,6,50.54,0.0,2.0,Home,Kankan,Mobile Money,17.0,Male,Returning,February,304.4
ORD007703,4,76.91,5.0,6.0,clothing,Kankan,CASH,47.0,Female,Returning,November,302.79
ORD007668,4,158.79,0.0,4.0,Electronics,N'Zerekore,Credit Card,16.0,M,Returning,April,692.49
ORD005095,7,54.26,10.0,5.0,Beauty,Conakry,Card,34.0,Female,Returning,February,353.4
ORD006043,2,40.03,0.0,,Toys,Kankan,Mobile Money,58.0,Male,RETURNING,March,74.9
ORD003402,5,27.46,15.0,1.0,Books,BOKE,Cash,39.0,Female,Returning,February,114.78
ORD003816,3,465.53,5.0,6.0, Electronics,Conakri,Card,40.0,Female,New,July,1186.72
ORD008165,4,15.46,0.0,5.0,Books,Boke,Cash,42.0,Male,Returning,December,73.39
ORD005106,3,124.3,15.0,1.0,home,Nzerekore,Mobile Money,33.0,Female,New,February,356.73
ORD000449,4,85.45,0.0,8.0,Clothing,Labe,Mobile Money ,57.0,Male,New,September,304.66
ORD000208,3,363.45,0.0,6.0,Electronics,Kankan ,Credit Card,33.0,Female,Returing,July,964.89
ORD005213,3,48.22,10.0,5.0,Clothing,Conakry,Cash,42.0,M,New,June,133.88
ORD005150,5,82.55,25.0,1.0,Sport,nzerekore,Mobile Money,32.0,Male,New,October,305.23
ORD004976,2,44.91,5.0,8.0,Toy,CONAKRY,Cash,25.0,Female,New,June,73.71
ORD000982,4,,0.0,6.0,Food,labe,Mobile Money,47.0,Female,New,October,53.08
ORD008162,3,90.92,0.0,1.0,Sports,kindia,CARD,34.0,Male,Returing,June,280.46
ORD004751,1,23.06,,5.0,toys,Boke,Cash Payment,16.0,F,Returning,December,19.21
ORD006902,3,4.63,5.0,,Beuty,kindia,Card,31.0,Female,New,July,12.82
ORD009228,4,11.31,0.0,5.0,Foood,Conakry,Cash,36.0,Male,New,August,42.37
ORD002981,5,,0.0,3.0,Toys,Nzerekore,,19.0,Male,Returning,February,175.18
ORD000445,2,63.92,,3.0,Toys,Conakry,CASH,37.0,Male,New,December,86.99
ORD007719,4,21.22,15.0,4.0,Books,kindia,mobile money,28.0,Female,Returning,February,73.15
ORD006788,6,69.11,0.0,6.0,Toys,Conakry ,Card,36.0,Female,New,December,405.21
ORD009607,2,27.65,,5.0,Toys,KINDIA,cash,35.0,Female,NEW,September,55.19
ORD005073,2,,,1.0,Food,Kindia,Card,20.0,Female,Returning,May,23.8
ORD005462,3,30.36,25.0,5.0, Beauty ,Boke,card,29.0,Female,Returning,July,73.53
ORD004908,2,17.97,10.0,9.0, BOOKS ,nzerekore,Credit Card,38.0,Female,New,August,29.63
ORD009085,4,110.79,0.0,6.0,Home,Boke,Card,45.0,Male,Returning,March,489.96
ORD008250,5,73.11,5.0,5.0,Sports,Boke,,32.0,Female,NEW,June,311.17
ORD008743,4,208.69,15.0,4.0,Electronics,Kindia,Cash,34.0,Female,Returning,March,716.82
ORD001267,5,363.42,0.0,7.0,Electronics,Conakry,Credit Card,,Female,New,December,1771.61
ORD003477,4,98.61,,5.0,Sports,Kankan,mobile money,42.0,Male,New,April,423.37
ORD002849,4,43.41,0.0,5.0,Toy,Labe,,35.0,Female,Returning,March,179.75
ORD008097,5,51.96,0.0,6.0,Beauty,boke,mobile money ,23.0,Male,Returning,January,276.12
ORD009247,4,,25.0,2.0,Sports ,Nzerekore,Mobile Money,33.0,Female,Returning,April,273.02
ORD001771,7,86.29,10.0,4.0,Sports,CONAKRY,Card,33.0,Female,Returning,September,461.03
ORD009643,4,13.64,0.0,6.0,books,kindia,Mobile Money,16.0,F,Returning,September,55.17
ORD004623,4,25.73,0.0,7.0,Food,Conakry,Card,26.0,MALE,Returning,January,112.66
ORD002020,6,12.54,0.0,2.0,Food,Conakry,Cash,18.0,Male,New,January,78.86
ORD007342,4,89.1,0.0,1.0,Sports,Nzerekore,Cash,31.0,M,New,December,340.7
ORD005111,4,48.47,,5.0,Beauty,Labe,Card,26.0,Female,Returing,June,198.79
ORD006927,5,106.34,0.0,6.0,Sports,Boke,Mobile Money,26.0,Female,New,June,474.64
ORD008468,2,41.81,20.0,5.0,clothing,nzerekore,Card,33.0,Female,Returning,February,75.05
ORD002974,3,138.84,5.0,,HOME,Kankan,Card,43.0,Male,new,November,373.88
ORD006395,3,123.31,25.0,5.0, Electronics ,kindia,Cash,35.0,Male,New,December,286.49
ORD001586,2,,0.0,4.0,Beauty,Conakry,cash,26.0,Male,New,February,82.75
ORD007366,4,164.18,0.0,, Home ,Kankan,Card,33.0,Male,New,January,643.23
ORD007734,3,45.75,0.0,8.0,Beauty,CONAKRY,Mobile Money,31.0,Male,New,July,145.45
ORD006458,6,80.18,0.0,7.0,CLOTHING,Conakry,Mobile Money,46.0,Male,New,April,499.32
ORD009384,1,35.97,0.0,, Toys ,Kindia,Card,28.0,Female,Returning,July,36.47
ORD008766,4,34.65,0.0,5.0,Toys,Kindia,mobile money,23.0,Female,New,March,140.95
ORD001053,5,21.72,0.0,5.0,FOOD,Conakry,Mobile Money,26.0,Male,Returning,June,123.53
ORD007711,3,136.47,0.0,6.0,HOME,Kankan,,37.0,Female,Returning,October,417.06
ORD006294,4,,0.0,5.0,Books ,boke,Cash Payment,46.0,Female,RETURNING,April,21.36
ORD004534,5,49.89,0.0,3.0,Clothing,Conakry,Mobile Money,,F,New,June,257.22
ORD006843,2,31.68,0.0,1.0,Toy,Kindia,Cash,,Female,new,April,61.24
ORD003527,3,141.56,5.0,4.0,Home, Kindia ,Mobile Money,31.0,Male,New,November,475.11
ORD003050,3,59.46,25.0,5.0,Clothing,Conakry,,37.0,male,Returning,December,143.68
ORD005272,4,119.84,10.0,6.0,Sports,Kindia,Card,,Female,Returning,September,483.87
ORD002109,5,80.89,-20.0,5.0,Clothing,KINDIA,Mobile Money,47.0,male,Returning,March,317.14
ORD001086,3,61.22,0.0,8.0,Clothing,kindia,Card,16.0,Female,New,May,185.7
ORD008831,3,,10.0,4.0,Home,Conakry,Mobile Money,43.0,Female,New,October,366.93
ORD008201,7,14.28,10.0,,Books,Nzerekore,Mobile Money,37.0,Male,Returning,March,88.51
ORD000767,4,24.64,0.0,5.0,food,Conakry,,34.0,Female,returning,September,101.71
ORD001747,7,514.82,0.0,3.0,Electronics,Kindia,Card,28.0,male,New,December,3595.15
ORD001649,6,12.1,15.0,1.0,Books,conakry,Card,23.0,male,Returning,January,71.3
ORD001009,2,14.85,-20.0,6.0,Food,Kankan,CASH,28.0,female,New,May,31.13
ORD005374,4,81.44,0.0,9.0,Clothing,Kindia,Credit Card ,30.0,Female,Returning,May,336.6
ORD000623,6,54.08,0.0,5.0,Clothing,BOKE,cash,24.0,Female,New,March,366.26
ORD006156,4,130.51,,6.0,Sports, kankan ,,31.0,F,New,May,442.87
ORD003929,10,13.97,,6.0,Food,Kankan,card,36.0,Male,new,September,135.29
ORD005780,5,121.91,0.0,4.0,Sports,Conakry,Cash,,Male,New,November,597.66
ORD008234,5,35.28,,7.0,Books,conakry,Card,16.0,male,New,December,169.4
ORD005971,5,42.45,0.0,1.0,CLOTHING,conakry,Cash,29.0,Female,RETURNING,August,208.68
ORD005866,4,41.84,5.0,3.0,Books,conakry,MobileMoney,24.0,Female,New,September,194.16
ORD004994,4,114.63,15.0,4.0,Sports,Conakry,card,40.0,Male,Returning,March,376.43
ORD003357,3,73.13,0.0,,Sports,Kindia,Mobile Money,33.0,Male,New,November,218.91
ORD003508,3,15.52,10.0,4.0,Food,Boke,Mobile Money,,Male,Returning,June,45.59
ORD004895,4,51.33,5.0,4.0,Beauty,KINDIA,MobileMoney,37.0,Female,New,March,209.13
ORD007820,2,71.41,0.0,2.0,clothing,boke,Card,38.0,Male,Returning,September,131.46
ORD009494,6,39.33,0.0,5.0,books,Conakry,Cash,36.0,Female,New,February,224.72
ORD003431,6,,0.0,6.0,Food ,Conakry,,51.0,Male,New,July,131.82
ORD008624,2,146.56,25.0,5.0,Sports,Conakry,Card,20.0,Male,New,November,237.79
ORD002792,4,212.17,0.0,6.0,Electronics, Conakri ,Cash,16.0,F,New,December,730.93
ORD002622,6,40.07,0.0,,Toys,Boke,Card,38.0,Male,Returning,January,244.6
ORD006219,2,29.09,0.0,4.0,books,Conakry,mobile money,47.0,Female,new,October,56.15
ORD007850,3,59.97,10.0,5.0,sports,Conakry,card,16.0,Male,Returning,January,157.88
ORD003616,2,41.59,0.0,,TOYS,Conakry,Mobile Money,28.0,Male,New,January,81.29
ORD004638,3,,,6.0,BEAUTY,Conakry,,43.0,Male,New,March,175.24
ORD001963,250,26.28,0.0,4.0,Books,Boke,,52.0,M,New,March,152.89
ORD006101,6,354.39,0.0,,Electronics,kindia,Cash,35.0,Female,New,August,2010.95
ORD008809,4,20.32,0.0,5.0,Beauty,labe,Cash,30.0,Female,New,December,77.48
ORD008030,1,413.92,0.0,4.0,Electronics,Conakry,Mobile Money,37.0,Female,New,January,402.27
ORD007248,2,500000.0,,5.0,Sports,Kindia ,Mobile Money ,22.0,Female,New,October,313.16
ORD004061,2,15.69,20.0,7.0,Food,Boke,Mobile Money,20.0,Male,New,November,24.54
ORD005719,3,31.25,20.0,,TOYS,Kankan,Mobile Money,51.0,Female,New,February,72.21
ORD004609,4,119.23,5.0,,home,Kankan,MOBILE MONEY,33.0,Male,RETURNING,June,472.81
ORD006844,5,29.47,5.0,3.0, Beauty ,Boke,Mobile Money,20.0,F,Returning,June,124.64
ORD005614,5,64.62,0.0,2.0,Clothing,Nzerekore,Credit Card,,Female,Returning,October,351.25
ORD003943,4,38.21,20.0,4.0,Beuty,Kankan,Card,,Female,New,October,136.44
ORD009585,5,24.01,0.0,4.0,Food,conakry,Mobile Money,48.0,Female,New,February,116.23
ORD006149,5,,0.0,3.0,FOOD,CONAKRY,,27.0,Female,Returning,October,108.14
ORD000692,2,87.17,0.0,-6.0,Sports,NZEREKORE,Card,35.0,Male,Returning,April,173.5
ORD004823,6,231.4,0.0,6.0,Home, Conakry,Mobile Money,28.0,Female,new,October,1429.78
ORD002480,3,67.55,,4.0,BEAUTY,Conakry, Card ,16.0,Female,Returning,July,173.6
ORD001456,5,-40.0,0.0,5.0,Clothing,Kankan,Mobile Money,37.0,F,New,May,209.8
ORD005427,3,245.15,20.0,6.0,Electronics,Nzerekore,Cash,38.0,Female,New,December,541.96
ORD005455,5,21.4,10.0,4.0,Books,BOKE,Mobile Money,39.0,Female,New,February,89.7
ORD005013,4,128.75,0.0,5.0,Sports,Conakry,CASH,,Male,Returning,May,578.14
ORD007677,4,15.6,0.0,4.0,Books,Kankan,Mobile Money,40.0,Male,Returning,September,68.88
ORD003979,4,31.4,10.0,1.0,Books,KINDIA,Mobile Money,30.0,Female,New,September,103.83
ORD006876,4,,5.0,5.0, Beauty ,Conakry,Cash,,Female,New,March,195.92
ORD005365,4,99.51,20.0,7.0,Sports,Nzerekore,Card,22.0,F,New,June,294.02
ORD002027,4,7.13,0.0,6.0,Toys,Nzerekore,CASH,21.0,Female,New,September,28.68
ORD006404,250,209.95,0.0,,Electronics,Conakry,,16.0,Female,New,December,414.64
ORD001601,7,,0.0,4.0,ELECTRONICS,Conakry,Card,35.0,Female,New,July,528.74
ORD009388,6,30.1,0.0,8.0,Books,Conakry,Cash,41.0,Female,New,December,142.53
ORD003342,4,,,6.0,Toys,Labe,Cash,52.0,female,New,November,99.03
ORD001049,3,17.84,0.0,5.0,Food,CONAKRY,Card,27.0,Male,Returning,February,62.88
ORD006330,4,402.37,,5.0,Electronics,Conakry,card,40.0,male,New,December,1576.2
ORD006307,4,77.11,10.0,5.0,SPORTS,CONAKRY,CASH,45.0,Female,New,February,279.62
ORD006139,5,73.62,5.0,,SPORTS,Boke,Cash,37.0,Male,New,January,359.24
ORD006429,3,122.66,0.0,3.0,Hom,Kindia,Cash,33.0,Male,New,August,407.27
ORD005211,3,43.98,25.0,2.0,TOYS,Boke,Card,16.0,Male,New,May,106.77
ORD000799,4,,10.0,,Books,Boke,MOBILE MONEY,30.0,Male,Returning,December,88.13
ORD003666,3,399.24,0.0,2.0,Electronics,Kindia,MobileMoney,34.0,MALE,New,July,1215.26
ORD002957,3,434.86,0.0,7.0,Electronics,Boke,Cash,52.0,Female,Returing,November,1263.1
ORD008645,5,5.52,0.0,5.0,BOOKS,Kankan,Mobile Money,,Male,new,November,24.35
ORD004109,2,61.11,0.0,3.0,Toys,Conakry,Card,21.0,Female,Returning,August,111.54
ORD002729,4,244.7,,5.0,Electronics,kindia,Cash,16.0,Female,Returning,September,959.8
ORD001311,3,16.45,0.0,4.0,Books,Labé,Card,,Male,New,September,44.13
ORD009536,3,270.94,-20.0,7.0,Electronics,Labe,CASH ,40.0,Male,New,August,814.66
ORD001756,3,35.82,20.0,2.0,TOYS,Nzerekore,Mobile Money,22.0,Female,New,March,81.97
ORD008821,3,19.86,5.0,5.0,Food,Labe,MOBILE MONEY,37.0,Male,New,April,61.16
ORD005741,5,59.01,0.0,2.0,Clothing,Conakry,Card,43.0,M,New,September,299.33
ORD003630,4,29.52,5.0,6.0,Books,Boke,mobile money,34.0,Female,new,May,98.98
ORD006951,5,16.02,,2.0,Food,Kindia,Mobile Money,34.0,Female,New,June,75.86
ORD001413,6,27.84,0.0,,Food,CONAKRY,Cash,35.0,Female,Returning,August,159.17
ORD008141,4,17.65,5.0,2.0,Toys,Boke,MobileMoney,27.0,Male,Returning,November,63.06
ORD007997,3,13.39,0.0,5.0,Books,Conakry,Credit Card,37.0,Female,New,January,39.98
ORD005487,4,12.91,0.0,5.0,Food,Nzerekore,Card,20.0,Male,Returning,August,49.59
ORD009372,6,40.65,15.0,6.0,Beauty,Conakry,Cash ,18.0,Female,New,November,232.59
ORD001675,3,85.4,15.0,2.0,Clothing,Labe,Mobile Money,22.0,female,Returning,March,205.78
ORD009499,5,20.51,20.0,4.0,Food,Kankan,CARD,43.0,Female,Returning,February,84.86
ORD002940,-3,38.12,0.0,4.0,clothing,Kankan,Card,51.0,Female,New,November,207.55
ORD008428,6,23.01,0.0,5.0,Books,Boke,,40.0,female,Returning,September,164.01
ORD007193,3,56.55,5.0,5.0,Toys,KANKAN, Cash ,38.0,Female,Returning,December,148.93
ORD004324,4,64.59,5.0,6.0,Beauty,Conakry,cash,34.0,Male,Returning,June,273.61
ORD006699,1,41.73,20.0,,Toys,Conakry,Cash,44.0,Male,New,February,33.86
ORD005834,4,35.28,0.0,5.0,Toys,Kindia,Cash Payment,22.0,Female,Returning,March,136.38
ORD007466,5,54.73,0.0,3.0,Sports,CONAKRY,Cash,180.0,Female,Returning,September,242.2
ORD009564,3,21.33,,6.0,Books,Labe,Card,,female,New,January,65.68
ORD006769,4,309.43,,7.0,Electronics,Kankan,,48.0,Male,New,May,1360.48
ORD008155,1,23.14,0.0,1.0,Food,Kankan,Cash,35.0,Male,Returning,July,21.98
ORD004221,6,-40.0,10.0,2.0,Toys,Conakry,Card,22.0,Female,Returning,December,107.92
ORD002212,4,14.8,0.0,7.0,Food,LABE,Card,31.0,Male,New,February,63.15
ORD002891,6,42.22,,6.0,BEAUTY,boke,Card,47.0,FEMALE,Returning,July,252.03
ORD005828,4,29.96,0.0,2.0,Toys,KINDIA,MobileMoney,49.0,Female,Returning,March,118.96
ORD002076,6,,,6.0,Food,Conakry,Card,22.0,M,New,February,99.17
ORD007693,8,,0.0,5.0, Electronics ,Nzerekore,Card,22.0,Male,New,July,1099.91
ORD008498,3,11.93,10.0,5.0,Food,Kankan,cash,30.0,MALE,Returning,June,29.87
ORD005267,2,61.98,10.0,6.0,Clothing,Labe,Mobile Money,23.0,Female,Returning,October,113.9
ORD004321,1,13.33,10.0,4.0,Food,Kankan,,36.0,Male,New,March,11.47
ORD000592,7,89.43,0.0,,Sports,Boke,Cash,29.0,Female,returning,October,657.39
ORD008642,3,61.66,0.0,,Home,Nzerekore,Mobile Money,34.0,MALE,Returning,May,177.43
ORD008082,6,21.02,5.0,3.0,Food,Conakry,mobile money,29.0,Female,Returning,July,120.44
ORD007808,3,50.77,0.0,-8.0,Beauty,Labe,mobile money,28.0,Female,New,July,167.56
ORD001563,1,,0.0,9.0,Home,Labe,Mobile Money,8.0,Female,Returning,January,177.28
ORD000014,2,-40.0,0.0,5.0,Books,Conakry,MOBILE MONEY ,28.0,Female,New,August,2.43
ORD007309,5,100.61,0.0,7.0,Sports,Kankan,Cash,23.0,Female,Returning,November,454.69
ORD003463,2,121.05,0.0,8.0,Clothing,Boke,Card,39.0,Female,New,August,228.78
ORD002498,3,58.59,10.0,5.0,Clothing,Kindia,Card,34.0,female,Returning,November,156.57
ORD004375,7,421.86,30.0,2.0,Electronics,Boke,Card,34.0,FEMALE,New,December,2277.69
ORD005757,4,29.36,30.0,8.0,Books,Boke,MOBILE MONEY,26.0,Male,New,August,73.11
ORD001823,5,12.57,5.0,4.0,Books,Boke,Cash Payment,17.0,Female,New,October,53.67
ORD006112,6,83.15,0.0,2.0,Home,Kankan ,Mobile Money,24.0,Male,Returning,January,493.33
ORD000314,4,,0.0,5.0,Home,Boke,Mobile Money,26.0,FEMALE,RETURNING,December,635.32
ORD000438,3,500000.0,0.0,2.0,Hom,Conakry,Mobile Money,34.0,Female,Returning,February,314.83
ORD003610,5,531.85,5.0,,Electronics,Conakry,Mobile Money,22.0,Male,New,October,2223.09
ORD008146,5,17.04,,3.0,Books,Boke,Card,53.0,M,Returning,January,92.56
ORD002713,6,,0.0,5.0,Home,Boke,Cash,,Male,Returning,November,765.97
ORD009325,4,28.73,0.0,4.0,Toy,Kankan,Mobile Money,35.0,Male,Returning,February,108.21
ORD005572,7,18.36,10.0,3.0,Books,Kindia,Mobile Money,34.0,MALE,New,May,116.58
ORD006374,4,39.58,0.0,1.0,Toys,Conakry,Card,29.0,Male,New,July,147.18
ORD006357,3,13.25,0.0,3.0,BOOKS,Boke,,23.0,Male,New,May,39.62
ORD007013,3,,5.0,,Sports,Nzerekore, Card ,30.0,M,New,February,240.3
ORD009602,7,16.66,15.0,1.0,Books,Conakry,cash,35.0,Female,New,June,101.33
ORD004678,3,189.41,10.0,7.0,home,Kindia,Cash,34.0,Male,New,April,523.84
ORD008182,4,-40.0,0.0,7.0,Electronics,Conakry,Card,20.0,Male,Returning,February,1413.08
ORD009647,3,98.75,0.0,3.0,Sports,Conakry,Mobile Money,34.0,Male,New,July,321.94
ORD000127,4,42.69,0.0,4.0,CLOTHING,Boke,,56.0,M,New,February,170.45
ORD003520,1,95.57,0.0,3.0,Sports,Kindia,Credit Card,42.0,Male,New,January,100.81
ORD009193,3,70.31,0.0,2.0,Clothing,CONAKRY,Cash,30.0,Male,New,June,218.63
ORD009164,4,76.64,0.0,1.0,Beauty,Conakry,Mobile Money,48.0,Female,New,June,306.75
ORD004614,3,52.77,0.0,7.0,beauty,Kindia,mobile money,27.0,Male,Returning,September,188.19
ORD008719,5,70.14,0.0,6.0, Sports ,Conakry,Mobile Money,25.0,Female,New,October,369.17
ORD007675,6,98.02,0.0,3.0,Sports,Kindia,Cash,50.0,M,Returning,May,568.32
ORD006270,6,24.41,10.0,5.0,Toys,Boke,,40.0,Female,New,September,127.79
ORD005958,6,23.42,10.0,5.0,Beauty,Nzerekore ,Card,39.0,Male,new,May,124.17
ORD002223,2,19.9,25.0,7.0,Food,Labe,Cash,41.0,Female,Returning,August,31.41
ORD007527,6,22.91,25.0,4.0,Toys,Kankan,MOBILE MONEY,39.0,MALE,Returning,November,99.59
ORD007141,4,34.34,0.0,1.0,Toys,Labe,Card,33.0,Female,Returning,April,159.0
ORD000902,6,45.72,0.0,3.0,Beauty,Boke,Mobile Money,,Female,New,June,257.02
ORD002419,3,17.77,0.0,3.0,Food, Kankan ,Cash,28.0,Female,Returning,March,48.47
ORD001273,5,11.88,0.0,5.0,Food, Conakry ,Mobile Money,16.0,Male,Returning,December,54.74
ORD000286,5,84.33,10.0,6.0,Sports,kindia ,Card,28.0,MALE,Returning,November,274.1
ORD003219,3,334.76,10.0,8.0,Electronics,Conakry,,36.0,Male,New,August,902.38
ORD005955,6,134.09,0.0,5.0,Home,Kindia,Cash,32.0,M,New,September,716.27
ORD009188,2,110.79,10.0,3.0,Sports ,Kankan,Card,34.0,Female,Returning,June,214.5
ORD008406,3,38.1,5.0,2.0,BEAUTY,CONAKRY,Cash,36.0,Male,New,March,100.68
ORD007630,3,,10.0,,beauty,Boke,Card,27.0,Female,New,September,164.67
ORD006686,8,143.23,0.0,4.0,Electronics,Kankan,CARD,39.0,Female,New,October,1070.29
ORD000172,6,16.06,0.0,6.0,Home,Kankan,Cash,,Male,Returning,October,103.99
ORD006483,7,36.37,10.0,6.0,Clothing,Kindia,MOBILE MONEY,25.0,Female,New,August,276.83
ORD008252,7,35.03,,5.0,TOYS,Boke,Mobile Money,180.0,Female,New,March,215.16
ORD007253,5,67.17,0.0,7.0,Toys,Conakry,Cash,23.0,FEMALE,New,September,344.13
ORD009153,3,31.43,5.0,,Toys,Conakry,Cash,35.0,Female,Returning,July,87.68
ORD003515,6,70.55,0.0,-6.0,Clothing,BOKE,Mobile Money,26.0,Female,New,November,430.13
ORD009362,2,41.9,25.0,4.0,Beauty,Conakry,Cash,46.0,Female,Returning,January,62.5
ORD000251,4,18.78,0.0,6.0,Food,Labe,mobile money,37.0,Female,New,December,79.42
ORD001668,4,83.67,0.0,4.0,Hom,Kindia,Card,32.0,Female,New,August,359.25
ORD006342,4,25.03,10.0,6.0, Beauty ,Nzerekore,Mobile Money,32.0,Female,New,June,69.57
ORD002090,2,75.02,0.0,5.0,sports,BOKE,Card,29.0,Male,Returning,December,136.48
ORD004145,4,36.7,5.0,-6.0,Beauty,Labe,mobile money,19.0,male,New,February,140.08
ORD007888,6,286.16,10.0,7.0,Electronics,Nzerekore,Card,24.0,Female,Returning,November,1674.25
ORD003971,2,406.46,10.0,, Electronics ,Conakry,Cash,37.0,Male,RETURNING,June,705.88
ORD004208,2,,0.0,6.0,Toy,Kindia,Mobile Money,28.0,Male,New,September,60.17
ORD006463,4,12.33,10.0,4.0,Beauty,Conakry,Mobile Money,35.0,Female,New,August,42.53
ORD001465,1,23.17,0.0,4.0,Books,Kankan,CASH,35.0,Female,Returning,April,23.11
ORD000613,2,45.08,15.0,5.0,Beauty, Conakry,Credit Card,45.0,Male,Returning,October,71.27
ORD008265,1,24.21,0.0,,Food,CONAKRY,Cash,,Female,Returning,September,24.44
ORD002115,5,107.9,0.0,150.0,Sports,NZEREKORE,Card,33.0,Male,Returning,February,505.11
ORD007308,3,,10.0,-8.0,Beauty,Nzerekore,Mobile Money,,Male,New,January,122.47
ORD006310,7,525.8,,,Electronic,Conakry,Card,23.0,Male,New,July,3795.34
ORD002752,1,82.41,0.0,,Clothing,CONAKRY,Mobile Money,44.0,Female,Returning,February,80.77
ORD004769,2,12.05,10.0,3.0,Beauty, Conakry,Credit Card,39.0,Male,New,October,20.17
ORD000882,4,208.21,0.0,7.0, Electronics ,Kankan,Cash,27.0,M,New,July,886.56
ORD009255,4,33.91,5.0,9.0,Toys,Nzerekore,Cash Payment,30.0,Male,New,November,116.03
ORD006290,4,43.82,,7.0,Beuty,KANKAN,Mobile Money,38.0,Female,NEW,July,187.92
ORD001233,4,67.08,0.0,4.0,Beuty,Conakry,Card,16.0,Male,New,April,240.27
ORD001159,4,34.88,5.0,6.0,Toys ,KANKAN,Card,22.0,Male,New,July,151.28
ORD007182,5,111.31,5.0,4.0,Sport,Labe,Mobile Money,25.0,Male,New,February,530.26
ORD007424,1,57.59,20.0,3.0,Sports ,Conakry,,34.0,Female,New,June,43.15
ORD006340,2,,0.0,6.0,Beauty,Conakri,Card,33.0,Female,New,January,139.24
ORD007896,2,27.07,0.0,4.0,Toys,Conakry,Mobile Money,38.0,Female,Returning,July,54.69
ORD004878,3,29.85,10.0,3.0,Books, Conakry,Mobile Money,31.0,Female,New,May,69.39
ORD004129,2,-40.0,0.0,6.0,Sports,Kankan,Card,45.0,Female,New,January,159.83
ORD006663,3,109.7,0.0,3.0,Sports,Labe,Mobile Money,46.0,Male,New,January,379.45
ORD007124,3,328.93,0.0,1.0,Electronics,Boke,Card,53.0,Female,New,December,940.4
ORD001338,5,18.15,20.0,7.0,Food,BOKE,,,Male,New,December,65.52
ORD006589,5,22.06,10.0,6.0,Clothing,Conakri,Cash,47.0,Female,Returning,July,104.32
ORD009298,4,301.77,0.0,2.0,electronics,Conakri,Mobile Money,31.0,Female,New,February,1216.95
ORD000960,2,41.78,0.0,4.0,Beauty,Nzerekore,Mobile Money,45.0,Male,Returning,September,92.36
ORD000201,3,500000.0,5.0,5.0,Sports,Kankan,Mobile Money,16.0,Male,New,November,239.28
ORD005527,2,55.08,0.0,4.0,Books,Conakry,Card,34.0,Male,New,April,110.02
ORD005949,2,198.37,0.0,,Electronic, nzerekore ,,30.0,Female,New,July,385.7
ORD007101,2,57.93,0.0,5.0,Toys,Conakry,CARD,32.0,Female,NEW,June,122.78
ORD004979,5,47.24,0.0,2.0,BEAUTY,Boke,Card,41.0,Male,Returning,March,236.88
ORD002887,5,,0.0,3.0,toys,Kindia,Mobile Money,29.0,Female,New,December,212.0
ORD000568,2,41.58,15.0,3.0,Toys,Boke,Cash,33.0,F,New,August,72.88
ORD003425,4,115.24,5.0,2.0,home,Nzerekore,Cash,33.0,F,New,December,432.41
ORD007456,4,21.45,20.0,6.0,Books,Labe,Mobile Money,21.0,Female,New,May,67.67
ORD002711,6,69.38,0.0,4.0,Sports,Kankan,Credit Card,30.0,Male,New,November,393.19
ORD004634,4,53.45,5.0,,Clothing,Boke,Cash,46.0,Male,New,November,201.5
ORD002583,1,16.35,0.0,5.0,Books,Boke,Cash,37.0,Female,Returning,October,17.04
ORD007813,2,9.34,10.0,4.0,Food,BOKE,Card,43.0,Female,NEW,July,17.48
ORD000345,4,29.43,0.0,5.0,Toys,Labe,Cash,37.0,Female,New,January,130.25
ORD005349,3,58.12,0.0,3.0,Toys,KANKAN,Mobile Money,17.0,Female,New,June,171.05
ORD008813,1,14.09,10.0,2.0,Books,Boke,Cash,,Female,New,May,14.62
ORD000573,2,25.07,10.0,,Foood,Conakri,,26.0,Male,Returning,July,38.41
ORD006201,9,69.82,25.0,6.0,Sport,Kindia,Card,37.0,Male,Returning,February,494.25
ORD006534,4,10.01,0.0,,food,Labe,Cash,36.0,Male,Returning,November,40.27
ORD006203,4,15.23,30.0,5.0,Books,Kindia,CARD,31.0,Female,Returning,July,35.52
ORD009013,2,112.25,10.0,3.0,Sports,Kindia,Mobile Money,30.0,Female,Returning,September,199.38
ORD005524,6,28.02,,1.0,toys,Nzerekore,,28.0,Male,New,June,134.48
ORD009251,5,45.8,15.0,4.0,CLOTHING,Labe,Mobile Money,37.0,Male,Returning,January,204.58
ORD008697,6,13.07,0.0,7.0,FOOD,Conakry,Cash,45.0,Male,New,May,80.42
ORD007692,5,,0.0,5.0,Electronics,Kankan,Mobile Money,18.0,Female,Returning,September,1187.23
ORD008214,4,230.8,,3.0,Home,boke,Cash,38.0,Male,New,January,787.14
ORD003956,2,220.14,,2.0,Electronics,Nzerekore,Cash,48.0,Female,New,December,461.8
ORD000374,7,14.38,0.0,4.0,Books,Kankan,,44.0,Male,NEW,March,98.58
ORD009387,3,25.93,0.0,6.0,Toys,Kankan,,37.0,female,New,February,84.45
ORD006132,3,22.08,20.0,7.0,Food,Conakry,Mobile Money,16.0,Female,Returning,April,47.23
ORD009211,3,79.17,,4.0,Sport,Kankan,Mobile Money,20.0,Female,New,February,223.39
ORD004167,1,53.3,0.0,5.0,Clothing,Conakry,Card,29.0,Female,New,July,60.11
ORD000930,4,314.59,0.0,3.0,Electronics,Kankan,Cash Payment,36.0,Male,New,August,951.86
ORD009556,8,345.77,10.0,3.0, Electronics  ,Conakry,,,Male,New,September,2555.85
ORD004845,2,22.03,0.0,4.0,Books,boke,Mobile Money,33.0,Male,Returing,June,43.93
ORD005451,6,,0.0,7.0,Toys,Conakry,Mobile Money,27.0,Female,New,January,258.32
ORD001789,6,22.49,15.0,6.0,Book,Labe,Card,36.0,Male,NEW,April,118.92
ORD000967,5,131.47,0.0,4.0,Sports,Conakry,Card,35.0,Female,Returning,March,666.28
ORD006437,4,39.3,0.0,4.0,Toy,CONAKRY,Card,49.0,Male,New,April,161.42
ORD007538,2,31.17,15.0,3.0,Books,Conakry,Mobile Money,36.0,Female,Returning,November,51.16
ORD008507,3,366.12,20.0,8.0, Electronics,kindia,Card,28.0,M,Returning,November,823.66
ORD002703,3,171.1,30.0,5.0,home,kindia,Cash,22.0,Female,New,January,387.07
ORD008016,4,117.24,5.0,3.0,Electronics,Kankan,Mobile Money,31.0,Male,Returning,July,463.01
ORD008434,4,42.81,10.0,4.0,BOOKS,kankan,Cash,31.0,Male,New,February,151.56
ORD001382,250,27.67,15.0,,Toy,Kankan,Mobile Money,42.0,Male,Returning,July,169.67
ORD003233,7,65.68,10.0,4.0,Clothing,Kindia,Card,37.0,Male,Returning,June,400.53
ORD008088,7,356.8,5.0,2.0,Electronics,kindia,mobile money,23.0,Female,NEW,August,2242.56
ORD000518,3,395.19,0.0,7.0,electronics,Boke,Mobile Money,37.0,Female,Returning,May,1118.73
ORD006572,250,208.46,10.0,6.0,Electronics,LABE,MOBILE MONEY,,male,New,September,877.96
ORD006238,6,34.94,5.0,8.0,Books, CONAKRY ,MobileMoney,40.0,Male,Returning,January,235.51
ORD000230,-3,41.25,,1.0,Clothing,Kankan,Mobile Money,40.0,Male,Returning,June,203.26
ORD009181,5,45.21,0.0,2.0,Sports,Nzerekore,Card,32.0,female,New,February,232.66
ORD002176,5,,5.0,4.0,Toys,Conakry,Card,53.0,Female,New,January,313.41
ORD000361,3,115.89,0.0,4.0,Home,N'Zerekore,Card,34.0,M,New,September,358.11
ORD002373,4,,25.0,4.0,Electronics,Conakry,Cash,16.0,Female,New,March,606.29
ORD005763,7,79.44,0.0,, home ,Nzerekore,Card,29.0,Female,New,December,602.32
ORD000802,6,195.98,0.0,6.0,Electronics,kindia,Card,-12.0,Male,New,May,1238.44
ORD009311,2,24.17,,5.0,Food,Conakri,CARD,23.0,Female,Returning,October,52.65
ORD002078,1,11.86,15.0,4.0,Food,Conakry,Card,27.0,Female,Returning,January,8.55
ORD004640,1,12.88,0.0,2.0,Books,Kankan,Mobile Money,38.0,Female,New,September,13.67
ORD005857,4,21.85,0.0,5.0,Sports,Kankan,Mobile Money,,Male,New,September,87.17
ORD001467,1,82.94,20.0,4.0,Clothing,Kindia ,Mobile Money,17.0,MALE,New,June,77.52
ORD004409,3,290.36,0.0,6.0,Electronics,Nzerekore,Mobile Money,42.0,Male,New,September,882.43
ORD002643,3,121.39,10.0,7.0,Sports,Labe,Card,45.0,Female,New,February,323.6
ORD006116,3,15.35,0.0,5.0,FOOD, Kindia ,Card,35.0,Male,Returning,December,42.02
ORD001793,4,77.33,,5.0,Home,kindia,CASH,46.0,Male,New,June,273.52
ORD005146,2,16.83,15.0,3.0,Food,CONAKRY,Card,8.0,Male,Returning,December,24.43
ORD001363,5,21.96,5.0,,TOYS,Labe,Cash,,Female,Returing,June,115.42
ORD006185,6,17.18,0.0,2.0,Books,Conakry,Cash,35.0,Female,Returning,February,119.89
ORD001255,4,13.51,0.0,,beauty,Labe,CARD,16.0,MALE,New,August,57.64
ORD005397,6,30.47,0.0,3.0,Toys,Boke,Card,-12.0,Male,Returning,February,164.86
ORD008187,2,31.27,0.0,4.0,Toys,Boke,Cash Payment,34.0,Female,New,October,64.71
ORD000007,4,19.59,15.0,,Beauty,Nzerekore,Card,25.0,FEMALE,New,July,69.87
ORD008152,2,198.78,0.0,4.0,Home,Conakry,mobile money,42.0,Female,New,March,364.11
ORD001851,7,128.53,,7.0,Home,Nzerekore,card,,Female,Returning,November,931.01
ORD002858,4,158.33,0.0,6.0,Electronics,Labe,Mobile Money,16.0,Female,New,July,579.22
ORD006170,3,24.8,0.0,10.0,Book,Labe,Cash Payment,29.0,Male,Returning,May,69.08
ORD008798,3,33.52,0.0,5.0,Toys,Kankan,Cash Payment,31.0,female,New,February,105.89
ORD005937,2,131.08,0.0,4.0,HOME,CONAKRY,Cash,27.0,Male,New,October,222.54
ORD000281,3,69.21,10.0,4.0,Beauty,conakry,Card,30.0,Female,New,August,173.82
ORD005398,5,20.75,0.0,4.0,Books,Labé,mobile money,30.0,Male,Returing,December,97.61
ORD002780,4,30.54,0.0,8.0,Toy,Kankan,card,23.0,Male,Returning,June,137.34
ORD006576,4,21.89,15.0,9.0,Toys,KANKAN,Card,16.0,Female,NEW,November,65.65
ORD008553,1,149.75,5.0,4.0,Home, Conakry,Cash,44.0,Male,New,January,151.31
ORD005231,7,91.51,0.0,4.0,Sports,BOKE,Card,8.0,Male,New,October,646.1
ORD004566,3,265.01,0.0,,Electronics ,Boke,mobile money,21.0,Female,New,April,901.79
ORD001130,2,164.25,5.0,3.0,electronics,NZEREKORE,Mobile Money,37.0,Male,New,August,329.16
ORD004357,5,14.28,5.0,4.0,Book,Nzerekore,Mobile Money,,FEMALE,New,March,64.27
ORD002824,5,53.28,0.0,3.0,Beauty,Nzerekore,CASH,27.0,Female,Returning,January,232.85
ORD006474,1,36.09,0.0,5.0, Beauty ,N'Zerekore,Mobile Money,51.0,Male,Returning,January,35.45
ORD008213,2,19.77,0.0,6.0,Books,Nzerekore,Mobile Money,27.0,Male,Returning,December,37.52
ORD001703,7,,,6.0,Beuty,Boke,Cash,32.0,Female,RETURNING,March,501.15
ORD006639,2,284.89,0.0,5.0,Electronics ,CONAKRY,Cash,53.0,Male,New,October,547.33
ORD001388,2,376.31,25.0,6.0,Electronics,Kindia,Cash,17.0,Male,New,January,568.96
ORD004277,3,22.65,0.0,4.0,Books,Boke,,25.0,Male,Returning,February,65.81
ORD006547,5,39.51,15.0,3.0,CLOTHING,Boke,mobile money,35.0,Male,Returning,October,158.31
ORD007715,4,20.71,0.0,1.0,food,Conakry,Mobile Money,32.0,male,New,November,77.08
ORD004068,4,203.85,10.0,3.0,Electronics ,Kankan,MobileMoney ,53.0,Female,New,July,670.67
ORD000487,3,13.91,5.0,7.0,Books,Labé,CARD,28.0,Male,New,August,38.59
ORD005094,4,79.64,0.0,3.0,home,Kankan,Card,38.0,Male,New,October,317.48
ORD005629,3,21.7,0.0,8.0,Beauty,KINDIA,card ,24.0,Female,New,May,63.08
ORD008546,5,203.35,0.0,3.0,Electronics,Kankan,Cash,,female,New,March,1021.18
ORD003744,6,239.49,5.0,4.0,Electronics,CONAKRY,Cash,40.0,Female,New,April,1269.24
ORD003376,5,34.07,0.0,3.0,Clothing,Boke,,29.0,Male,Returning,May,179.8
ORD004528,4,31.4,0.0,4.0,Toy,boke,Cash Payment,36.0,Female,new,June,126.09
ORD005968,4,58.01,0.0,7.0,Clothing,Kindia,Mobile Money,43.0,female,New,November,212.17
ORD000570,2,,0.0,5.0,Beauty,BOKE,MobileMoney,18.0,female,New,July,112.86
ORD001501,2,26.5,20.0,5.0,Food,Conakry,Mobile Money,30.0,Female,New,October,39.97
ORD000088,1,21.83,0.0,4.0,Books,Boke,Card,,Male,Returning,October,23.08
ORD003961,5,20.81,0.0,6.0,Books,Conakry,Cash,37.0,Male,Returning,February,114.02
ORD007521,2,15.84,0.0,5.0,Food,Labe,Mobile Money,37.0,Male,New,October,31.23
ORD009528,5,67.71,0.0,150.0,sports,Kindia,CASH,40.0,Female,New,October,335.06
ORD005327,4,57.46,10.0,6.0,Clothing,Labe,MobileMoney,21.0,Male,Returning,May,223.24
ORD002529,2,42.61,0.0,4.0,Beauty,KINDIA,MobileMoney,43.0,Female,Returning,July,79.38
ORD004451,4,89.09,0.0,3.0,Clothing,Kindia,card,16.0,Male,Returning,January,321.62
ORD001950,2,390.79,,3.0,Eletronics,NZEREKORE,Credit Card,45.0,Male,New,May,848.07
ORD001826,10,52.05,0.0,6.0,Toys,Labe,Card,47.0,F,Returning,November,452.59
ORD004139,2,,0.0,2.0,Beauty,Conakry,Mobile Money,51.0,Female,Returning,July,121.22
ORD008939,4,104.75,0.0,1.0,Sports,Conakry,card,16.0,MALE,Returning,August,475.9
ORD002922,3,12.39,,2.0,Cloting,Nzerekore,CASH,35.0,Female,NEW,January,29.47
ORD007892,3,19.98,0.0,4.0,Clothing,conakry,Cash,37.0,Male,Returning,September,61.38
ORD002267,8,,0.0,2.0,Sports,kindia,Card ,31.0,Female,Returning,March,416.85
ORD006560,5,243.23,25.0,6.0,electronics,nzerekore,Cash,22.0,Female,New,June,895.72
ORD005823,4,-40.0,0.0,1.0, Beauty ,Conakry,CARD,,Male,Returning,December,370.57
ORD009395,2,110.5,0.0,3.0,Sports,Kindia,MobileMoney,28.0,Male,New,February,214.22
ORD006141,10,61.86,0.0,6.0,Home,Conakri,Card,42.0,Female,new,October,635.94
ORD004018,3,116.16,0.0,6.0,Home,kindia,Cash,32.0,Male,returning,April,344.14
ORD005567,5,,,1.0,Clothing,Boke,Cash,57.0,Female,Returning,September,342.16
ORD009615,6,29.29,25.0,5.0,Toys,Labe,Mobile Money,26.0,Male,New,January,146.43
ORD001784,4,,0.0,6.0,Food,Conakry,Cash,39.0,Female,New,February,87.09
ORD001083,3,109.82,0.0,3.0,clothing,Conakry,,42.0,Female,New,August,317.71
ORD004952,4,61.94,0.0,5.0,Clothing,Conakry, Cash ,36.0,Female,new,August,225.39
ORD000265,5,109.08,10.0,5.0,Home,Kindia,card,16.0,female,New,August,522.98
ORD009008,4,76.33,0.0,4.0,Electronics,labe,Mobile Money,22.0,Male,New,September,299.19
ORD004360,4,154.07,0.0,5.0,Hom,Kindia,Cash,16.0,Female,New,July,560.05
ORD001106,7,22.57,,,Food,Conakry,card,46.0,Male,Returning,June,132.25
ORD004583,3,18.72,0.0,4.0,Books, Conakry,card,41.0,F,Returning,August,48.74
ORD006960,5,45.78,10.0,4.0,Beauty,Kindia,Cash,26.0,Male,Returning,September,166.0
ORD008663,5,158.47,0.0,4.0,home,BOKE,Mobile Money,25.0,Female,New,September,791.43
ORD005040,7,136.6,15.0,1.0,Home,Labe,Card,26.0,Male,Returning,April,818.89
ORD001585,4,15.93,0.0,6.0,Books,Labe,Mobile Money,31.0,Female,Returning,August,62.53
ORD003238,3,122.59,0.0,6.0,Home,Kankan,Card,31.0,Male,Returning,April,325.18
ORD001375,3,500000.0,0.0,3.0,Electronics ,Boke,MOBILE MONEY,36.0,Male,New,July,874.24
ORD005820,5,25.1,0.0,3.0,Books,Conakry,Card,31.0,Female,Returning,January,115.36
ORD002429,2,215.07,0.0,6.0,Electronics, Conakry ,Card,44.0,Female,Returning,May,420.81
ORD007400,4,416.89,0.0,4.0,Electronics,Kindia,MOBILE MONEY,50.0,Male,New,May,1551.56
ORD003574,6,56.69,10.0,8.0,Cloting,Kindia,Cash,,Female,NEW,December,305.53
ORD009600,4,26.49,,7.0,Toys,Boke,Card,24.0,Female,New,October,74.58
ORD006479,7,112.91,0.0,2.0,Home,Kindia,Mobile Money,29.0,Female,returning,December,780.78
ORD000638,4,436.84,0.0,6.0,Electronics,Labé,,26.0,Female,New,September,1750.42
ORD008692,4,69.58,15.0,4.0,Clothing,Conakry,Cash,22.0,Female,New,September,222.12
ORD009611,5,41.43,5.0,3.0,Toys,Boke,CASH,33.0,Female,New,August,198.75
ORD006885,3,23.58,10.0,,Books,Conakry,Mobile Money,34.0,Female,new,May,62.1
ORD007231,5,6.69,0.0,2.0,Food,Conakry,Cash,27.0,Male,New,February,30.84
ORD005465,4,47.85,0.0,4.0,TOYS,Boke ,,31.0,Male,Returning,November,187.17
ORD003623,3,9.51,0.0,6.0,FOOD,Kindia,MOBILE MONEY,30.0,Female,Returning,May,28.87
ORD000842,8,3.85,0.0,8.0,Food,Kindia,,16.0,Female,Returning,November,31.27
ORD002180,3,91.99,,6.0,Clothing,Kindia,Cash,26.0,Female,Returning,May,297.7
ORD009441,2,76.74,0.0,4.0,Cloting,nzerekore,Card,43.0,Male,NEW,June,140.65
ORD008160,5,97.54,5.0,8.0,Home,Nzerekore,,21.0,Female,New,July,474.63
ORD007946,2,,0.0,5.0,food,Conakry,Card,16.0,Male,RETURNING,May,30.26
ORD003619,4,50.93,5.0,4.0,Clothing,Labe,Mobile Money,29.0,Male,New,April,187.84
ORD002294,5,,0.0,4.0,Books,Conakry,Card,42.0,Female,Returning,October,114.36
ORD007187,6,29.97,25.0,2.0,books,BOKE,Mobile Money,18.0,Male,Returning,April,138.02
ORD002895,7,130.69,0.0,6.0,Home,Conakry,,40.0,Female,New,April,939.1
ORD008331,3,64.46,,4.0,Cloting,Labe,Card,27.0,Male,Returning,November,207.31
ORD001470,6,43.09,0.0,2.0,Toy,Boke,Mobile Money,16.0,Male,New,February,241.99
ORD004195,3,116.58,0.0,3.0,SPORTS,Boke,MOBILE MONEY,27.0,Female,Returning,March,329.7
ORD001768,3,,0.0,3.0,Sports,Kindia,MobileMoney,16.0,Male,Returning,July,192.9
ORD005388,5,146.77,20.0,4.0,Home,CONAKRY,Cash,23.0,Male,New,November,664.68
ORD008544,7,76.67,10.0,4.0,Beauty,BOKE ,MobileMoney,36.0,Female,Returning,December,572.34
ORD002096,4,61.74,0.0,8.0,SPORTS,Kankan,Mobile Money,34.0,Female,New,December,242.04
ORD000566,4,215.78,0.0,5.0,HOME, Conakry ,Mobile Money,,Female,New,February,822.15
ORD007386,4,33.02,0.0,3.0,toys, Conakry,Mobile Money,26.0,Female,Returning,June,121.7
ORD000119,2,59.16,0.0,3.0,Beauty,Conakry,Card,47.0,Male,New,January,117.7
ORD001063,6,44.6,10.0,5.0,CLOTHING,Nzerekore,Card,19.0,Female,New,March,274.63
ORD006497,4,27.25,0.0,7.0,Books,Boke ,Cash,41.0,Female,Returning,December,109.58
ORD007221,8,20.62,0.0,4.0,Book,Nzerekore,Mobile Money,16.0,Male,New,July,191.48
ORD007219,3,13.37,0.0,2.0,Food,KINDIA,Card,16.0,Female,Returning,September,36.93
ORD000255,4,23.97,,4.0,Books,Kankan,Cash,16.0,Male,Returning,October,94.86
ORD006142,1,128.65,-20.0,7.0,Hom,Nzerekore,Cash,35.0,FEMALE,Returning,April,140.82
ORD008397,6,,0.0,7.0,SPORTS,kindia,CASH,38.0,Female,Returning,January,426.56
ORD008317,8,86.27,5.0,5.0,Sports,Boke,Card,33.0,Female,Returning,November,685.5
ORD001852,5,1.05,0.0,7.0,Toys,Boke,Card,27.0,Male,New,November,5.61
ORD002932,3,61.58,10.0,2.0,Clothing,Labé ,Mobile Money,,Male,New,October,171.14
ORD004685,2,4.0,15.0,4.0,Books,Boke,Cash,36.0,Male,Returning,August,7.44
ORD006169,7,37.34,5.0,7.0,Clothing,boke,Cash,42.0,M,Returning,February,231.44
ORD004263,3,141.73,0.0,3.0,HOME, kankan ,,23.0,Male,Returning,August,341.6
ORD006264,2,123.02,0.0,7.0,Electronics,Kankan,Cash,25.0,Male,New,August,254.4
ORD002531,5,91.79,0.0,2.0,Sports,Conakry,Cash,180.0,Female,Returning,June,440.0
ORD001611,2,42.75,30.0,6.0,Beauty,Kindia,Cash,50.0,Male,Returning,December,61.4
ORD003690,4,59.78,5.0,7.0,clothing,Nzerekore,MOBILE MONEY,39.0,Female,Returning,September,236.2
ORD001630,1,281.83,,2.0,Electronics,Conakri,Cash,28.0,male,New,October,241.91
ORD006388,4,67.21,15.0,7.0,Cloting,Boke,,37.0,Male,Returning,February,219.92
ORD008438,5,13.72,0.0,,Books,Kankan,Card,40.0,Male,New,November,74.91
ORD000682,7,13.92,0.0,1.0,food,Boke,Card,31.0,male,New,December,98.33
ORD000709,4,69.52,0.0,4.0,Sports, Conakry,,22.0,Male,NEW,May,234.54
ORD005166,4,82.99,0.0,5.0,Clothing,Kindia,Mobile Money,36.0,Female,Returning,August,325.39
ORD005258,2,583.4,25.0,3.0,Electronics ,Conakry,Cash,25.0,Male,New,March,830.7
ORD007315,2,41.25,0.0,-8.0,Sports,Kankan,Card,47.0,Male,New,July,76.18
ORD002461,4,104.68,0.0,4.0,Sports,Conakry,Card,30.0,Female,Returning,August,419.27
ORD003720,4,29.55,0.0,5.0,Books,Kankan,Cash,40.0,Female,New,August,112.98
ORD002503,4,97.61,0.0,3.0,Clothing,Conakry,Mobile Money,44.0,Male,Returning,August,351.72
ORD001400,3,139.88,0.0,5.0,Sports,Conakry,Cash,36.0,Male,Returning,March,417.12
ORD002989,1,16.19,,6.0,Foood,Nzerekore,Credit Card,45.0,Male,New,December,16.64
ORD005074,5,65.17,0.0,5.0,beauty,Conakry,MOBILE MONEY,34.0,Male,New,May,325.76
ORD005143,2,81.23,10.0,4.0,Hom,Nzerekore,Mobile Money,38.0,Male,New,February,152.96
ORD001547,1,251.61,0.0,7.0,Eletronics,nzerekore,Card,43.0,Female,new,March,240.51
ORD000481,6,37.75,0.0,4.0,Beauty,Kindia, Card ,22.0,Male,Returning,August,217.58
ORD008443,4,,10.0,9.0,Books ,Nzerekore,MobileMoney,-12.0,Male,Returning,March,100.24
ORD007006,2,34.93,0.0,4.0,beauty,kankan,MOBILE MONEY,23.0,Male,New,August,67.46
ORD006324,3,161.8,0.0,4.0,Sports,CONAKRY,Cash,30.0,Female,New,February,498.33
ORD006958,2,58.15,0.0,3.0,Sports,Kankan, Cash ,31.0,Male,NEW,May,105.72
ORD007220,5,28.37,15.0,5.0,Toys, Conakry,Card,36.0,Female,Returning,March,133.31
ORD007551,4,112.83,0.0,4.0,Sports,Conakry,Card,25.0,Male,NEW,April,477.62
ORD006797,10,142.81,15.0,3.0,SPORTS,Boke,Card,,F,Returning,December,1245.26
ORD002081,5,,0.0,5.0,SPORTS,Nzerekore,Card,,Female,Returning,June,444.27
ORD007419,5,241.49,0.0,4.0,Electronics,Kankan,Card,27.0,FEMALE,Returning,February,1183.23
ORD006679,5,62.63,10.0,6.0,SPORTS,Kindia,cash,22.0,Female,New,July,283.43
ORD005240,7,74.33,0.0,,Sports,Labé,Mobile Money,43.0,Male,New,March,554.52
ORD002537,6,29.9,0.0,4.0,Books,Conakry,Card,38.0,Female,Returning,April,193.15
ORD002470,3,109.58,10.0,6.0,Home,Kindia,Card,24.0,Female,New,December,275.81
ORD002666,9,123.8,10.0,,Home,KINDIA,CARD,27.0,Female,New,July,1041.99
ORD000874,5,30.08,,,Toys,Nzerekore,Card,,Male,Returning,May,135.42
ORD000357,4,169.62,5.0,2.0,Hom,Conakri,Mobile Money,54.0,Female,New,July,636.35
ORD007737,2,269.53,,5.0,Electronics,BOKE,CASH,29.0,Female,New,March,442.96
ORD001324,2,48.41,15.0,2.0,Toys,CONAKRY,Mobile Money,47.0,Female,returning,February,91.08
ORD002206,5,29.26,0.0,4.0,Book,Boke,mobile money,32.0,FEMALE,New,May,147.94
ORD004462,4,180.54,25.0,8.0,Electronics ,Nzerekore,Mobile Money,28.0,female,Returing,July,487.6
ORD009359,2,,10.0,3.0,sports,Kindia,cash,22.0,Male,New,December,200.04
ORD002535,6,,0.0,6.0,Beauty,Boke, Credit Card ,29.0,Male,New,June,269.62
ORD001816,250,79.48,10.0,,Sports,boke,Cash,24.0,Female,New,August,227.59
ORD009663,7,484.51,0.0,5.0,Electronics,kindia,Mobile Money,32.0,M,Returning,August,3654.75
ORD006173,3,44.69,0.0,5.0,TOYS, Kindia ,Card,52.0,M,Returning,December,133.54
ORD007372,4,7.68,10.0,6.0,Books,Nzerekore,Credit Card,27.0,Male,Returning,March,30.55
ORD005770,5,36.03,0.0,4.0,Beauty,Boke,Cash,31.0,Male,RETURNING,November,193.15
ORD006721,4,12.24,10.0,1.0,Food,Kindia,Card,27.0,M,Returning,December,41.67
ORD009361,5,114.38,0.0,6.0, Sports ,KINDIA,MOBILE MONEY,-12.0,Male,Returning,May,562.04
ORD003400,2,405.54,10.0,3.0,Electronics,Conakry,Card,30.0,Male,Returning,November,609.3
ORD000400,3,,0.0,5.0, Electronics ,nzerekore,Cash Payment,47.0,Male,Returning,April,619.81
ORD000639,8,16.09,0.0,,Beauty,Kindia,MOBILE MONEY,54.0,Male,Returning,November,116.01
ORD002119,7,29.92,10.0,6.0,Toys,Labe,CASH,46.0,Male,Returning,November,191.7
ORD009215,3,86.76,0.0,5.0,Clothing,Boke,Cash,25.0,Male,Returning,September,282.42
ORD008189,5,22.17,15.0,6.0,Books,Labe,Cash,34.0,MALE,New,March,83.73
ORD001262,3,16.88,0.0,4.0,Beauty,Conakry,Mobile Money,46.0,Female,RETURNING,September,51.42
ORD009590,4,33.65,0.0,6.0,Toys,Labe,Card,32.0,Female,Returning,December,139.62
ORD004677,6,32.97,0.0,1.0,Toys,Kindia,Card,39.0,Female,Returning,January,175.74
ORD002633,4,26.3,15.0,2.0,Food,Conakry,mobile money,30.0,Male,New,August,90.42
ORD009625,4,51.37,0.0,5.0, Clothing ,Kindia,Cash,25.0,Male,Returning,September,217.38
ORD005510,5,148.17,20.0,7.0,Electronics,Kankan,Card,33.0,Male,New,May,703.12
ORD002945,5,127.69,0.0,1.0, Home ,labe,Mobile Money,16.0,Male,Returning,June,689.16
ORD009497,4,25.66,5.0,5.0,Home,Kindia,mobile money,31.0,Male,Returning,June,91.04
ORD000888,3,20.58,0.0,,Foood,Kindia,Mobile Money,34.0,Male,Returning,March,62.35
ORD003140,6,,10.0,1.0,Beauty,kankan ,Cash,26.0,Female,New,October,214.06
ORD006251,2,131.83,5.0,1.0,Home,Kankan,Card ,28.0,Male,Returning,March,248.72
ORD000114,6,97.2,10.0,5.0,Sports,Kindia,Card,40.0,Female,New,December,546.18
ORD004358,5,7.02,0.0,2.0,BOOKS,Kindia,mobile money ,28.0,female,New,March,36.15
ORD000268,1,49.89,0.0,3.0,Clothing ,Kankan,Cash,39.0,Male,Returning,September,40.27
ORD002882,4,55.25,5.0,,Clothing ,Labe,Cash ,35.0,Female,New,September,188.12
ORD001500,5,23.03,10.0,1.0,Food, Conakry ,Cash,31.0,Male,New,October,99.85
ORD001314,6,35.25,250.0,8.0,Books,Boke,,32.0,Male,Returning,May,182.33
ORD002372,2,,0.0,7.0,Home,BOKE,Card,18.0,MALE,returning,February,300.64
ORD003424,3,101.44,250.0,3.0,Sports,Kankan,Cash,22.0,Female,New,June,208.43
ORD007436,3,6.45,0.0,4.0,Books,Labe,Card,,Female,new,December,19.49
ORD006154,1,175.18,0.0,3.0,Eletronics,Conakry,Card,27.0,Female,New,June,176.0
ORD008837,5,47.59,15.0,8.0,Clothing,Conakry,mobile money,16.0,Female,Returning,May,203.55
ORD006011,5,29.75,0.0,6.0,Toy,Kindia,Cash,,Female,New,February,148.46
ORD005988,5,23.43,20.0,2.0,Beauty,kindia,Cash,44.0,Female,Returning,November,84.62
ORD005862,3,46.21,0.0,7.0,Clothing,Labe,Cash,26.0,male,New,March,149.39
ORD002567,6,28.67,0.0,,Books,Conakry,Mobile Money,20.0,Female,New,May,146.01
ORD006517,4,38.89,10.0,2.0,CLOTHING ,Labe,MOBILE MONEY,42.0,Male,New,February,140.34
ORD003446,5,,0.0,,Books, Conakry,Cash,34.0,Female,Returning,February,179.46
ORD000793,2,44.51,0.0,3.0,toys,CONAKRY,Mobile Money,26.0,M,Returning,July,93.01
ORD006137,5,70.79,-20.0,4.0,Beuty,Boke,card,29.0,female,Returning,October,250.39
ORD002566,3,30.98,30.0,2.0,Books,Conakry,Cash,34.0,Female,Returning,February,69.79
ORD002835,250,,10.0,5.0,Foood,Nzerekore,Card,16.0,Female,Returning,February,107.47
ORD007180,3,,0.0,3.0,Food,Boke,Cash,20.0,Female,New,August,26.18
ORD009499,5,20.51,20.0,4.0,Food,Kankan,CARD,43.0,Female,Returning,February,84.86
ORD007258,3,204.28,0.0,,electronics,conakry,Credit Card,20.0,Male,New,February,629.79
ORD004741,4,16.62,10.0,4.0,food,Kankan,Mobile Money,20.0,male,New,October,61.78
ORD003807,6,367.12,0.0,2.0,Electronics,Conakry,Card,45.0,Male,Returning,September,2185.63
ORD001696,5,107.06,,6.0,Hom,N'Zerekore,Credit Card,25.0,Male,Returning,March,512.57
ORD004148,2,,0.0,5.0,Toys,Boke,Cash,23.0,Female,Returning,August,94.14
ORD007709,3,254.3,0.0,4.0,Electronics,kindia,mobile money,28.0,M,Returning,July,798.41
ORD005989,4,,0.0,2.0,Hom,Boke,Mobile Money,30.0,Male,Returning,June,437.72
ORD008455,4,241.78,5.0,1.0, Electronics ,Kankan,Card,27.0,Male,New,April,853.33
ORD005921,7,27.56,10.0,-8.0,toys ,N'Zerekore,,42.0,Male,New,January,184.32
ORD001779,5,179.03,5.0,7.0,Electronics,Boke, Card ,,Male,New,January,942.12
ORD002056,4,34.48,0.0,7.0,SPORTS,Labe, MOBILE MONEY ,48.0,Male,Returning,May,135.75
ORD004771,2,79.26,0.0,8.0,Home,Kankan,Mobile Money,46.0,FEMALE,new,November,167.25
ORD008378,4,86.69,10.0,5.0,Toys,Conakry,Cash,8.0,Female,Returning,January,301.58
ORD002197,4,107.49,15.0,3.0,Sports,Boke,Mobile Money,40.0,M,New,March,392.88
ORD005852,4,91.16,5.0,6.0,Sports,Kindia,Cash,46.0,Female,New,May,310.29
ORD006805,1,339.33,10.0,10.0,Electronics,Boke,Cash,40.0,female,returning,May,321.35
ORD003188,3,,0.0,5.0,Clothing,Boke,CASH,45.0,Female,New,November,246.57
ORD001628,5,34.78,0.0,4.0,BEAUTY,Boke,CARD,38.0,Female,Returning,August,174.49
ORD001332,2,38.02,0.0,8.0,TOYS,CONAKRY,Card,,Female,New,October,66.41
ORD002227,5,10.17,0.0,4.0,Food,Kindia ,Mobile Money,46.0,Female,new,June,48.5
ORD005662,3,-40.0,,5.0,ELECTRONICS,Kankan,Card,27.0,F,New,December,964.44
ORD007706,1,233.56,,3.0,home,Conakry,Cash,45.0,Male,Returning,August,169.92
ORD004493,6,27.76,0.0,3.0,Books,Kindia,Card,36.0,Male,Returning,May,181.62
ORD000279,8,32.92,10.0,2.0,Beauty,Nzerekore,CARD,39.0,Female,New,October,212.5
ORD006914,1,402.93,0.0,5.0, Electronics,Conakry,Mobile Money,23.0,Female,NEW,December,412.88
ORD004147,4,31.21,0.0,3.0,Beauty,Kankan,Card,39.0,F,Returning,January,116.39
ORD007165,2,111.59,5.0,,Electronics,Kankan,Cash,32.0,Male,Returning,June,241.91
ORD004519,4,23.91,0.0,3.0,Beauty,Kindia,Cash,30.0,Female,Returning,April,93.03
ORD007302,8,45.25,0.0,2.0,Beauty,Boke,Cash,38.0,Female,New,September,336.49
ORD009222,7,2.14,250.0,,Food,CONAKRY,cash,55.0,Male,Returning,September,13.84
ORD001729,2,,0.0,2.0,Eletronics,Conakri,Cash,32.0,Male,returning,November,1289.75
ORD000662,5,138.8,20.0,3.0,Home,conakry,Cash,42.0,Male,New,September,663.45
ORD004909,3,44.49,25.0,7.0,BEAUTY,Boke,Cash,34.0,Male,Returing,May,93.33
ORD008050,4,10.44,0.0,11.0,Food,Kindia,Cash Payment,48.0,Male,Returning,May,49.66
ORD007889,4,335.08,,,Electronics,Kankan,Card,21.0,Female,Returning,February,1241.93
ORD004159,2,20.94,0.0,4.0,Books,LABE,Mobile Money,25.0,Male,Returning,April,46.19
ORD000435,1,123.33,5.0,5.0,Home,Kankan,Card ,43.0,Male,Returning,September,111.92
ORD001272,2,50.37,5.0,8.0,Sports,Labe,Card,34.0,Female,Returing,February,107.7
ORD000078,4,64.35,0.0,5.0,Toys,Kindia,Card,49.0,Male,Returning,July,269.55
ORD006422,1,17.42,,8.0,Books,Kankan,,43.0,Female,Returning,October,12.85
ORD006753,5,24.05,15.0,6.0,Books,Kankan,Cash,31.0,Male,New,January,99.73
ORD001257,4,128.16,5.0,1.0,Sports, Kankan ,Cash,30.0,Female,Returning,August,417.58
ORD001047,5,15.68,15.0,4.0,Food,Labe,Mobile Money,-12.0,Male,New,March,67.92
ORD004920,4,35.78,10.0,7.0,Book,Conakry,Cash,34.0,Female,Returning,December,133.63
ORD002939,4,53.87,10.0,6.0,Toys,conakry,Mobile Money,20.0,male,New,October,207.62
ORD002744,4,68.04,0.0,3.0,Home,Nzerekore, Mobile Money ,40.0,Male,New,October,284.66
ORD006882,3,12.05,5.0,5.0,Food,NZEREKORE,Card,51.0,M,Returing,April,33.69
ORD003785,2,23.78,0.0,, Books ,Nzerekore,CASH,32.0,Female,Returning,January,41.75
ORD006672,6,58.94,0.0,-8.0,Beauty,Boke,Credit Card,29.0,Female,New,August,392.58
ORD004782,4,26.91,,2.0,toys,Kindia,Mobile Money,55.0,Male,New,April,96.87
ORD009662,6,219.35,0.0,3.0,electronics,Labe,Cash,44.0,Female,New,February,1286.38
ORD008322,4,53.6,0.0,2.0,Beauty,Conakry,Mobile Money,36.0,Male,Returning,September,228.39
ORD000547,3,71.02,0.0,3.0,Sports,Boke,Card,22.0,Female,New,March,225.05
ORD009668,5,84.25,0.0,4.0,SPORTS,CONAKRY,Card,33.0,Male,New,August,449.05
ORD003832,2,311.35,0.0,4.0,Electronics,boke,Cash,46.0,Female,NEW,February,568.27
ORD003916,3,36.99,0.0,6.0,TOYS,Kindia, Card ,39.0,Male,New,July,102.79
ORD003457,250,94.64,5.0,5.0,Sports,N'Zerekore,cash,31.0,Male,Returning,April,269.43
ORD004008,3,38.95,0.0,5.0,toys,BOKE,Mobile Money,24.0,F,Returning,July,124.41
ORD001125,5,228.39,-20.0,4.0,Home,Conakry,Mobile Money,34.0,Male,New,November,1011.3
ORD007423,6,215.07,10.0,4.0,Home,Conakry,Card,,Female,Returning,July,1153.98
ORD000768,6,500000.0,0.0,,Electronics,Conakry,Card,31.0,Male,Returning,March,3070.44
ORD001175,6,39.3,0.0,1.0,Beauty,Conakry,Mobile Money,,Male,New,June,216.79
ORD009232,4,41.02,10.0,4.0,books, Conakry ,Cash ,39.0,Female,new,March,127.71
ORD007507,3,,0.0,6.0,Toys,Kindia,Cash,20.0,Male,New,October,81.23
ORD008442,4,19.71,0.0,3.0,Toys,Boke,Mobile Money,31.0,Female,New,June,82.27
ORD000263,2,500000.0,0.0,7.0,Toy,Kankan,Mobile Money,36.0,male,New,March,75.54
ORD001020,1,100.58,5.0,8.0,Clothing,Conakry,,31.0,Female,New,November,91.7
ORD005048,10,38.14,15.0,4.0,Toys, Conakry,Mobile Money,40.0,Male,Returning,March,321.31
ORD003875,2,29.1,0.0,6.0,Beuty,Nzerekore,,,MALE,RETURNING,August,60.71
ORD004739,3,97.74,0.0,6.0,Sports,KINDIA,Card ,39.0,Female,New,May,311.84
ORD001013,7,12.28,0.0,2.0,food,Kankan,Mobile Money,32.0,Female,Returning,July,88.19
ORD000737,5,200.16,0.0,2.0, Home ,Conakry,Cash,30.0,male,New,April,1048.13
ORD002241,3,245.9,0.0,2.0,Electronics,Boke,Cash,35.0,Female,New,September,735.95
ORD005705,5,64.49,,4.0,Beauty,CONAKRY,Cash,16.0,Male,New,October,269.88
ORD007261,6,77.7,0.0,5.0,Clothing,Conakri,Cash Payment,16.0,Male,returning,June,422.9
ORD005871,4,102.77,0.0,5.0,Home,BOKE,Mobile Money,20.0,Male,New,February,380.92
ORD004457,5,56.23,10.0,9.0,Clothing,Boke,MobileMoney,,Male,Returning,November,237.68
ORD003869,5,165.95,0.0,2.0,Sports,Conakry,Cash,46.0,Female,New,April,794.88
ORD003110,9,80.54,10.0,6.0,Beauty,Conakry,Card,36.0,Female,New,July,631.85
ORD005654,3,1.0,0.0,5.0,Sports,kindia,Cash,29.0,Female,Returning,June,2.9
ORD005753,4,86.5,0.0,7.0,Home,Nzerekore,Mobile Money,37.0,Female,RETURNING,November,304.98
ORD003007,1,40.77,15.0,8.0,Toy,Boke,Cash,63.0,Female,New,March,36.19
ORD004681,5,146.96,10.0,4.0,Home,Conakry, Card ,21.0,Male,Returing,March,662.57
ORD006706,250,120.58,10.0,8.0,sports,Boke,Mobile Money,41.0,Female,Returning,January,587.06
ORD002911,2,108.49,30.0,5.0,Cloting,Conakry,Cash,32.0,Female,returning,January,150.06
ORD004558,4,1.9,10.0,3.0,Books,Conakry,card,16.0,Female,New,January,6.85
ORD006383,8,,0.0,4.0, Beuty ,Conakry,Cash,26.0,Female,returning,February,277.04
ORD004764,2,47.82,0.0,1.0,Clothing,Boke,Card,28.0,male,Returning,January,102.97
ORD003121,6,40.64,25.0,,Toys, Conakry,Mobile Money,44.0,Male,Returning,September,182.76
ORD008463,4,100.29,0.0,4.0,Home,Nzerekore,Cash,29.0,F,Returning,August,417.24
ORD004717,4,223.48,0.0,4.0,ELECTRONICS,Conakry,Card,24.0,Female,New,January,882.45
ORD006782,1,,0.0,2.0,Clothing,Conakry,Cash,32.0,Female,Returning,May,33.92
ORD001506,4,38.82,0.0,1.0,Beauty,Conakry,MOBILE MONEY,27.0,Female,New,February,118.09
ORD006209,7,19.94,20.0,6.0,Sports,Conakri, Cash ,48.0,Male,New,July,97.3
ORD005008,3,153.16,0.0,5.0,Home,Conakry,Mobile Money,,Female,New,March,474.36
ORD003241,2,80.16,10.0,7.0,Clothing,Conakry,Cash,37.0,Male,Returning,November,118.41
ORD004520,3,36.16,20.0,6.0,TOYS,labe,Cash,32.0,Male,New,September,92.22
ORD004236,3,46.57,30.0,5.0,beauty,Conakry,Cash,40.0,Female,New,November,90.9
ORD000415,2,13.22,0.0,5.0,Books,Labe,Card,40.0,Female,New,December,27.97
ORD007048,6,181.3,,3.0,Home,Conakry,Cash,38.0,Female,Returning,May,986.93
ORD006920,4,77.54,0.0,4.0,Home,BOKE,Cash Payment,,Female,NEW,October,299.74
ORD001424,5,47.18,0.0,2.0,Beauty,Conakry,Card,22.0,M,Returning,December,229.59
ORD009342,5,321.7,0.0,6.0,electronics,Conakry ,Mobile Money,29.0,Female,NEW,September,1627.45
ORD006979,3,,5.0,4.0,Sports,Boke,Card,21.0,female,New,June,228.5
ORD005631,3,30.28,10.0,,Books, Conakry ,Cash,21.0,Female,New,July,79.87
ORD006176,7,12.09,0.0,5.0,Food,Boke,MobileMoney,27.0,Male,NEW,September,72.15
ORD002300,2,8.27,0.0,5.0, Food ,Labe,Cash,43.0,Female,New,May,15.87
ORD001930,6,104.68,0.0,3.0,clothing ,boke,Mobile Money,33.0,Female,New,February,634.8
ORD005769,9,36.37,0.0,7.0, Books ,Kindia,Credit Card,45.0,Female,Returning,September,366.28
ORD005028,6,149.11,,7.0,Home,Labe,Cash,21.0,Male,Returning,September,940.6
ORD002509,3,58.35,15.0,150.0,Beauty,Conakry, Cash ,24.0,Female,New,August,149.7
ORD000157,4,208.65,0.0,8.0,Electronics,labe,Cash,41.0,Male,New,May,908.32
ORD008394,2,31.2,0.0,6.0,Toys,BOKE,Card,28.0,Male,returning,November,68.95
ORD005954,2,10.89,0.0,5.0,Books,Kankan,Card,20.0,MALE,New,March,20.19
ORD009106,2,92.71,20.0,4.0,HOME,Kindia,,46.0,Male,New,June,127.49
ORD006675,4,48.25,5.0,7.0,Toys,Conakry,Mobile Money,52.0,male,Returning,September,208.93
ORD002541,5,240.52,0.0,3.0,Sports,Conakry,Card,30.0,Female,New,July,1393.11
ORD000670,5,31.1,15.0,,Beuty,KANKAN,CASH,,Male,New,March,139.83
ORD001023,4,9.1,0.0,5.0,Books,Conakry,,51.0,Female,New,December,33.19
ORD004646,7,85.92,0.0,4.0,HOME,Kindia,MOBILE MONEY,32.0,Female,New,October,560.54
ORD005860,4,193.04,0.0,4.0,Home,Conakry,CASH ,18.0,Male,Returning,March,776.07
ORD005221,3,30.51,5.0,5.0,toys,Nzerekore,card,42.0,FEMALE,Returning,March,89.76
ORD009315,6,10.62,5.0,2.0,Book,Boke, Card ,8.0,female,new,July,61.95
ORD002321,5,13.17,20.0,7.0,Book,Labe,Card,28.0,Male,New,November,45.83
ORD003237,1,13.84,10.0,4.0,Food,Conakry,Cash,22.0,M,new,March,11.6
ORD001653,6,86.18,0.0,2.0,Clothing,Conakry,Cash,29.0,Female,Returning,May,483.02
ORD000884,3,69.12,,5.0,Home,kankan,Card,24.0,Male,New,May,221.51
ORD000034,2,33.76,0.0,8.0,Toys,Boke,mobile money,16.0,Male,New,December,61.99
ORD004104,4,,5.0,5.0,Book,Nzerekore,,45.0,Female,new,September,42.83
ORD005898,8,27.11,0.0,2.0,TOYS,kindia,Cash,28.0,Female,New,October,201.07
ORD000669,3,55.05,0.0,,TOYS,Conakry,Card,44.0,Male,New,June,154.86
ORD009473,6,113.48,,1.0,Home,Labe,Cash,32.0,Female,New,June,646.49
ORD002609,2,51.16,15.0,5.0,Beauty,Nzerekore,Mobile Money,,Male,Returning,July,77.14
ORD006959,4,280.41,0.0,,Electronics,Labe,Cash,19.0,Female,New,January,1005.04
ORD001910,7,,5.0,2.0,Toys,kindia,Card,41.0,Female,New,July,223.4
ORD008414,4,137.08,0.0,1.0,SPORTS,Labe,Cash,38.0,Female,New,October,561.25
ORD006817,6,59.97,0.0,,Beauty,Conakry,Mobile Money,54.0,Female,New,December,400.8
ORD005096,6,232.45,,5.0,Electronics,Nzerekore,mobile money,36.0,Male,New,August,1358.36
ORD006903,4,18.58,0.0,5.0,Books,Conakry,CARD,52.0,Female,RETURNING,October,72.03
ORD006738,6,111.14,0.0,3.0,Sports,Conakry,MOBILE MONEY,31.0,Female,Returning,April,678.56
ORD004172,5,101.74,10.0,, sports ,Labe,Card,24.0,Female,Returning,November,482.94
ORD002450,6,54.16,10.0,3.0,TOYS,Conakry,Card,27.0,Female,Returning,January,282.9
ORD003055,3,18.41,0.0,6.0,Beuty,Nzerekore,cash,24.0,Male,New,October,58.71
ORD007930,6,385.37,0.0,1.0,electronics,Labe,Cash,29.0,Male,Returning,June,2291.69
ORD008035,6,22.24,0.0,4.0,Food,Kankan,Card,44.0,FEMALE,New,March,122.3
ORD001494,4,24.54,10.0,2.0,Books,Boke,Cash,,FEMALE,New,November,90.12
ORD005568,5,66.31,10.0,7.0,Clothing,conakry,Cash,47.0,Female,Returning,December,272.52
ORD006138,4,16.1,20.0,8.0, books ,BOKE,Cash,32.0,male,Returning,February,53.91
ORD001737,6,94.33,20.0,,Clothing,kindia,Cash Payment,32.0,Female,Returning,November,489.99
ORD001880,4,500000.0,0.0,3.0,Hom,Nzerekore,Card,32.0,FEMALE,New,January,406.07
ORD000599,2,7.63,0.0,6.0,Books,Labe,,38.0,Female,Returning,September,15.97
ORD006193,3,23.92,-20.0,5.0,Food,Kindia,Cash,35.0,Male,Returning,May,77.43
ORD001259,3,21.88,15.0,,Food,Kindia,Cash,21.0,Male,New,June,52.29
ORD009346,4,114.98,10.0,4.0,Clothing,Conakry,Mobile Money,17.0,Male,New,May,378.77
ORD007473,-3,7.39,0.0,5.0,Sports,Boke,card,37.0,F,New,January,30.71
ORD003306,2,45.59,10.0,8.0,Toys,Nzerekore,Cash,25.0,Male,Returning,October,76.02
ORD009437,2,75.71,0.0,,Sport,Nzerekore ,Card,29.0,Female,Returning,August,142.8
ORD006487,5,19.68,0.0,3.0,Books,Kindia,Card,34.0,Female,Returning,June,110.29
ORD007285,1,,0.0,6.0,Clothing,Conakry,Credit Card,42.0,Male,New,June,44.81
ORD007523,3,85.71,,,Clothing,Kindia,Card,16.0,Male,Returning,July,194.42
ORD000790,3,56.24,10.0,2.0,Beauty,Kindia,card,31.0,Female,New,October,128.87
ORD002881,3,17.96,0.0,3.0,Food, Conakry,Credit Card,8.0,Female,returning,October,55.09
ORD009363,5,95.17,5.0,3.0,Sports,Labe,,40.0,female,New,March,501.16
ORD004757,4,39.67,10.0,6.0,Beauty,Boke,,34.0,Female,Returing,July,155.7
ORD000295,7,126.97,0.0,2.0,home,conakry,Mobile Money ,42.0,Male,New,August,955.45
ORD002958,8,36.08,0.0,4.0,Toys,KANKAN,Card,33.0,Female,new,April,306.1
ORD001323,6,21.76,0.0,5.0,Toys,Labe,Mobile Money,23.0,Male,Returning,August,144.13
ORD005729,4,,15.0,2.0,Beauty,BOKE,CARD,30.0,Male,New,November,56.87
ORD008111,2,,0.0,4.0,Books,Kindia,Card,31.0,Female,New,March,43.66
ORD007405,2,26.46,0.0,5.0,Books,Boke,Mobile Money,30.0,MALE,New,June,57.12
ORD002775,3,26.3,15.0,8.0,Food,Kindia,Mobile Money ,45.0,Female,New,November,66.09
ORD007317,3,26.86,0.0,,Books,Boke,Cash,,Female,Returning,December,90.76
ORD007366,4,164.18,0.0,, Home ,Kankan,Card,33.0,Male,New,January,643.23
ORD007759,3,66.68,,4.0,Clothing,KANKAN,Cash,26.0,M,New,May,221.86
ORD003174,2,9.77,10.0,4.0,Food,BOKE,Mobile Money,32.0,Female,Returing,February,16.45
ORD008200,4,113.31,20.0,5.0,Sports,Kindia,mobile money,20.0,Female,RETURNING,August,367.77
ORD002488,2,20.1,25.0,3.0,Books,Conakry,Cash,51.0,Female,Returning,February,35.92
ORD006411,-3,102.71,0.0,5.0,Clothing,Conakry,cash,36.0,Female,New,July,185.93
ORD005779,5,560.27,0.0,4.0,Electronics,Conakry,Card,28.0,FEMALE,New,September,2506.1
ORD003085,2,116.31,20.0,2.0,Sports,Kankan,,34.0,M,New,March,188.49
ORD003829,2,6.13,0.0,7.0,Foood,Nzerekore,Mobile Money,29.0,Female,New,October,12.94
ORD000945,2,,5.0,7.0,Clothing,Labé,mobile money,23.0,Female,New,June,64.57
ORD005967,5,17.24,0.0,1.0,Food,Conakry ,,31.0,Male,New,July,88.67
ORD008668,7,124.14,0.0,6.0,Home,Nzerekore,Mobile Money,28.0,Male,New,November,799.26
ORD004964,3,137.72,,1.0,Sports,Conakry,Mobile Money,40.0,Male,Returning,August,356.34
ORD001146,3,13.21,5.0,5.0,food,Labe,Mobile Money,31.0,Male,New,December,36.64
ORD009512,4,44.02,0.0,3.0,Beauty, CONAKRY ,Cash,42.0,Male,New,October,164.11
ORD005189,6,32.49,10.0,8.0,Beauty,Conakry,mobile money,35.0,MALE,New,May,197.33
ORD000003,2,298.57,10.0,1.0,Eletronics,Conakry,Mobile Money,32.0,Male,Returning,December,476.17
ORD008291,5,112.22,0.0,,Home,Labe,Card,32.0,Female,New,October,563.01
ORD006199,4,21.45,30.0,3.0,Books,Kindia,Cash,31.0,Male,New,November,59.61
ORD005061,3,94.9,0.0,,Home,Boke,Cash,29.0,Female,New,October,257.64
ORD009375,3,97.5,5.0,1.0,Sport,KINDIA,Cash,25.0,Female,New,December,248.28
ORD002534,4,30.36,0.0,6.0,Toys,Boke,Card,34.0,Male,New,May,112.12
ORD009095,6,116.1,0.0,6.0,Sports ,Labé,Card,,Female,Returning,February,739.64
ORD000654,2,67.85,,5.0,Clothing,KINDIA,Card ,37.0,Female,Returning,November,130.81
ORD005457,5,40.43,0.0,3.0,Clothing,kankan,Mobile Money,36.0,Female,Returning,January,198.9
ORD006936,2,76.39,15.0,5.0,Sport,N'Zerekore,Card,,M,New,December,133.5
ORD007389,6,41.64,,,Toys, Labé ,cash,32.0,Male,New,October,267.81
ORD007794,1,158.7,0.0,6.0,Home,Nzerekore,Cash,16.0,Male,Returing,February,161.66
ORD003464,1,159.44,10.0,2.0, clothing ,Conakry,Card,32.0,Female,Returning,February,137.92
ORD007570,6,15.56,20.0,7.0, Books ,Conakry,Cash,16.0,Female,New,November,88.97
ORD000745,5,92.43,0.0,4.0,Sports,Labe,CASH,22.0,Female,NEW,October,520.28
ORD007717,3,109.88,0.0,7.0,Sports,Kindia,Card,39.0,male,New,January,376.24
ORD004356,3,20.48,5.0,5.0,Food,CONAKRY,Mobile Money,16.0,Female,Returning,January,64.0
ORD002590,5,32.11,0.0,4.0,Toy,Kindia,Card,,Female,NEW,April,135.28
ORD004630,5,110.42,,2.0,Hom,Nzerekore,CASH,23.0,Male,RETURNING,May,577.52
ORD006202,6,12.47,0.0,6.0,Books,Labé,Credit Card,48.0,Female,New,November,76.81
ORD002617,2,13.27,15.0,7.0,Foood,Kindia,MOBILE MONEY,22.0,female,Returing,February,20.99
ORD000634,4,,15.0,1.0,Sports,Nzerekore,Mobile Money,35.0,female,New,April,245.21
ORD004653,4,4.38,0.0,6.0,BOOKS,Conakry,Cash,52.0,Female,New,September,20.6
ORD002969,4,26.31,30.0,3.0,Toys,Kindia,Card,17.0,Male,New,October,77.66
ORD003505,6,11.86,0.0,5.0,Books,nzerekore,Cash,30.0,M,New,January,83.44
ORD008738,3,148.16,0.0,7.0,home,Kindia,Credit Card,48.0,F,New,April,445.57
ORD000591,4,32.24,30.0,7.0, Clothing ,BOKE ,card,16.0,Male,Returning,September,69.82
ORD008509,-3,31.05,20.0,3.0,Beauty,Kindia,Mobile Money,31.0,Female,Returning,November,67.48
ORD007376,7,41.2,,8.0,TOYS,Boke,Cash,26.0,Male,New,January,279.05
ORD000887,3,500000.0,25.0,8.0,Electronics,Nzerekore,Mobile Money,32.0,Female,returning,August,563.82
ORD003691,3,70.24,0.0,3.0,Clothing,Kankan,CASH,31.0,Male,new,November,238.09
ORD004083,3,,0.0,7.0,Books,labe,Card,22.0,female,Returning,October,51.82
ORD008569,4,104.24,5.0,7.0,Home,BOKE,Card,30.0,Male,Returning,December,423.69
ORD003999,3,23.54,0.0,5.0,Books,Conakry,Cash,22.0,Female,Returning,August,79.54
ORD004592,5,20.44,10.0,6.0,Books,Labe,Cash,27.0,Female,Returning,September,99.99
ORD003049,2,,0.0,3.0,Toys,KANKAN,Mobile Money,21.0,Female,New,February,60.12
ORD006190,2,110.63,0.0,4.0,Sports,BOKE,Card,45.0,Female,Returning,January,239.41
ORD000363,4,86.15,0.0,5.0,Home,Kankan,,51.0,Male,New,September,305.98
ORD002028,2,,0.0,4.0,Home,Kindia,Mobile Money,28.0,Male,New,June,257.35
ORD008425,4,,0.0,4.0,Food,Conakri,Credit Card ,25.0,Female,new,October,85.55
ORD005247,3,48.84,10.0,5.0,Toys,CONAKRY,Mobile Money,50.0,Female,Returning,May,139.6
ORD000829,2,11.55,5.0,7.0,Foood,Conakry,Card,,Male,New,February,24.21
ORD009660,3,14.78,0.0,4.0,Food,Kindia,Cash Payment,,Female,New,December,47.47
ORD000644,1,149.72,0.0,4.0,Home ,Labe, Cash Payment ,28.0,Female,New,January,133.66
ORD009522,6,113.75,0.0,5.0,Clothing,Conakri,Cash,16.0,Male,Returning,December,728.73
ORD006765,3,11.52,0.0,2.0,Toys, Conakry,Credit Card,37.0,Female,New,September,37.19
ORD007670,4,212.84,0.0,3.0,Hom,Conakry,card,31.0,FEMALE,Returning,June,908.76
ORD001017,3,12.57,0.0,3.0,Books,Kindia,MOBILE MONEY,22.0,FEMALE,New,August,37.66
ORD000663,5,20.86,20.0,2.0,Books,Kindia,mobile money,39.0,Male,New,October,80.81
ORD005090,2,40.26,0.0,3.0,Sports,Nzerekore,Cash,,Female,New,March,72.9
ORD004745,4,19.5,0.0,9.0,Foood,Nzerekore,Mobile Money,19.0,FEMALE,New,July,90.86
ORD002083,10,9.83,5.0,5.0,Food,Conakri,Card,56.0,Female,New,October,85.27
ORD002168,3,62.55,10.0,8.0,SPORTS,N'Zerekore,,32.0,Female,New,October,171.17
ORD005809,1,32.14,0.0,5.0,Toys,Conakry,cash ,,Female,New,February,34.18
ORD000071,5,50.95,15.0,4.0,Clothing,Labe,Cash,34.0,Female,Returning,June,252.49
ORD009028,3,38.25,0.0,5.0,Beauty,KINDIA,CARD,40.0,Female,Returning,November,104.98
ORD005181,2,47.21,0.0,4.0,Beauty,Labe ,Cash,35.0,Male,New,March,103.52
ORD007626,4,321.39,-20.0,, Electronics,Kindia,Mobile Money,21.0,Male,Returning,June,1210.02
ORD002627,1,106.52,0.0,8.0,CLOTHING,conakry,Cash,34.0,Male,returning,May,98.09
ORD006739,5,38.95,25.0,2.0,Beauty,Conakry,CARD,16.0,Female,new,March,162.39
ORD009448,4,347.44,0.0,1.0,Electronics ,Kindia,Card,,Female,Returning,October,1445.21
ORD005783,3,-40.0,25.0,5.0,Sports,Conakry,Cash,21.0,Female,New,September,174.03
ORD006017,2,,20.0,5.0,CLOTHING,Boke,,29.0,Male,new,July,118.98
ORD003197,5,88.1,0.0,5.0,Clothing,Nzerekore, Card ,16.0,Male,Returning,August,495.2
ORD005409,3,119.38,0.0,,Home,Boke,Cash,34.0,Female,New,February,386.93
ORD006944,2,277.93,0.0,3.0, Electronics ,Boke,Cash Payment,33.0,Male,Returning,September,528.66
ORD002638,3,29.74,10.0,3.0,Books,Conakry,Cash,34.0,Female,Returning,July,65.93
ORD003694,5,369.93,0.0,4.0,Electronics, BOKE ,cash,27.0,Female,Returning,January,1795.88
ORD002222,7,91.75,0.0,3.0,Clothing,Labe,Cash,,Male,New,May,724.98
ORD009416,2,7.35,0.0,3.0,Beauty,N'Zerekore,Card,36.0,Male,Returning,March,14.18
ORD007547,4,30.69,0.0,4.0,Beauty,Nzerekore,Card,42.0,Female,Returning,February,135.3
ORD007312,1,28.61,5.0,,Books,Conakry,Mobile Money,47.0,Male,New,August,22.83
ORD005025,6,34.22,10.0,,Toys,kindia,Mobile Money,34.0,female,New,March,194.74
ORD007602,2,272.91,30.0,3.0,electronics,Boke,Mobile Money,52.0,Female,Returning,March,406.59
ORD006175,-3,70.59,10.0,-6.0,Sports,Nzerekore,MOBILE MONEY,28.0,Male,New,August,395.46
ORD004343,3,,30.0,4.0,Sports,Kindia,Mobile Money,43.0,Female,Returning,December,271.86
ORD002896,6,14.45,5.0,6.0,Food,Labe,Card,29.0,Female,Returning,April,88.8
ORD004059,4,,0.0,150.0,Foood,N'Zerekore,Card,35.0,Male,New,December,50.95
ORD005120,3,16.35,0.0,6.0,Food,Boke,Card,30.0,Female,returning,November,47.38
ORD008339,5,,250.0,2.0,sports,Boke,Mobile Money,36.0,Female,Returning,March,248.08
ORD002657,3,310.48,0.0,5.0,Electronics ,Conakry,Card,8.0,Female,New,May,1004.14
ORD008663,5,158.47,0.0,4.0,home,BOKE,Mobile Money,25.0,Female,New,September,791.43
ORD003413,6,30.02,5.0,7.0,Toys,Nzerekore,cash,16.0,Female,Returning,November,167.25
ORD008790,3,22.19,25.0,5.0,Food,boke,Card,24.0,Female,New,July,50.11
ORD000010,3,67.23,10.0,8.0,Clothing,Kindia,Cash,65.0,FEMALE,New,June,168.16
ORD009065,2,-40.0,30.0,,clothing,Nzerekore,card,32.0,Male,New,November,96.71
ORD007225,2,168.92,0.0,4.0,Sports,Conakry,Cash,23.0,Female,Returning,May,362.54
ORD002454,3,,10.0,3.0,BEAUTY,Conakry,Cash,50.0,Female,New,April,96.41
ORD009439,4,,10.0,4.0,Beauty,Conakry,Card,,female,Returning,October,136.1
ORD005575,2,92.0,0.0,7.0,Sports,kankan,CARD,40.0,M,New,December,167.75
ORD003066,4,-40.0,10.0,6.0,Beuty,Boke,Card,16.0,Male,New,October,91.41
ORD006748,2,161.63,25.0,,Sports,Conakry,Mobile Money,55.0,Female,new,August,297.35
ORD005534,-3,16.61,,6.0,Food,Kindia,Cash,16.0,Male,New,April,79.1
ORD001957,7,22.99,0.0,2.0,Toys,Boke,Cash Payment,34.0,Female,New,March,156.35
ORD008479,6,80.92,0.0,3.0,Sports,boke,MOBILE MONEY,21.0,MALE,Returning,July,488.68
ORD007246,3,17.12,10.0,7.0,Food,Boke,CASH,26.0,Male,Returning,February,46.39
ORD007460,4,,0.0,6.0,Food,LABE,Card,34.0,Male,Returning,October,18.75
ORD004365,4,137.5,-20.0,4.0,Clothing,conakry,Card,34.0,Male,Returning,March,502.93
ORD009562,2,21.11,10.0,1.0,Books,N'Zerekore,Cash,23.0,MALE,New,July,34.97
ORD001483,2,54.35,10.0,7.0,Clothing,BOKE,,17.0,Male,RETURNING,March,97.28
ORD004245,4,,0.0,3.0,Clothing,Conakry,,63.0,Female,New,January,200.31
ORD008336,3,109.74,0.0,3.0,Home,Labe,Mobile Money,16.0,Female,New,May,282.0
ORD002731,6,11.62,10.0,2.0,Food,Nzerekore,MobileMoney,,male,Returning,April,52.88
ORD007548,4,142.65,0.0,3.0,Home,Kankan,Cash Payment,,Female,Returning,April,573.9
ORD002494,3,74.38,0.0,2.0,Clothing,Kindia,CASH,34.0,Female,New,October,209.09
ORD004127,4,64.38,,2.0,Sports,KINDIA,Cash Payment,31.0,M,Returning,August,286.54
ORD008968,5,59.83,10.0,4.0,toys,CONAKRY,Mobile Money,43.0,Male,Returning,November,290.84
ORD000285,3,39.15,25.0,6.0,Toys,Conakry,Mobile Money,16.0,Male,Returning,June,102.06
ORD003418,4,,0.0,8.0,Sports,Boke,Mobile Money,23.0,male,New,March,239.84
ORD002037,2,59.3,0.0,10.0,Sports,kankan,CARD,16.0,Female,New,November,131.79
ORD000821,6,32.2,0.0,2.0,Beauty,Kindia,Cash,20.0,Male,New,January,208.59
ORD009619,6,,0.0,6.0,Food, Kankan ,Card,28.0,Male,New,February,40.89
ORD006752,3,93.77,0.0,5.0,Sports,Boke,Credit Card ,16.0,Female,Returning,June,313.76
ORD003877,6,21.42,0.0,5.0,Books,Kindia,MOBILE MONEY,28.0,Female,NEW,November,131.3
ORD008054,3,17.4,10.0,3.0,Food,Conakry,MobileMoney,34.0,FEMALE,New,May,41.76
ORD008521,2,20.27,10.0,4.0,Food,kankan,Mobile Money,,Male,Returning,August,36.39
ORD000525,2,415.57,,5.0,Electronics,Boke,Credit Card,48.0,Female,RETURNING,June,897.63
ORD000892,4,32.26,0.0,3.0,Beauty,kankan,card,,Male,Returning,November,114.81
ORD003593,4,43.98,0.0,1.0,Beauty,Nzerekore,Mobile Money,20.0,Female,New,March,178.63
ORD006812,2,,0.0,7.0,toys,Kindia,Mobile Money,23.0,Female,New,June,52.83
ORD004671,3,44.21,10.0,4.0,Toys,Kindia,Mobile Money,33.0,Female,Returning,May,112.23
ORD006865,4,25.83,0.0,4.0,Toy,Boke ,Card,31.0,Male,Returning,September,104.75
ORD007884,1,1.71,0.0,4.0,Books,Nzerekore,Card,18.0,Male,RETURNING,April,1.66
ORD001530,3,34.29,0.0,6.0,Clothing,Labe,Card,41.0,Female,New,December,102.22
ORD002943,3,177.92,,3.0,Home,Conakry,Credit Card,23.0,Male,Returning,November,505.66
ORD000499,4,44.76,0.0,,Toys,Labe, MobileMoney ,23.0,Male,Returing,June,141.97
ORD002547,2,21.18,0.0,4.0,Food,Conakri,cash,17.0,M,New,February,46.2
ORD002783,3,68.2,0.0,,Home,nzerekore,Cash,,Female,Returning,February,208.73
ORD005080,4,49.67,250.0,3.0,Beuty,KINDIA,Mobile Money,23.0,Male,Returning,October,139.83
ORD005980,4,16.27,20.0,4.0,Books,KINDIA,Card,,Female,New,December,53.62
ORD004247,4,111.09,0.0,4.0,Clothing,Conakry,MOBILE MONEY,18.0,Female,returning,December,507.67
ORD000380,2,69.83,0.0,8.0,Sports,Kankan,Card,17.0,Female,new,March,146.96
ORD002581,2,264.06,5.0,3.0,HOME,Conakry,CARD,37.0,Male,New,July,448.0
ORD005197,5,93.51,15.0,2.0,Sports,Kindia,Card,39.0,Male,Returning,March,367.05
ORD004865,3,,-20.0,8.0,Home,Conakry,card,18.0,Female,New,February,438.05
ORD009323,4,19.85,0.0,5.0,Books, Conakry,Cash,35.0,Male,Returning,May,71.76
ORD007528,5,20.99,0.0,4.0,Foood,Kindia,,27.0,Male,New,September,118.93
ORD000191,4,28.01,10.0,7.0,Clothing,Labe,CARD,33.0,Male,New,June,94.09
ORD007853,2,21.69,15.0,5.0,Books,Nzerekore,Card,52.0,Female,New,August,39.14
ORD001721,5,20.82,0.0,7.0,Food,Boke,cash,39.0,Female,Returning,October,111.69
ORD008410,4,77.8,20.0,3.0,Clothing,Labe,Card,28.0,Female,New,October,253.68
ORD006643,3,37.04,15.0,1.0,Books, Kindia ,Cash Payment,33.0,female,New,August,106.06
ORD000021,5,85.62,0.0,3.0,CLOTHING,Conakri,Mobile Money,33.0,F,New,December,386.43
ORD007238,3,10.62,5.0,3.0,Food,Kankan,Card,32.0,Male,New,June,30.46
ORD006575,4,89.55,10.0,5.0,HOME,Nzerekore,Cash,32.0,Male,Returning,October,296.64
ORD003889,3,112.16,10.0,4.0,Hom,Boke,Mobile Money,27.0,Male,Returning,May,281.38
ORD002867,6,17.29,0.0,8.0,Food,Kankan,Cash,21.0,Female,New,April,89.93
ORD002047,4,50.28,0.0,3.0,Beauty,Boke,Mobile Money,25.0,Female,New,August,184.61
ORD007509,4,63.23,,6.0,TOYS,Conakry,Cash,32.0,Male,Returning,March,213.37
ORD009068,4,144.21,,6.0,Home,Conakry,cash,31.0,Female,Returning,April,427.67
ORD005103,6,39.51,20.0,8.0,CLOTHING,Kindia,Card,28.0,Male,New,February,179.29
ORD007450,2,,20.0,1.0,Electronics,Labe,Mobile Money,180.0,MALE,new,March,342.57
ORD008901,5,149.61,10.0,7.0,SPORTS,CONAKRY,CARD,26.0,Male,New,February,658.87
ORD008648,6,531.48,15.0,6.0,Electronic,Conakry,Card,-12.0,Male,New,February,2893.21
ORD009308,6,28.3,0.0,5.0,beauty,Kankan,,8.0,male,New,December,175.76
ORD007416,2,21.87,-20.0,3.0,Food,kindia,Card ,,Female,Returning,April,47.93
ORD000190,2,,10.0,1.0,sports,Conakri,Cash ,34.0,Male,Returning,August,164.67
ORD008399,6,275.95,0.0,4.0,Electronics,Nzerekore,Card,47.0,F,new,April,1478.75
ORD004907,2,,0.0,5.0,Toy,Nzerekore,MOBILE MONEY,18.0,Male,New,May,61.01
ORD000151,4,21.47,0.0,,Beauty,Nzerekore,Card,22.0,Female,Returning,August,89.67
ORD006624,4,199.97,10.0,,Home,Conakry,Cash,30.0,Male,Returning,September,802.9
ORD000023,3,500000.0,25.0,3.0,Home,Conakri,Mobile Money,40.0,male,Returning,August,242.2
ORD001976,2,500000.0,0.0,2.0,Books, Conakry,Mobile Money,33.0,Female,new,April,2.71
ORD001750,4,130.7,30.0,4.0,Home,Labe,Cash,23.0,Female,returning,May,376.18
ORD008854,4,114.55,0.0,4.0,HOME,Conakry ,Cash,25.0,Male,New,September,451.3
ORD005428,5,,0.0,5.0,Food,Kindia ,Card,45.0,Female,New,February,64.56
ORD006513,10,15.94,0.0,4.0,Food,LABE,Mobile Money,36.0,Female,Returning,February,165.67
ORD007009,3,69.63,0.0,3.0,home,Kindia,CASH,39.0,Female,Returing,April,219.93
ORD004754,5,84.97,30.0,4.0,sports,Labe,card,,Male,Returning,March,305.51
ORD002356,2,41.12,10.0,6.0,Toys,KINDIA,Cash Payment,24.0,female,New,September,73.34
ORD007290,5,35.5,0.0,2.0,Beauty,N'Zerekore,Card,33.0,Female,New,November,160.67
ORD007792,2,30.83,0.0,5.0,toys,Conakry ,Cash,,Male,New,December,64.53
ORD001383,4,81.71,15.0,6.0,Sports,Boke,card,34.0,Male,Returning,January,253.96
ORD001808,3,30.12,0.0,4.0,Beauty,Labé, Mobile Money ,27.0,Male,New,December,104.84
ORD008863,1,-40.0,0.0,4.0,Beuty,Conakry,Mobile Money,,Male,New,March,43.2
ORD002799,4,12.18,15.0,6.0,Foood,boke,Card,24.0,Male,New,August,40.34
ORD000551,4,335.0,5.0,5.0,Electronics,Nzerekore,Mobile Money,35.0,Female,New,March,1505.02
ORD006197,3,371.67,5.0,4.0,Electronics,Conakry,Card,56.0,Male,New,March,1005.32
ORD002707,3,44.23,10.0,,Clothing ,Kankan,Cash,31.0,Female,Returning,August,113.78
ORD008300,4,120.75,20.0,-8.0,Home,Boke,Cash,40.0,Male,RETURNING,August,402.67
ORD001289,6,65.38,5.0,6.0,Toy,Conakry,,22.0,female,New,April,343.26
ORD006431,3,79.44,0.0,4.0,Sports,Kindia,MOBILE MONEY,31.0,Female,RETURNING,May,247.15
ORD009547,5,20.28,0.0,4.0,Beauty,Kankan,CARD,39.0,Female,RETURNING,July,100.13
ORD005036,4,101.98,15.0,2.0,Sports,Boke , Card ,,Male,New,March,328.13
ORD007403,4,8.88,0.0,5.0,Food, Nzerekore ,Card,16.0,FEMALE,New,June,34.77
ORD002818,3,9.07,,2.0,Food,kindia,Card,35.0,Female,Returning,October,27.32
ORD008270,2,13.38,0.0,6.0,Beauty,Nzerekore,,26.0,Female,New,June,29.59
ORD007483,5,500000.0,5.0,4.0,Beauty,N'Zerekore,mobile money,30.0,Female,Returning,June,144.64
ORD007616,2,23.36,,7.0,Books,Kindia,Mobile Money,42.0,Male,Returning,April,43.15
ORD005999,5,133.32,10.0,6.0,Sports,Conakry,Mobile Money,,Female,Returning,November,606.75
ORD009610,10,16.05,5.0,9.0,Food,Conakri,Cash,,Male,Returning,August,154.2
ORD009329,7,285.92,5.0,6.0,Electronics,Conakry,Cash,42.0,Male,Returning,July,1831.4
ORD002104,2,,-20.0,3.0,Books,Conakry,,38.0,Male,Returning,September,23.55
ORD005624,2,85.57,10.0,4.0,Sports,kankan ,Mobile Money,30.0,Female,New,October,161.24
ORD004437,2,38.48,0.0,5.0,Books,Boke,Cash,42.0,FEMALE,Returning,April,78.7
ORD002415,8,48.51,0.0,,Toys,Boke,Mobile Money,25.0,Female,Returning,February,415.22
ORD004991,3,32.44,0.0,4.0,Beauty,Kindia,Cash,23.0,Male,New,September,94.44
ORD002830,3,156.27,20.0,9.0, Electronics ,Boke,Cash,41.0,Male,Returning,December,337.24
ORD003604,5,204.03,5.0,6.0,Electronics,Conakry,Cash,,Female,New,February,1041.55
ORD004517,5,63.51,25.0,5.0,Clothing,conakry,Cash,23.0,Male,Returning,November,246.98
ORD004858,6,27.62,0.0,4.0,Books, Conakry,Credit Card,35.0,Female,Returning,May,149.17
ORD003516,3,8.01,10.0,3.0,Food,Kankan,Cash,46.0,Female,New,May,20.31
ORD002390,3,51.47,0.0,5.0,HOME,Nzerekore,Mobile Money,46.0,Male,Returning,December,160.76
ORD006990,2,,5.0,2.0,Books,Boke,,,Male,New,March,31.55
ORD007367,5,18.47,0.0,7.0,Toys,CONAKRY,Credit Card,32.0,Male,New,August,91.02
ORD000865,3,35.16,15.0,3.0,Sports,Nzerekore,Cash Payment,,Female,returning,June,99.69
ORD001869,4,52.83,0.0,1.0,Cloting,Kindia, Cash ,16.0,Male,Returning,June,217.95
ORD004085,2,77.16,0.0,7.0,Beauty,Conakry,Cash,24.0,F,Returning,September,144.96
ORD000504,4,23.6,15.0,1.0, Foood ,Conakry,Cash,24.0,Male,new,April,92.38
ORD003442,2,29.15,0.0,,CLOTHING,Kankan,Cash,28.0,M,New,May,57.01
ORD005675,4,,20.0,6.0,Sports,Nzerekore,Card,,Female,Returing,December,158.44
ORD009021,2,20.46,5.0,4.0,Books, Conakry, mobile money ,180.0,Female,New,October,36.4
ORD003805,4,57.7,10.0,3.0,Beauty,kindia,Mobile Money,36.0,Female,New,February,224.97
ORD000770,2,139.96,10.0,6.0,Sports, Conakry ,Mobile Money,41.0,FEMALE,Returning,July,276.49
ORD000885,7,23.4,0.0,4.0,Books,Conakry,Card,27.0,Male,New,July,176.44
ORD005657,2,21.44,-20.0,5.0,Food,Conakry,Cash,19.0,Male,New,February,36.72
ORD006628,2,54.2,15.0,4.0,Beauty,kindia,Mobile Money,,Female,New,July,100.89
ORD009168,5,49.8,25.0,6.0,Clothing,Kindia,Cash,25.0,Female,New,September,177.6
ORD006612,5,10.71,0.0,3.0,Foood, Conakry,card,39.0,Female,New,December,52.01
ORD002527,3,161.22,10.0,6.0,Home,NZEREKORE,Mobile Money,32.0,Female,Returning,September,514.53
ORD008781,3,88.52,10.0,150.0,Sports,Nzerekore,Cash,27.0,M,New,January,230.9
ORD002441,5,,0.0,4.0,Eletronics,boke,MOBILE MONEY,16.0,Male,New,February,1633.74
ORD004006,1,29.01,15.0,5.0,BOOKS,Kindia,,30.0,Female,New,July,25.94
ORD001287,7,,,7.0,Sports,Nzerekore,Mobile Money,26.0,Male,New,December,541.61
ORD009102,5,70.28,0.0,8.0,clothing,Kankan,Card,22.0,Male,New,June,361.3
ORD005389,3,50.57,,7.0,Toys, Kindia , Card ,45.0,Female,New,June,144.25
ORD003594,5,125.14,0.0,1.0,Home,Boke,Card,39.0,Male,Returning,June,673.46
ORD000711,5,29.49,,8.0,Books,Kindia,MOBILE MONEY,34.0,Female,Returning,September,153.37
ORD002341,4,290.25,10.0,9.0,Electronics,Kindia,mobile money,16.0,Female,New,April,1077.35
ORD001867,3,135.71,0.0,4.0,Home, Conakry ,MobileMoney,26.0,FEMALE,Returning,July,415.8
ORD000099,5,5.57,0.0,,Food,Kankan,Card,31.0,Male,Returning,March,29.23
ORD004987,3,38.27,5.0,6.0,clothing ,BOKE,,32.0,Female,New,March,110.65
ORD001402,4,165.38,0.0,2.0,Home,Conakri,,20.0,Male,Returning,December,590.27
ORD001983,3,101.23,,,sports,Conakri,MOBILE MONEY,34.0,M,Returning,January,314.54
ORD006701,4,24.15,,6.0,Books,KINDIA,Mobile Money,32.0,Male,New,August,87.85
ORD008814,9,,0.0,5.0,Beauty,Boke,Card,42.0,female,New,May,428.22
ORD005932,3,61.54,0.0,,Home,nzerekore,Cash,30.0,Male,New,November,182.94
ORD005136,-3,,,5.0,Foood,labe,,26.0,Female,Returning,July,55.05
ORD004354,8,36.0,10.0,5.0,Beauty,Conakri,Card,25.0,Male,Returning,August,274.35
ORD004893,7,121.88,0.0,3.0,Home, Labe ,Card,,Male,NEW,June,891.2
ORD002596,4,500000.0,5.0,9.0,Beauty,Conakry,Card,27.0,Male,Returning,June,147.07
ORD005052,6,68.29,0.0,8.0,Toys,Conakry,mobile money,180.0,Female,NEW,May,380.16
ORD005159,7,34.45,0.0,7.0,BEAUTY,Boke,Mobile Money,33.0,F,New,July,243.64
ORD006540,3,72.36,0.0,7.0,Sports,Labe,Card,,Female,New,March,211.62
ORD001251,2,73.71,10.0,6.0,Toys,Conakry,Card,28.0,Male,New,January,130.38
ORD004674,3,82.39,10.0,6.0,Sports,Conakry,Card ,52.0,Male,New,February,206.07
ORD001466,2,189.4,15.0,1.0,Home,Boke,Cash,23.0,Female,New,April,345.23
ORD008098,1,61.62,30.0,4.0,Sports,Kindia,Cash,33.0,Male,Returning,February,35.7
ORD009658,6,14.77,,6.0,Books,KANKAN,Cash,43.0,Male,Returning,December,94.32
ORD005727,6,,0.0,3.0, Books ,Boke,,16.0,Female,Returning,May,166.14
ORD001399,2,42.99,15.0,5.0,Sport,Nzerekore,Cash,30.0,Male,New,January,65.25
ORD004767,4,75.85,0.0,6.0,Home,Conakry,Card,20.0,Female,Returning,September,291.11
ORD005359,3,190.13,0.0,1.0,Electronics,Conakry ,Cash,37.0,Female,New,May,569.46
ORD005523,5,44.46,10.0,6.0,Toys,Kindia,Mobile Money,32.0,Female,Returning,April,214.9
ORD002762,8,338.32,15.0,4.0,Electronics,Kindia,,21.0,Female,Returning,September,2677.62
ORD006415,6,43.04,0.0,4.0,Toys,Labe,Mobile Money,33.0,F,Returning,October,287.05
ORD006257,1,-40.0,10.0,5.0,sports,Kankan,Card,26.0,Female,New,November,55.08
ORD004368,5,41.82,,6.0,Beauty,Labe, Cash ,37.0,Male,New,October,187.88
ORD002023,4,36.95,0.0,,books,LABE,Cash,28.0,Female,Returning,June,156.16
ORD001197,4,,0.0,4.0,HOME,Conakry,Mobile Money,8.0,Male,New,May,538.89
ORD004513,250,17.4,10.0,8.0,food,Kindia,MobileMoney,30.0,FEMALE,Returning,March,62.57
ORD001134,7,54.57,5.0,6.0,Beauty,Conakri,Card,30.0,Female,New,October,372.98
ORD002286,3,-40.0,15.0,2.0,food,Conakry,Credit Card,38.0,female,New,February,82.48
ORD008484,3,25.61,0.0,4.0,Beauty,Boke,,39.0,Female,Returning,July,69.55
ORD005659,2,,,5.0,Electronics,Boke,Cash,44.0,Female,New,September,435.42
ORD007414,4,36.69,10.0,6.0,Books,Conakri,Card,26.0,Female,Returning,November,115.33
ORD006878,3,88.49,0.0,-8.0,Sports,Nzerekore,MOBILE MONEY,35.0,Female,New,June,286.31
ORD005400,2,,0.0,3.0,Sport,Conakry,,20.0,Male,Returning,November,198.47
ORD003452,2,,0.0,4.0,Beauty,Kankan, card ,20.0,Male,Returning,September,57.76
ORD007545,3,168.0,0.0,1.0,Home,Labe,Cash Payment,45.0,Male,New,September,544.97
ORD001012,5,62.24,0.0,,Home,Kindia ,Credit Card,45.0,Male,New,February,338.99
ORD002644,2,28.89,0.0,3.0,Toys,Nzerekore,Credit Card,35.0,Male,New,June,53.89
ORD007222,4,150.48,15.0,6.0,Electronics,NZEREKORE,Mobile Money,27.0,Female,NEW,May,523.62
ORD009598,2,45.93,0.0,7.0,Home,Kindia,Card,44.0,Male,New,December,91.61
ORD007249,3,13.27,,5.0,Food,Conakry,,27.0,Female,Returning,December,35.84
ORD001237,3,58.33,0.0,5.0,TOYS,Conakry,cash,46.0,Female,New,February,180.19
ORD005800,5,112.12,0.0,1.0,Sports,Kankan,Mobile Money,34.0,Female,New,December,531.1
ORD009555,4,14.79,25.0,2.0,Food,Labe,MOBILE MONEY,25.0,Female,returning,September,42.66
ORD004995,4,20.8,5.0,,Books,Nzerekore,Mobile Money,39.0,Female,New,April,82.15
ORD009503,4,15.89,0.0,7.0,FOOD,Kindia,,42.0,Male,New,April,62.88
ORD007186,4,30.73,20.0,3.0,Clothing,Kankan,CARD,30.0,Female,New,August,100.4
ORD009553,4,28.6,0.0,-8.0,Books,Kindia,mobile money,55.0,Male,New,February,111.28
ORD003447,4,19.82,10.0,7.0,Books,Labe,MOBILE MONEY,25.0,Female,Returning,February,76.22
ORD004297,3,14.48,,4.0,Food,Kankan,Mobile Money,28.0,Male,returning,November,45.06
ORD005824,3,88.0,,5.0,Home,Labe,Card,30.0,Female,New,October,221.78
ORD009105,2,,0.0,7.0,Books, Conakry,Mobile Money,29.0,Female,New,April,60.1
ORD006822,4,5.66,0.0,150.0,Books,Nzerekore,Cash,,Female,New,February,20.69
ORD001843,5,25.0,0.0,,Toys,Nzerekore,Mobile Money,38.0,male,New,November,133.22
ORD000735,2,9.65,25.0,8.0,Food,Nzerekore,mobile money,,Female,New,October,12.6
ORD000463,2,46.88,15.0,3.0,Toys,Kindia,Cash,39.0,Female,Returning,August,76.95
ORD002740,-3,86.22,,3.0,Beauty,Conakry,card,30.0,Male,RETURNING,January,164.68
ORD001207,5,12.18,15.0,4.0,Food,Kindia,CARD,180.0,Female,returning,January,53.59
ORD006825,3,11.91,5.0,6.0,Food,Labe,Mobile Money,34.0,Male,Returning,June,28.47
ORD002320,9,33.1,0.0,5.0,Beauty,KINDIA,Cash,44.0,Male,Returning,November,272.79
ORD003065,1,23.49,10.0,8.0,Books,Kankan,Card,36.0,Male,New,October,19.86
ORD000600,7,22.69,0.0,6.0,Food,Conakri,Card,36.0,Female,New,September,163.37
ORD008262,3,24.94,0.0,9.0, BOOKS ,Kindia,,32.0,Male,New,May,74.23
ORD003352,5,538.11,0.0,,Electronics,Conakry,Mobile Money,19.0,Female,New,April,2704.4
ORD009382,4,96.91,0.0,2.0,Home,Kankan,Card,,Male,Returning,January,372.08
ORD003545,5,69.88,,,Cloting,Nzerekore,Mobile Money,17.0,Male,New,August,241.87
ORD000401,3,37.96,0.0,3.0,Clothing,Labe,Mobile Money,39.0,Male,New,June,103.44
ORD003322,5,103.8,0.0,6.0,Sports,Conakry,Card,22.0,Male,returning,April,444.42
ORD006451,1,23.16,0.0,7.0,Books, Conakry,Mobile Money ,,Male,RETURNING,April,23.32
ORD001777,4,26.97,10.0,,Books,Conakry,mobile money,44.0,Female,New,October,92.55
ORD009380,3,97.03,0.0,6.0,Home, Conakry,CARD,39.0,Male,New,September,292.94
ORD000515,2,288.43,0.0,6.0,Electronics,Kankan,Card,24.0,Female,New,April,520.09
ORD003163,3,98.04,10.0,7.0,Sports,Conakry,MOBILE MONEY,32.0,Male,Returning,September,297.22
ORD005141,5,19.57,10.0,6.0,Food,BOKE,,44.0,Female,New,February,83.94
ORD006627,4,133.52,0.0,4.0,Home,Kindia,Mobile Money,35.0,Female,NEW,January,614.87
ORD009371,4,1.71,30.0,6.0, Beauty ,Boke,cash,27.0,F,New,March,4.28
ORD002545,4,11.88,0.0,3.0,Beauty,Kankan,Cash,27.0,Male,New,July,43.46
ORD007599,4,226.66,0.0,6.0,Electronics ,Kindia,Mobile Money,36.0,Female,New,June,826.82
ORD007263,5,43.94,5.0,4.0,Clothing,Conakry,MOBILE MONEY,33.0,Female,NEW,June,215.17
ORD005246,4,228.11,0.0,,Electronics,BOKE,MobileMoney,39.0,male,new,February,843.24
ORD000815,4,44.44,0.0,6.0,Clothing,Conakry,Card,-12.0,Male,New,July,184.93
ORD009202,5,18.54,0.0,3.0,Food,kindia,Cash,51.0,Male,New,February,94.45
ORD008769,4,60.46,15.0,,TOYS,Conakry,Card,27.0,Female,New,January,202.9
ORD002207,3,-40.0,0.0,5.0,Clothing,Kindia,Card,27.0,Female,New,December,227.77
ORD002753,3,32.8,0.0,7.0,TOYS,Nzerekore,Card,22.0,Female,New,November,113.14
ORD004988,5,23.65,5.0,,books,Conakry,,,Female,New,June,101.27
ORD008739,6,67.15,5.0,,Toys,Conakry,Cash,23.0,Female,New,July,411.79
ORD009025,4,13.55,10.0,5.0,Food,Kindia,Cash Payment,40.0,Male,Returing,August,47.23
ORD000704,4,47.72,10.0,3.0,Beuty,Conakry,Card,45.0,FEMALE,New,September,174.68
ORD000830,2,63.51,10.0,10.0,Beauty,Conakry,CARD,16.0,Female,Returning,April,117.42
ORD006523,4,51.53,250.0,8.0,beauty,Boke ,Mobile Money,26.0,Male,NEW,April,203.07
ORD001036,2,19.67,0.0,2.0,Food,Labe,Cash,,Male,New,August,38.93
ORD009452,3,39.85,0.0,6.0,Cloting,Boke ,Card,16.0,F,New,January,116.76
ORD000220,6,50.66,0.0,3.0,Beauty,Labe,Card,35.0,Female,New,May,348.66
ORD008555,5,13.95,10.0,4.0,Food,kankan,Mobile Money,,Male,returning,June,56.87
ORD003549,3,150.71,0.0,3.0,Home,Kindia,Mobile Money,,Female,Returning,February,449.13
ORD002139,1,51.25,15.0,7.0,Beuty,Conakry,MobileMoney,23.0,Female,New,September,37.92
ORD007138,7,371.07,30.0,7.0,Electronics,kankan,CARD,22.0,male,New,June,1893.45
ORD009252,3,30.78,10.0,7.0,Toys, Conakry,Mobile Money,35.0,Male,RETURNING,April,71.26
ORD007835,6,277.96,15.0,7.0,Eletronics,Boke,CARD,18.0,Female,new,June,1442.22
ORD006379,3,186.83,0.0,8.0,Home, Conakry,Mobile Money,30.0,Male,New,March,514.39
ORD009097,4,14.65,0.0,5.0,Toys,CONAKRY, Cash Payment ,27.0,Male,Returning,April,61.0
ORD000017,4,13.59,5.0,7.0,BOOKS,Kindia,Mobile Money,37.0,Female,new,January,60.69
ORD009408,4,36.62,10.0,4.0,Toys, Boke ,Card,,F,Returning,July,143.34
ORD003644,4,48.14,25.0,,Toys,Conakry ,Cash,18.0,Female,Returning,October,140.58
ORD002787,2,20.17,0.0,2.0,Books,Labe,Mobile Money,35.0,Male,Returning,January,35.72
ORD000822,2,13.1,20.0,2.0,Food,Kindia,Cash,47.0,Male,Returning,August,19.06
ORD004624,3,17.64,0.0,4.0,Food, Conakry ,CARD,29.0,M,Returning,December,51.21
ORD002678,2,29.18,0.0,5.0,Beauty,Kindia,Mobile Money,17.0,Female,new,December,56.99
ORD005606,1,17.83,15.0,5.0,Foood,Boke,Card,34.0,MALE,Returning,November,14.47
ORD004009,2,258.78,10.0,,ELECTRONICS,Conakry,Cash,29.0,MALE,New,June,540.69
ORD005511,3,19.45,0.0,4.0,food,LABE,card,20.0,Female,New,May,66.32
ORD000517,3,97.45,15.0,7.0,Sports,Conakry,Card,39.0,Male,NEW,September,254.05
ORD006712,3,99.41,5.0,5.0,Home,Nzerekore,MobileMoney,16.0,Male,Returning,May,298.46
ORD002049,2,24.79,0.0,4.0,TOYS,Nzerekore,Card,26.0,Male,New,October,39.8
ORD005839,6,325.33,0.0,2.0, Electronics  ,Nzerekore,Card,43.0,Female,New,October,2008.21
ORD009637,4,17.28,0.0,8.0,Food,Nzerekore,Credit Card,24.0,Female,Returning,October,65.24
ORD007785,3,116.98,0.0,,Home,KANKAN,Cash,39.0,Female,Returning,April,303.4
ORD009060,10,30.8,10.0,3.0,Beauty, Kindia ,Mobile Money,20.0,female,New,October,291.56
ORD000601,3,406.43,5.0,2.0, Electronics ,Conakry,Mobile Money,39.0,Male,New,August,1168.69
ORD002750,4,127.09,20.0,4.0,Sports,Conakry,Mobile Money,31.0,Male,Returning,December,405.71
ORD008892,4,77.24,0.0,2.0,Sports,Kankan,Cash,32.0,Male,New,February,290.52
ORD003256,6,8.96,,4.0,Books,Kindia,MOBILE MONEY,18.0,F,New,July,41.52
ORD007139,3,41.76,0.0,,Clothing,Kankan,Mobile Money,34.0,Female,Returning,May,132.68
ORD007189,4,18.12,10.0,3.0,Food,Kindia,Cash,27.0,Male,New,May,62.94
ORD002840,5,20.84,15.0,4.0,Book,Kankan,mobile money,180.0,M,Returing,October,105.94
ORD006897,6,21.15,0.0,8.0,Clothing,Kankan,Mobile Money,40.0,Female,New,April,114.39
ORD003236,4,37.14,15.0,,Beauty,Conakry,,18.0,M,Returning,September,113.94
ORD005600,4,68.42,0.0,5.0,Clothing,Kankan,Mobile Money,23.0,Male,Returning,April,286.25
ORD009044,4,9.94,,5.0,FOOD,Kankan,Mobile Money,29.0,Female,New,September,28.55
ORD003840,2,119.81,0.0,8.0,Sports,Conakri,Card,29.0,Female,New,March,265.7
ORD009037,5,59.53,0.0,4.0,Sports,Kankan,MobileMoney,16.0,Female,New,December,304.71
ORD007109,5,316.68,0.0,5.0,Electronics,Kindia,Mobile Money,47.0,Male,New,July,1506.68
ORD007233,1,399.57,20.0,4.0,Electronics,Conakry,Cash,16.0,Female,New,July,299.21
ORD003037,4,47.36,5.0,2.0,BEAUTY,Conakry,Cash,40.0,Male,Returning,May,184.68
ORD004951,6,44.72,0.0,5.0,clothing,Kindia,Card,46.0,Female,Returing,November,256.46
ORD000488,6,45.52,5.0,2.0,Clothing,Conakry,MOBILE MONEY,8.0,Female,New,December,251.21
ORD004967,4,133.33,5.0,5.0,Sports,Boke,,41.0,MALE,New,April,499.86
ORD000593,5,33.03,5.0,4.0,toys,Conakry,Cash Payment,46.0,Female,New,October,153.34
ORD001609,-3,133.19,5.0,9.0,Electronics,Nzerekore,Mobile Money,33.0,Male,Returning,June,250.02
ORD008439,3,-40.0,0.0,3.0,Books,Conakri,MobileMoney,17.0,Female,Returning,November,113.2
ORD006538,5,36.72,0.0,6.0,Books,Conakry,Mobile Money,22.0,female,New,June,192.19
ORD008002,3,36.95,5.0,4.0,Books,Conakry,Mobile Money,,F,New,October,107.61
ORD004196,4,6.71,5.0,4.0,food,Conakri,Mobile Money,51.0,Male,New,March,24.81
ORD007127,5,42.28,0.0,2.0,Clothing ,Kindia,Card,17.0,Male,NEW,March,217.84
ORD008733,4,31.34,5.0,5.0,Food,Conakry,Mobile Money,43.0,Female,New,August,113.88
ORD002075,7,40.17,20.0,6.0,Beauty,kindia,,,Male,New,July,207.95
ORD009608,4,44.59,0.0,5.0,Clothing,Labe,Card,48.0,female,New,July,204.38
ORD000358,3,25.28,5.0,5.0,Beauty,Labe,Card,26.0,Female,NEW,April,67.22
ORD002850,5,37.47,0.0,5.0,Clothing, Nzerekore ,CASH,24.0,Male,New,September,202.86
ORD004849,2,46.3,0.0,4.0,Toys,Conakry,Card,24.0,Male,New,February,93.31
ORD003366,4,28.08,0.0,4.0,Toys,LABE,Mobile Money,33.0,Female,New,March,104.57
ORD006841,6,65.55,30.0,6.0,Toys,Conakry,Cash,49.0,Male,New,April,293.08
ORD000312,8,100.6,0.0,,clothing,Conakry,Cash,30.0,MALE,New,April,764.91
ORD003315,6,,0.0,4.0,clothing,Kindia,Card,23.0,male,RETURNING,September,465.68
ORD003131,4,304.39,0.0,6.0,electronics,Conakry,,28.0,male,New,July,1308.23
ORD000254,2,126.97,10.0,5.0,Sports,LABE,,16.0,Female,New,May,214.6
ORD004112,1,399.34,0.0,5.0,Electronics, nzerekore ,Card,36.0,M,new,February,423.95
ORD001962,1,294.66,0.0,9.0,Electronics,Boke,Card,35.0,Male,New,October,251.76
ORD004300,8,25.51,0.0,6.0,Foood,Conakry,,35.0,Female,New,April,196.16
ORD004133,3,82.07,0.0,7.0,Beauty,Conakry,Cash,28.0,Male,Returning,December,212.84
ORD003405,4,8.46,0.0,4.0,books,Kindia,CARD,36.0,Male,New,August,38.09
ORD000436,8,173.88,5.0,6.0,Eletronics,Boke,,19.0,Male,New,May,1352.43
ORD000590,4,37.4,0.0,5.0,Books, Conakry ,MobileMoney,38.0,Male,Returning,October,144.87
ORD004002,2,43.67,20.0,6.0, Home ,Kankan,MobileMoney,56.0,Male,RETURNING,February,74.99
ORD006062,4,99.63,20.0,6.0,Sports,Conakry,Mobile Money,30.0,Female,Returning,September,319.7
ORD003123,4,277.6,15.0,8.0,electronics,Nzerekore,mobile money,16.0,Male,New,January,943.23
ORD006855,3,,15.0,7.0,Electronic, Kindia ,Card,41.0,male,Returning,November,749.35
ORD002383,4,377.42,25.0,4.0,Electronics,Conakry,CARD,23.0,male,Returning,January,1231.34
ORD006165,-3,85.49,0.0,6.0,Sports,Kankan,Cash,25.0,Female,RETURNING,February,403.37
ORD000013,7,87.32,0.0,4.0,HOME,Labe,mobile money,44.0,Male,Returning,June,596.96
ORD004753,7,125.65,30.0,,Sports,conakry,Cash,-12.0,Male,Returning,January,616.29
ORD005545,6,41.78,0.0,5.0,Clothing,Labe,Card,35.0,Male,New,January,222.32
ORD003804,7,20.29,10.0,7.0,TOYS,Kindia,Card,31.0,Female,New,July,136.74
ORD006584,3,122.97,20.0,6.0,ELECTRONICS,Boke,Card,46.0,Female,New,August,295.06
ORD009204,2,9.03,10.0,4.0,Food,Nzerekore,Card,16.0,Male,Returning,August,15.49
ORD001531,3,,15.0,2.0,Sports,Boke,Card,51.0,Male,Returning,July,89.24
ORD004637,5,40.61,0.0,6.0,clothing,Conakry,Mobile Money,43.0,Female,New,October,178.75
ORD003263,3,92.85,15.0,7.0,Beauty,Conakry,Cash,26.0,Male,Returning,December,252.87
ORD007207,3,72.31,5.0,4.0,Sports,Kankan,Mobile Money,16.0,Female,Returning,July,191.78
ORD009138,2,76.51,5.0,5.0,Beauty,Conakry,Cash,33.0,MALE,new,October,157.0
ORD005022,4,189.64,10.0,4.0,Home,Conakry,Cash,39.0,Male,Returning,March,678.94
ORD003580,4,28.6,10.0,5.0,Beauty,Kindia,Card,36.0,Male,Returning,April,90.54
ORD001221,6,500000.0,,4.0,Sports,NZEREKORE,Mobile Money,43.0,Male,New,March,343.35
ORD007899,3,41.27,15.0,4.0,Beauty,Kindia,,36.0,Female,New,August,115.1
ORD001496,3,17.15,10.0,4.0,Food,Conakry,Cash,32.0,Female,Returning,December,45.07
ORD004616,2,220.05,25.0,,Home,conakry,cash,16.0,Female,NEW,December,317.95
ORD007947,2,24.82,0.0,6.0,Clothing,kankan,Cash,180.0,Female,Returing,May,51.88
ORD008842,5,39.52,0.0,-6.0,Toys,Conakry,Credit Card,45.0,Female,New,June,215.41
ORD006502,4,64.85,5.0,5.0,Clothing,Kindia,Mobile Money,38.0,Male,New,February,247.7
ORD004108,3,383.24,0.0,5.0,Electronics,Conakry,cash,16.0,Female,Returning,December,1044.22
ORD002528,6,13.82,20.0,3.0,books,labe,card,35.0,Male,New,September,74.63
ORD008170,4,28.65,5.0,8.0,BEAUTY,kankan,Mobile Money,46.0,Male,Returing,February,109.19
ORD008127,2,9.59,,4.0,Food,boke,Cash,16.0,Male,Returning,February,18.7
ORD007199,5,32.27,0.0,4.0, Toys ,kindia, Cash ,,Female,Returning,August,160.19
ORD007807,5,37.75,0.0,3.0,Beauty,Boke,Mobile Money,16.0,Female,Returning,June,190.82
ORD003386,1,49.9,15.0,6.0,Toys,boke,MOBILE MONEY,37.0,Female,New,January,42.36
ORD009510,250,38.58,10.0,,Toys,Kindia,Mobile Money,24.0,MALE,New,May,62.16
ORD001879,2,67.46,0.0,5.0,Clothing,Boke,Mobile Money,46.0,Female,New,October,122.37
ORD003149,3,16.23,5.0,,Toys,Kindia,Cash,,Male,Returning,March,42.75
ORD001508,5,10.87,0.0,5.0,Food,KINDIA,Card,37.0,Male,New,March,51.67
ORD004131,9,165.76,0.0,7.0,Home,Kankan,card,16.0,Female,NEW,May,1458.08
ORD003170,4,14.19,25.0,8.0,beauty,Kankan,cash,33.0,Female,New,November,44.96
ORD008816,1,48.14,20.0,8.0,Clothing,Nzerekore,Mobile Money,29.0,Female,New,October,38.51
ORD004802,2,19.26,0.0,1.0,Food,BOKE,Mobile Money,23.0,Female,New,May,38.93
ORD001845,5,96.21,,6.0,Sports,boke,MOBILE MONEY,36.0,Male,Returning,September,344.81
ORD003044,5,68.92,,4.0,Beauty,Conakry,Cash,26.0,Male,New,June,305.69
ORD007951,6,36.11,0.0,5.0,books,Conakry,Mobile Money,42.0,Male,NEW,September,208.36
ORD001981,2,55.32,0.0,4.0,clothing,Labe,Card,37.0,Male,new,April,103.81
ORD004536,2,33.41,0.0,5.0,Beauty,Kankan,Card,41.0,Female,Returning,April,72.89
ORD005176,7,22.31,0.0,7.0,Toys,Nzerekore,,32.0,Female,New,August,148.44
ORD002118,3,24.96,0.0,6.0,Books,Boke,Cash,27.0,Male,New,November,76.44
ORD002640,5,22.92,10.0,,Food,Conakry,Mobile Money,29.0,Female,New,August,106.12
ORD008333,9,28.17,0.0,5.0,Beuty,Labe,,36.0,Female,New,April,268.5
ORD005021,5,12.96,0.0,5.0,food,Boke,card,34.0,Male,Returning,July,69.57
ORD003715,3,77.39,0.0,3.0,Clothing,Boke,,38.0,M,Returning,September,210.95
ORD001689,7,308.9,10.0,4.0,Electronics,Conakry,Mobile Money,22.0,Male,Returing,August,2100.75
ORD008765,6,84.08,0.0,4.0,Sports,Boke,Credit Card,48.0,Female,New,February,411.51
ORD005116,5,38.25,0.0,,Toys,Labe,Cash,43.0,Male,NEW,August,193.37
ORD005653,3,42.54,,4.0,Toys,KANKAN,Card,42.0,Female,returning,November,106.04
ORD000903,5,24.56,5.0,7.0,Books,Labe,MobileMoney,29.0,Female,New,November,116.93
ORD001135,3,57.36,,6.0,Sports,Nzerekore,,22.0,Male,New,June,156.33
ORD008288,6,29.75,20.0,4.0,Toys,Nzerekore,Card,40.0,Male,Returning,July,133.57
ORD001109,1,20.27,0.0,1.0,FOOD,Conakry,card,36.0,Female,Returning,May,19.89
ORD004974,4,35.16,5.0,7.0,Toys,conakry,Cash,28.0,female,New,May,125.77
ORD003060,4,168.74,0.0,3.0,Electronics,Boke,Cash,19.0,Male,New,February,673.2
ORD007631,1,30.05,15.0,2.0,Toys,Nzerekore,Mobile Money,38.0,Male,New,January,29.36
ORD009644,4,,0.0,5.0,toys,CONAKRY,Mobile Money,,Male,NEW,March,252.93
ORD005492,6,38.95,0.0,8.0,Clothing,Nzerekore,Cash,27.0,Male,Returing,September,201.12
ORD007839,7,133.32,0.0,5.0,SPORTS,boke,Card,36.0,Female,Returning,September,937.53
ORD006433,1,,10.0,4.0,Food,Boke,Card,38.0,FEMALE,NEW,October,22.04
ORD000769,3,43.08,0.0,3.0,Toys,BOKE,,25.0,MALE,New,April,118.66
ORD004850,8,67.88,10.0,2.0,Home,Conakry,Cash,23.0,Male,Returning,October,430.28
ORD001761,3,16.14,15.0,7.0,Foood,Conakry,CASH,8.0,Male,Returning,June,42.92
ORD009480,5,24.59,0.0,6.0,Books,Boke,Mobile Money,27.0,Male,Returning,December,141.08
ORD000618,3,,0.0,5.0,SPORTS,Kankan,Mobile Money,16.0,Male,New,August,321.41
ORD006372,7,152.03,0.0,,Home,Kankan,Cash,37.0,Female,New,October,1110.21
ORD002139,1,51.25,15.0,7.0,Beuty,Conakry,MobileMoney,23.0,Female,New,September,37.92
ORD007604,3,397.84,0.0,3.0,Electronics,Conakry,card,33.0,Female,Returning,March,1442.55
ORD000796,5,34.23,0.0,2.0,Books ,Conakri,Card,29.0,Female,new,July,158.29
ORD004912,2,193.3,0.0,4.0,ELECTRONICS,boke,Cash,,Male,New,August,303.47
ORD003838,2,26.99,5.0,3.0,Books,Conakry,Card,32.0,Female,Returning,January,54.73
ORD006986,8,13.69,0.0,6.0,Food,Kankan,CASH,24.0,Female,Returning,June,110.61
ORD008938,5,219.77,0.0,,Electronics,boke,Card,20.0,Male,Returning,November,1031.48
ORD003876,7,17.09,25.0,2.0,BOOKS, Conakry,Card,30.0,Female,Returning,January,92.88
ORD004734,3,20.53,0.0,5.0,beauty,Labe,Mobile Money,41.0,Male,New,June,65.0
ORD008519,7,16.14,10.0,7.0,Books,Kankan,cash,-12.0,Male,Returning,July,93.28
ORD008119,6,28.32,20.0,5.0,Beauty,Boke,MobileMoney,,Male,New,October,142.58
ORD003841,1,177.41,-20.0,5.0,Home,conakry,Mobile Money,26.0,Female,Returning,November,176.95
ORD007000,3,365.08,0.0,7.0,electronics,Labe,Mobile Money,37.0,Male,New,February,1025.81
ORD001326,6,99.7,0.0,3.0,CLOTHING,Kindia,Cash,,F,New,January,595.23
ORD009691,4,,0.0,5.0,Clothing,Kankan,Mobile Money,,FEMALE,New,July,187.37
ORD002165,3,,,7.0, Foood ,Nzerekore,Card,21.0,Male,New,September,57.55
ORD006726,6,30.29,5.0,6.0,Toys,Kindia,Mobile Money,25.0,Female,Returning,January,196.89
ORD003757,4,171.61,0.0,3.0,electronics,Conakry,Card,29.0,Female,New,January,723.93
ORD002111,9,148.44,,2.0,Home,Kindia,Credit Card,44.0,Female,New,June,1453.31
ORD001088,6,111.95,20.0,5.0,Sports,Labe,Mobile Money,32.0,Female,Returning,February,508.4
ORD004078,5,38.84,10.0,2.0,Sports,Nzerekore,MOBILE MONEY,36.0,Male,New,April,173.02
ORD008089,3,60.53,20.0,4.0,Sports,Kankan,Mobile Money,,Male,New,August,149.31
ORD004254,4,293.07,5.0,150.0,Electronics,Labe,Card,,male,New,October,1107.06
ORD004535,6,38.68,0.0,1.0,Toys,KINDIA,Mobile Money,32.0,MALE,New,June,267.05
ORD006760,4,23.22,,7.0,Books,Nzerekore,Cash Payment,33.0,Female,RETURNING,February,74.92
ORD006713,4,264.31,0.0,5.0,Electronics,Kindia,Card,16.0,Female,New,July,1105.96
ORD007581,1,64.2,,,Beauty,CONAKRY,Mobile Money,26.0,Female,new,September,57.98
ORD001570,3,11.42,,4.0,Books,Conakry,,27.0,Female,New,March,27.95
ORD008900,3,13.75,0.0,,Food,Conakry,MOBILE MONEY ,19.0,Female,Returning,February,41.5
ORD001238,4,193.98,15.0,4.0,Sports,Conakri,MobileMoney,,Female,Returning,May,605.95
ORD009133,6,12.84,10.0,3.0,Beauty,Labe,Mobile Money,25.0,Male,Returning,July,66.29
ORD002305,3,120.67,0.0,6.0,Home,Labe,Cash,,Male,New,June,360.64
ORD009447,2,22.32,20.0,6.0,books,Boke,Credit Card,8.0,Female,Returning,August,33.71
ORD001604,4,19.54,,2.0,Books,Conakry,,41.0,Male,New,May,78.61
ORD003241,2,80.16,10.0,7.0,Clothing,Conakry,Cash,37.0,Male,Returning,November,118.41
ORD007618,5,60.82,5.0,,Home,Kankan,Card,16.0,Female,Returning,January,310.83
ORD008998,2,,0.0,4.0,Food,Conakry,Card,28.0,Male,New,September,9.66
ORD008396,2,108.59,,4.0,Sports,Nzerekore,mobile money,33.0,Male,returning,May,212.28
ORD007365,3,12.67,-20.0,4.0,Books,kankan,Cash,19.0,Male,Returing,August,27.38
ORD006306,-3,15.61,0.0,4.0,Food,Conakry,Cash,,Female,Returning,April,48.45
ORD006157,3,-40.0,15.0,7.0,Toy,conakry,,30.0,Female,New,May,77.06
ORD004975,6,110.78,0.0,4.0,Home,Kankan,,50.0,Female,Returning,August,635.78
ORD001540,3,77.61,0.0,,clothing,Conakry,Card,16.0,Female,Returning,April,255.75
ORD006285,4,,30.0,8.0,Beuty,Conakry,Mobile Money,180.0,Female,New,January,123.25
ORD000909,4,42.93,0.0,4.0,Beauty,Conakry,Mobile Money,27.0,Male,New,January,171.11
ORD000848,6,35.6,0.0,1.0,Beauty,Boke,Credit Card,24.0,Male,New,March,197.81
ORD000462,7,287.63,0.0,5.0,electronics,KINDIA,Mobile Money,,Female,Returning,September,1896.04
ORD007257,3,55.68,5.0,3.0,Toys,Conakry,Card,24.0,Male,New,May,176.19
ORD000814,5,36.66,10.0,3.0,Clothing,Conakry,Cash,25.0,MALE,New,July,158.04
ORD007986,1,24.02,20.0,5.0,Toys,LABE,mobile money,37.0,Female,New,August,20.52
ORD001523,4,78.61,5.0,,Sports,Labe, MobileMoney ,21.0,Female,New,October,309.59
ORD005890,5,42.21,0.0,3.0,Beauty,Kindia,,39.0,MALE,NEW,July,168.35
ORD001055,2,15.86,0.0,6.0,Food,Kindia,Card,,M,New,November,30.73
ORD005987,6,43.31,15.0,3.0,BEAUTY,CONAKRY,Cash,40.0,Male,Returning,March,213.07
ORD006561,5,23.63,0.0,,Toys,Nzerekore,Mobile Money,24.0,Male,New,October,123.98
ORD002219,5,65.72,,4.0, Beauty ,Conakri,Card,17.0,Female,returning,November,305.86
ORD001807,3,52.61,0.0,1.0,Beauty,Kindia,Mobile Money,41.0,Male,New,May,141.75
ORD003742,4,346.53,0.0,6.0,Electronics,Kindia,mobile money,39.0,Female,New,July,1349.32
ORD003716,8,302.74,15.0,5.0,Electronics,Labe,card,26.0,Female,Returning,August,2465.34
ORD004140,5,21.07,,7.0,Beauty,Nzerekore,,40.0,Female,New,March,94.37
ORD005277,4,8.21,0.0,5.0,Books,Nzerekore,Mobile Money,26.0,Female,Returning,May,30.44
ORD008881,4,19.73,0.0,,Books,Nzerekore,Card,44.0,F,Returning,September,80.98
ORD003261,1,28.33,25.0,6.0,books,Conakry,Mobile Money,21.0,M,Returing,July,25.27
ORD002158,6,28.74,0.0,4.0,Beauty,Boke,Mobile Money,30.0,Female,New,September,171.77
ORD004833,3,82.49,10.0,2.0,Clothing,LABE,Cash,25.0,Male,New,September,221.32
ORD000777,3,122.34,0.0,5.0,Home,Kankan,Mobile Money,,Female,Returning,October,341.44
ORD002860,3,107.83,15.0,4.0,Home,KINDIA,Card,18.0,Female,Returning,July,287.36
ORD003927,5,,0.0,3.0,Food ,Conakry,Cash,45.0,Female,New,August,134.82
ORD007767,10,108.17,20.0,6.0,Electronics,Kindia,Mobile Money ,24.0,Female,New,September,831.05
ORD007362,4,22.35,0.0,4.0,HOME,Nzerekore,Card,40.0,Female,Returning,July,106.14
ORD009058,5,65.95,0.0,3.0,SPORTS,Labe,,40.0,Female,New,October,379.0
ORD004786,3,17.11,0.0,4.0,Books,Labe,Mobile Money,23.0,Female,New,February,50.1
ORD003599,5,21.19,,3.0,Food,CONAKRY,Cash,38.0,Female,New,December,103.12
ORD008644,9,46.96,0.0,4.0,sports,Kankan,Mobile Money,,Female,New,January,478.29
ORD001534,4,113.46,5.0,5.0,Home,Nzerekore,MOBILE MONEY,,Female,New,June,437.03
ORD004288,3,55.07,0.0,7.0,Beauty,Kindia,Mobile Money,18.0,Male,New,February,165.29
ORD002274,4,37.23,0.0,3.0,Beuty,Boke,,,Female,Returning,September,158.43
ORD004749,1,0.9,0.0,7.0,Sports,Kankan,Mobile Money,25.0,Female,New,March,0.96
ORD008340,4,55.16,10.0,1.0,Clothing,Kindia,,31.0,Female,new,December,216.07
ORD008767,6,321.88,250.0,5.0,Electronics,Kankan,Mobile Money,18.0,Female,New,November,1407.48
ORD006184,4,25.33,30.0,6.0,Toy,Boke,,30.0,Male,Returning,January,73.23
ORD003344,3,42.26,,3.0,Cloting,KANKAN,Cash,,Female,New,January,139.14
ORD005555,3,112.79,0.0,,SPORTS,Conakry,Cash,35.0,Male,New,April,352.6
ORD004434,5,74.5,0.0,2.0,SPORTS,Kankan,CARD,31.0,Male,new,May,383.8
ORD001943,7,44.64,10.0,3.0,Clothing,Boke,Mobile Money,,Male,Returning,June,311.0
ORD004992,6,116.76,15.0,4.0,Home,Nzerekore,Card,31.0,Female,Returning,November,592.44
ORD008557,4,99.47,10.0,2.0,Sports,CONAKRY,card,30.0,Male,New,May,321.93
ORD001733,1,25.22,10.0,4.0,Books,Labe,Card,34.0,Male,Returning,February,20.73
ORD001504,4,10.59,15.0,3.0,Books,Nzerekore,Card,25.0,Male,NEW,October,40.78
ORD008640,3,,0.0,6.0,Toys,Boke,Cash,29.0,Female,Returning,January,105.89
ORD008330,3,370.12,10.0,6.0,Electronics,Conakry,Cash,,Female,New,November,967.87
ORD004224,4,289.06,,5.0,Electronics,kindia,Mobile Money,33.0,F,Returning,March,1237.72
ORD002166,5,47.4,0.0,6.0,Toys,labe,cash,32.0,Female,New,May,220.78
ORD006622,4,184.52,10.0,6.0,home,Conakri,Credit Card,41.0,Female,New,July,707.3
ORD005484,250,55.19,0.0,4.0,Beauty,Labe, Cash ,51.0,F,New,February,197.04
ORD000820,4,54.35,0.0,3.0,Beauty,Boke, Cash ,27.0,MALE,Returning,August,207.04
ORD008008,7,63.24,5.0,4.0,Clothing,LABE,Cash,25.0,FEMALE,returning,August,406.59
ORD008193,2,121.0,15.0,5.0,Sports,Labe,Card,47.0,male,RETURNING,December,209.22
ORD007817,2,34.97,0.0,7.0,beauty,Kindia,Mobile Money,42.0,male,Returning,January,57.89
ORD009171,5,117.77,0.0,1.0,Home,CONAKRY,Card,29.0,Female,New,February,617.73
ORD003738,3,20.19,10.0,5.0,Food,Kindia,Credit Card,32.0,Male,Returning,October,56.42
ORD000031,3,210.17,5.0,8.0,Sport,Conakry,Mobile Money,16.0,Female,Returning,April,607.92
ORD006354,5,29.1,15.0,150.0,clothing,Conakry ,Cash,23.0,Female,Returning,August,118.77
ORD004014,6,68.94,0.0,5.0,Beauty,Conakry,Cash,39.0,Female,Returning,June,448.81
ORD001655,6,76.46,25.0,4.0,Clothing,Conakri,Mobile Money,32.0,Male,new,February,374.06
ORD007729,2,31.23,,5.0,Books,Nzerekore,Card,32.0,Female,New,June,62.77
ORD009418,4,64.15,10.0,2.0,CLOTHING,Conakry,MOBILE MONEY,21.0,Male,Returning,February,224.37
ORD001469,4,177.37,25.0,,Sports, Conakry,MobileMoney,16.0,Female,New,October,552.72
ORD009281,3,24.68,0.0,5.0,CLOTHING,Boke,Card,45.0,Female,Returning,February,66.45
ORD008824,4,100.19,20.0,5.0,Clothing,Boke,Cash,38.0,Male,Returning,March,319.96
ORD001227,5,158.54,10.0,7.0,HOME,Boke,,18.0,Female,RETURNING,July,652.07
ORD003279,4,238.43,5.0,6.0,Electronics,Kankan,Card,46.0,Female,New,June,1035.81
ORD007463,6,108.93,25.0,5.0,home,Boke,Cash,34.0,Female,Returning,October,411.66
ORD003563,4,94.86,10.0,5.0, Home ,Labe,Mobile Money,38.0,Female,New,June,342.66
ORD003800,5,19.64,15.0,6.0,Books,Conakry,Cash,16.0,Female,New,June,91.47
ORD009122,3,500000.0,25.0,3.0,Toys, Conakry,mobile money,26.0,Male,New,November,69.32
ORD008802,4,19.63,5.0,7.0,FOOD,Conakry,Card,35.0,FEMALE,Returning,August,73.07
ORD005024,8,39.07,,5.0,Books ,Conakry,Mobile Money,33.0,Male,Returning,January,279.89
ORD000863,5,18.9,25.0,4.0,Books,BOKE,Mobile Money,44.0,Male,New,September,70.92
ORD009295,4,10.4,0.0,5.0,Books,Kankan,Card,48.0,Female,New,June,45.03
ORD009269,6,553.18,5.0,2.0,Electronics,conakry,Card,34.0,Female,Returning,November,3389.18
ORD000451,6,16.05,5.0,1.0,Food,Conakry,,16.0,Female,New,December,92.36
ORD008694,5,49.37,0.0,5.0,Toys,Labe,Cash,,FEMALE,Returning,March,214.95
ORD002914,4,41.69,0.0,1.0,Toy, Kindia ,Card,53.0,Male,Returning,September,168.19
ORD007413,2,68.83,,1.0,Home,Conakri,,46.0,Female,Returning,May,127.92
ORD001120,8,90.6,10.0,5.0,clothing,Conakry,cash,49.0,Female,Returning,September,697.36
ORD001914,8,466.97,,6.0,Electronics,conakry,Card,20.0,Female,Returning,March,3904.41
ORD005878,4,80.2,5.0,8.0,Sports, boke ,Card,,Female,NEW,January,294.22
ORD001787,7,69.59,0.0,6.0,Clothing,Conakry,Card,16.0,Female,New,March,480.03
ORD004421,4,42.96,,,Toys,Nzerekore,Card,19.0,Female,Returning,February,141.43
ORD000092,5,326.99,0.0,5.0,Electronics,Boke,,53.0,Male,New,July,1722.88
ORD008130,5,47.81,,7.0,toys,Nzerekore,Cash,33.0,Male,Returning,October,257.11
ORD009425,5,42.99,0.0,6.0,Toys,BOKE,Card,37.0,Female,New,November,199.31
ORD006773,5,152.4,0.0,5.0,Home,Boke,Mobile Money,22.0,female,Returning,October,809.13
ORD004553,3,330.55,0.0,5.0,Electronics,Conakry,Mobile Money,28.0,Female,New,December,1072.28
ORD001354,4,-40.0,0.0,4.0,Beauty,Kankan,card,27.0,Female,Returning,November,101.76
ORD006322,2,29.48,15.0,1.0,Sports,Nzerekore,Mobile Money,26.0,Male,Returning,May,46.85
ORD002338,4,79.23,0.0,4.0,SPORTS,KINDIA,Mobile Money,8.0,Female,Returning,January,307.06
ORD009379,2,88.51,10.0,5.0,Sport,Conakry,Credit Card,32.0,Female,New,July,151.4
ORD000431,3,20.44,15.0,7.0,BOOKS,Nzerekore,cash,31.0,F,New,November,48.66
ORD005755,4,36.81,15.0,4.0,Toys,Kindia,CASH,24.0,Male,New,November,110.55
ORD003155,4,27.06,,7.0,Toys,Nzerekore,MOBILE MONEY,21.0,Female,New,September,98.83
ORD009621,5,9.88,30.0,5.0,Food,Nzerekore,Cash,41.0,Male,New,October,34.59
ORD008068,3,55.83,0.0,5.0,Beauty,Kindia,Cash ,,Female,New,September,177.29
ORD007673,4,500000.0,0.0,4.0,TOYS,Conakry,Cash Payment,26.0,Male,New,January,52.65
ORD009584,5,39.5,10.0,8.0,Books,Conakry,Mobile Money,30.0,MALE,NEW,November,162.92
ORD007611,5,46.45,10.0,6.0, CLOTHING ,Conakry,card,40.0,Female,New,February,192.84
ORD002063,7,187.16,10.0,2.0,Electronics,BOKE, Cash ,,Male,Returning,August,1187.6
ORD005978,4,,0.0,5.0, Electronics,Boke,MobileMoney,26.0,Male,New,May,1318.24
ORD005833,4,27.91,0.0,4.0,BOOKS,conakry,Card,36.0,Female,New,November,113.55
ORD000410,3,31.98,0.0,150.0,Toys,Nzerekore,Card,33.0,Female,Returning,February,103.14
ORD000060,4,24.39,0.0,4.0,Food,BOKE,Mobile Money,40.0,Male,Returning,March,89.85
ORD006187,4,33.7,0.0,5.0,Beauty, Labe ,MobileMoney,23.0,Female,Returning,May,125.97
ORD000137,4,35.54,0.0,,Toys,KANKAN,Cash,19.0,Female,New,October,155.36
ORD003678,6,34.26,25.0,,Clothing,Nzerekore,Mobile Money,31.0,Female,Returning,March,151.05
ORD002926,3,25.68,0.0,,Toys,Conakry,Mobile Money,24.0,Female,Returning,March,79.0
ORD007699,7,92.24,0.0,,home, Conakry,Mobile Money,31.0,Male,New,August,667.0
ORD006225,3,22.39,5.0,2.0,TOYS,Labe,Mobile Money,26.0,FEMALE,RETURNING,July,66.88
ORD006599,8,29.1,0.0,3.0,Beauty,Kindia,Card,28.0,Male,new,August,221.81
ORD003721,4,143.68,0.0,7.0,Electronics,KINDIA,Cash,37.0,Female,New,October,517.37
ORD005563,4,226.34,0.0,2.0,Electronics,NZEREKORE,Mobile Money,33.0,Male,New,May,974.0
ORD009172,3,120.34,0.0,8.0,SPORTS,Conakry,Card,39.0,Female,New,October,335.8
ORD004898,4,43.24,,3.0,Toys,Kankan,Mobile Money,27.0,Male,NEW,October,173.5
ORD008670,6,150.15,0.0,1.0,Sports,Labe,,28.0,Male,New,November,838.91
ORD009654,2,30.37,0.0,8.0,Toys,Kankan,Cash,32.0,Female,Returning,July,60.25
ORD009229,3,122.42,10.0,6.0,Sports,Conakri,Cash,43.0,Male,New,November,274.37
ORD002901,5,62.53,10.0,3.0,Sports,Kankan, Card ,42.0,Female,New,September,295.29
ORD000533,2,39.05,0.0,5.0,beauty,NZEREKORE,,16.0,Male,new,June,94.58
ORD002281,3,330.19,0.0,6.0,Electronics,Boke,Cash,8.0,Female,New,September,906.71
ORD004787,5,44.18,0.0,5.0,clothing,nzerekore,Card,23.0,Female,New,June,189.74
ORD009143,4,111.45,5.0,5.0,HOME,Kindia,Cash,25.0,Female,New,August,429.03
ORD007498,7,27.26,0.0,3.0,Food,Conakry,,27.0,Female,Returning,July,193.95
ORD008500,5,226.85,20.0,4.0, Electronics ,Conakry,Mobile Money,44.0,Female,NEW,April,835.88
ORD003892,3,66.84,0.0,7.0,Beauty,Boke,Card,40.0,Male,Returning,May,200.33
ORD000340,1,84.3,5.0,3.0,Clothing,kindia,CASH,42.0,Female,Returning,April,71.68
ORD004636,5,245.84,0.0,4.0,Electronics,kankan,MOBILE MONEY,41.0,Female,Returning,November,1214.05
ORD005766,3,215.11,10.0,6.0,Electronics ,Boke,Cash,37.0,Male,New,September,588.67
ORD003598,3,43.17,25.0,6.0,Clothing, Conakry, cash ,23.0,Female,New,November,93.61
ORD008561,2,64.11,0.0,5.0,Sports,Kindia,Card,20.0,Female,New,July,114.95
ORD007488,3,18.2,0.0,1.0,Clothing,Nzerekore,Mobile Money,39.0,Male,Returning,July,53.62
ORD001048,3,57.96,0.0,2.0,TOYS,Labe,CASH,37.0,Male,New,November,180.13
ORD006926,7,28.86,0.0,6.0,books,conakry,Cash,31.0,Female,new,June,221.64
ORD000035,3,115.85,0.0,7.0,Sports,NZEREKORE,Mobile Money,46.0,MALE,New,September,307.63
ORD009353,4,1.46,0.0,1.0,Food,Nzerekore,card,17.0,Male,Returning,October,6.18
ORD007467,2,26.93,0.0,7.0,Toys,Boke,Cash Payment,28.0,F,Returning,April,50.51
ORD007265,4,376.18,15.0,3.0,Electronics,Labe,Card,46.0,Male,Returning,December,1262.93
ORD005628,2,106.61,10.0,5.0,Clothing,Boke,cash,31.0,Male,New,July,211.08
ORD005000,5,275.85,0.0,4.0,Electronics,Labe,Cash,41.0,Male,Returning,February,1281.98
ORD007035,5,142.48,0.0,5.0,Sports,Boke,Cash,32.0,Male,New,March,738.18
ORD004359,2,40.91,0.0,1.0,Toys, Conakry,Cash Payment,16.0,Female,Returning,April,84.69
ORD001917,2,75.56,10.0,4.0,Clothing,Conakry,Card,,Female,Returning,August,125.95
ORD005248,4,,0.0,7.0,SPORTS ,Kankan,Cash,40.0,Female,New,March,467.68
ORD008686,6,115.43,15.0,-8.0,sports,Kindia,,,F,Returning,May,557.31
ORD006393,2,44.45,10.0,2.0,beauty,Kindia,card,24.0,Male,Returning,April,88.79
ORD008777,3,411.33,20.0,8.0,ELECTRONICS,Conakry,Mobile Money,29.0,Female,RETURNING,November,1030.21
ORD007052,3,37.78,5.0,5.0, clothing ,Boke,CARD ,31.0,female,New,July,95.55
ORD006744,1,16.71,0.0,7.0,Food,Boke,Card,41.0,Female,Returning,August,16.96
ORD008782,5,444.34,0.0,7.0,electronics,Conakry ,,35.0,male,New,February,2666.08
ORD006480,-3,10.0,0.0,5.0,Food,Boke,Card,,Male,New,December,38.79
ORD006806,250,34.07,25.0,6.0,Toys ,Kindia,Credit Card,,Male,Returning,December,63.91
ORD006607,5,,0.0,-6.0,Cloting,Labe,Card,22.0,Female,Returning,December,356.17
ORD006266,6,192.41,5.0,3.0,Electronics,Nzerekore,Card,19.0,Female,returning,June,1059.9
ORD002838,1,35.32,0.0,2.0,Toys,Nzerekore,MobileMoney,49.0,male,Returning,September,31.56
ORD003769,2,10.68,0.0,5.0,Food,Labe,Cash,33.0,Female,Returning,January,22.62
ORD006326,5,40.24,0.0,3.0,Toy,Conakri,Cash Payment,37.0,Male,NEW,March,170.94
ORD003681,4,48.32,10.0,5.0,Beauty,Boke,Card,,Female,Returning,July,185.01
ORD000498,2,207.88,10.0,8.0,ELECTRONICS,Nzerekore,Mobile Money,45.0,female,New,April,332.07
ORD001860,5,140.41,10.0,5.0,Home,Kindia,card,31.0,female,New,March,643.2
ORD002479,5,84.94,0.0,5.0,Sports,kindia,Card,47.0,F,New,June,408.95
ORD005104,2,332.82,20.0,4.0, Electronics,Boke,Cash,,Female,New,February,545.38
ORD005122,7,72.45,5.0,5.0,Clothing,BOKE,Cash,40.0,female,New,January,505.74
ORD003988,1,26.83,20.0,2.0,books,Boke,Cash,180.0,Male,Returning,March,20.83
ORD007690,4,57.2,0.0,3.0,Beauty,Conakry, Mobile Money ,39.0,male,New,September,239.33
ORD003080,3,9.03,10.0,4.0,books,Nzerekore,Card,23.0,Male,Returning,June,27.02
ORD006256,1,612.66,0.0,5.0,  Electronics , Conakry,,29.0,Male,New,August,585.98
ORD000998,3,22.62,0.0,4.0,Books,Kankan,Cash,22.0,Female,New,March,79.77
ORD006746,5,364.77,0.0,4.0,electronics,Boke,Cash,36.0,Male,New,April,1794.03
ORD003684,5,15.4,0.0,4.0,Book,Boke,Mobile Money,31.0,Female,New,August,76.21
ORD001663,7,34.06,20.0,5.0,Toys, Labé ,Cash,33.0,Male,RETURNING,March,167.78
ORD003717,2,,,6.0,Electronics,Conakry,Card,31.0,Female,Returning,May,608.95
ORD007544,3,29.26,0.0,-8.0,Books,Kankan,Mobile Money,24.0,Female,Returning,May,75.07
ORD009006,4,188.0,5.0,6.0,Home,Conakry,cash,,Male,Returning,May,685.59
ORD000235,3,72.39,0.0,5.0,Sports,Conakry,Mobile Money,16.0,Female,New,May,205.95
ORD003524,3,98.68,,4.0,Beauty,Conakry,cash,22.0,Male,New,May,282.22
ORD002082,4,51.63,0.0,2.0,Clothing,Nzerekore,Cash,24.0,female,Returning,February,219.51
ORD008080,4,251.75,0.0,-6.0,Electronics,NZEREKORE,Card,42.0,Female,Returning,January,1027.18
ORD001118,4,161.74,0.0,7.0,Home,Labé,Cash Payment,41.0,Female,Returning,May,621.56
ORD004047,2,71.36,30.0,2.0,Home,NZEREKORE,Card,31.0,Female,Returning,July,88.0
ORD000199,2,25.35,0.0,3.0,Beauty,Kindia,Mobile Money,29.0,M,Returning,July,52.19
ORD008857,2,92.91,0.0,6.0,Home,kindia, Mobile Money ,28.0,Female,New,May,196.86
ORD006160,4,26.15,0.0,5.0,BEAUTY,NZEREKORE,Cash,,Male,Returning,December,105.64
ORD008473,4,52.69,30.0,-8.0,Beauty,Conakry,Cash,45.0,Male,Returning,December,148.41
ORD007393,5,251.8,10.0,2.0,Electronics,Kankan,,,Female,New,December,1152.92
ORD003669,9,16.21,,6.0,food,Conakry,Mobile Money,16.0,Female,New,February,148.15
ORD005791,2,696.28,0.0,8.0,Electronics,Conakry,,28.0,Male,Returning,December,1468.79
ORD005941,7,330.5,0.0,2.0,Electronics,Conakry,Cash,28.0,Female,Returning,October,2413.38
ORD000548,6,364.4,0.0,4.0, Electronics ,Conakry,mobile money,47.0,MALE,Returing,May,2192.12
ORD001108,5,396.18,0.0,6.0,Electronics,Kindia,cash,34.0,male,Returing,June,2031.64
ORD004038,7,21.27,,4.0,food,Boke,Cash Payment,34.0,Female,New,April,156.08
ORD007099,4,41.54,5.0,4.0,Beauty,Nzerekore,Mobile Money,46.0,Male,New,April,183.29
ORD001888,4,94.89,0.0,2.0,Home,Kankan,Cash,,Male,Returning,January,342.0
ORD003205,4,67.45,,5.0,Sports,LABE,CASH,30.0,Male,New,July,266.68
ORD000565,3,13.24,0.0,7.0,Food,Labe,mobile money,23.0,F,New,May,40.04
ORD004791,7,320.64,0.0,4.0,Electronics,Boke,Mobile Money,40.0,Male,New,September,2408.66
ORD008451,250,71.82,0.0,6.0,Beauty,Conakri,cash,35.0,Female,RETURNING,August,416.09
ORD005344,-3,90.33,5.0,7.0,Clothing,Kindia,Mobile Money,25.0,Male,New,May,398.48
ORD008623,3,50.8,0.0,2.0,Beuty,Kindia,card,37.0,male,Returning,September,148.06
ORD003162,4,53.72,0.0,3.0,toys,Conakri,Mobile Money,35.0,Female,New,September,216.33
ORD002797,3,500000.0,5.0,4.0,Home, Conakry ,card,57.0,Female,new,January,669.07
ORD000238,6,32.69,10.0,6.0,Books,Kindia,Card,21.0,Male,New,October,170.72
ORD001051,5,64.26,10.0,4.0,CLOTHING,Kindia,Card,16.0,Male,New,April,282.94
ORD006740,3,14.24,0.0,4.0,FOOD,Nzerekore,Card,8.0,male,Returning,December,43.87
ORD004801,2,,0.0,1.0,Sports,Conakry,Cash,37.0,Male,New,October,205.65
ORD000538,3,99.21,0.0,4.0,Clothing,Kankan,Cash,50.0,Male,New,February,307.62
ORD005429,4,24.54,10.0,3.0,Books,Nzerekore,Mobile Money,29.0,Male,New,April,84.21
ORD003396,1,121.71,10.0,5.0,Home,BOKE,MobileMoney,36.0,Male,New,June,105.83
ORD009169,2,25.47,15.0,6.0,Toys,kindia,Mobile Money,48.0,Female,New,March,44.09
ORD003848,3,76.25,0.0,7.0,Beuty,Conakri,Mobile Money,,Female,Returning,February,226.85
ORD000299,6,52.61,0.0,5.0,Clothing,KINDIA,Credit Card,21.0,Female,New,September,287.84
ORD003558,4,19.41,0.0,6.0,Book,Conakry,card,19.0,Male,New,April,72.86
ORD001117,6,34.54,0.0,9.0,Beauty,Kindia,Cash,32.0,Female,Returning,February,202.67
ORD005496,7,160.45,0.0,4.0, Home ,Conakry,Card,27.0,Female,New,May,1109.99
ORD001804,3,453.43,,6.0,Eletronics,Labé,Mobile Money,26.0,Male,New,January,1375.33
ORD003043,10,34.97,,3.0,Beuty,BOKE,Cash,36.0,MALE,NEW,September,363.37
ORD001439,5,44.59,10.0,,Clothing,Kindia,cash,16.0,Male,NEW,July,189.29
ORD007316,8,48.47,20.0,6.0,Toys,Boke,mobile money,36.0,Female,Returning,March,337.11
ORD002979,4,112.75,5.0,5.0,Home,Labe,,32.0,Female,Returning,February,421.53
ORD004337,5,92.39,0.0,4.0,Cloting,Conakry,Cash,31.0,Female,New,May,475.73
ORD009513,5,60.43,25.0,6.0,CLOTHING ,Kankan,Card,37.0,Male,New,January,207.55
ORD005255,2,,10.0,1.0,Food,boke,MobileMoney,16.0,Female,new,August,29.74
ORD008760,1,241.77,0.0,1.0,Electronic,N'Zerekore,Mobile Money,41.0,Female,New,September,250.66
ORD000456,4,7.28,0.0,5.0,Books,KANKAN,,44.0,Female,Returning,October,28.2
ORD005540,5,53.71,0.0,3.0,Toys,CONAKRY,CARD,18.0,Female,New,June,219.82
ORD002975,3,,10.0,5.0,BEAUTY,Nzerekore,MobileMoney,35.0,Male,returning,May,23.65
ORD007741,4,89.98,,1.0,Electronics,Kankan,Mobile Money,42.0,Female,Returning,January,251.87
ORD006802,7,,0.0,2.0,CLOTHING,boke,Card,44.0,FEMALE,Returning,October,250.45
ORD007042,3,10.35,15.0,8.0,Food,Labe,,33.0,Female,New,July,27.09
ORD000106,7,57.32,0.0,3.0,Beauty,Kankan,Card,28.0,Female,NEW,December,375.41
ORD001894,5,26.21,-20.0,7.0,Beauty,Conakry,cash,41.0,MALE,Returning,March,109.39
ORD004824,4,22.9,0.0,4.0,Toys,Kindia,MobileMoney,,Male,NEW,June,85.05
ORD008283,2,,0.0,4.0,Food,Kindia,,24.0,Male,New,May,29.31
ORD005923,2,500000.0,0.0,5.0,Books,Labe ,mobile money,33.0,Female,New,September,39.02
ORD003379,6,112.71,0.0,4.0,Sport,Conakry,,180.0,Female,RETURNING,April,678.83
ORD007278,5,23.2,0.0,3.0,Books,Conakry,Mobile Money,42.0,Female,New,April,117.93
ORD002976,2,18.72,25.0,6.0,Food,Conakry,cash ,37.0,M,Returing,November,27.8
ORD007826,7,32.07,10.0,3.0,Beauty,Nzerekore,Cash,24.0,Female,Returning,September,211.51
ORD000823,2,43.12,0.0,4.0,Toys,Conakry,Cash,37.0,Female,Returning,January,81.66
ORD007298,7,30.84,0.0,5.0,Toys, Kindia ,Card,16.0,Male,Returning,June,217.46
ORD005712,2,384.27,20.0,5.0,Electronics ,Conakry,Card,44.0,Male,New,August,589.67
ORD001006,3,49.43,0.0,6.0,Beauty,Conakry,Card ,17.0,Female,Returning,October,134.94
ORD004293,3,96.76,30.0,8.0,HOME,Conakry,CARD,42.0,M,Returning,January,216.15
ORD009370,2,113.53,,4.0,Home,LABE,cash,28.0,Female,New,August,258.99
ORD002654,1,71.45,,5.0,Home,KANKAN,Card,22.0,Female,Returning,April,74.02
ORD006715,3,13.21,15.0,4.0,Food,kindia,Mobile Money,36.0,Female,New,October,36.97
ORD008343,4,24.24,0.0,5.0,Books,Labe,MOBILE MONEY,27.0,Male,New,December,83.28
ORD006482,3,60.34,10.0,1.0,Toys,CONAKRY,Card,26.0,Female,New,April,181.53
ORD004073,2,32.7,10.0,5.0,Toys,Kindia,Cash,50.0,Male,New,January,60.71
ORD009677,3,14.93,0.0,5.0,FOOD ,Nzerekore ,Cash,18.0,Female,Returning,June,50.13
ORD006971,2,17.78,0.0,6.0,Books,Conakry, Cash ,48.0,Male,Returning,September,35.26
ORD006337,4,16.39,15.0,7.0,Books,Labe,Card,27.0,male,New,February,50.87
ORD007340,-3,369.4,0.0,,Electronics ,Labe,Mobile Money,31.0,M,Returning,October,1223.21
ORD000627,5,52.07,10.0,7.0,Toys,Conakry,Mobile Money,48.0,Male,New,February,240.04
ORD006371,3,304.57,20.0,3.0,Electronics,CONAKRY,CASH,38.0,Male,Returning,October,751.87
ORD001365,2,87.65,,6.0,Home,KINDIA,Mobile Money,26.0,Male,Returning,November,166.96
ORD003830,4,8.54,10.0,5.0,Food,Kankan,Mobile Money,26.0,FEMALE,new,December,33.13
ORD009445,4,28.64,5.0,5.0,Clothing,Nzerekore, Mobile Money ,25.0,Male,New,August,115.57
ORD000024,6,264.81,0.0,6.0,Electronics,Conakry,Cash,21.0,Female,New,April,1650.19
ORD009355,2,36.61,0.0,5.0,Toys,Kindia,CARD,37.0,Male,New,August,70.29
ORD007085,4,49.19,0.0,, Beauty ,boke,Card,34.0,Male,New,January,189.28
ORD001944,2,36.96,0.0,6.0,Toys ,boke,Card,19.0,Female,Returning,July,76.12
ORD008906,1,,0.0,4.0,Sports,Kankan,Cash,20.0,Female,returning,February,65.84
ORD004527,4,185.63,0.0,5.0,Home,Conakry,Mobile Money,32.0,Female,Returning,July,701.65
ORD000721,5,268.89,0.0,6.0,electronics,Nzerekore,Card,56.0,Female,returning,February,1349.4
ORD002844,2,113.9,10.0,7.0,Hom, boke ,Cash,16.0,female,Returning,January,250.01
ORD009146,3,77.92,25.0,5.0,Beauty,Conakry,Cash,36.0,Female,Returning,April,181.48
ORD003947,5,139.74,0.0,5.0,Sports,BOKE,Mobile Money,21.0,Female,Returning,January,749.48
ORD005775,3,21.0,0.0,7.0,Books,Kindia,Mobile Money,42.0,Male,Returning,March,70.98
ORD007834,4,,15.0,7.0, Electronics ,conakry,mobile money,19.0,Male,New,June,2828.2
ORD006412,5,316.47,5.0,4.0,Electronics,Labe,MobileMoney,48.0,Female,New,December,1531.62
ORD006631,5,43.08,0.0,4.0,Toys,Conakry,mobile money,26.0,Male,New,April,220.49
ORD002878,8,,15.0,7.0,Beauty,Nzerekore,MobileMoney,33.0,Male,New,January,271.65
ORD005402,4,29.61,,6.0,food,Conakry,mobile money,35.0,Male,Returning,June,115.57
ORD004168,3,97.66,0.0,6.0,CLOTHING,Conakry,Mobile Money,41.0,male,New,June,244.53
ORD003910,6,27.58,0.0,8.0,books ,Conakry,Cash,36.0,Female,New,June,169.96
ORD001211,3,49.66,5.0,3.0,Toys,Kindia,Cash,36.0,Female,New,April,142.7
ORD006244,4,21.63,25.0,3.0,Beauty,Conakry,Mobile Money,32.0,Male,New,October,65.28
ORD000179,1,22.99,0.0,4.0, Books ,Boke,CARD,18.0,Female,New,July,21.2
ORD009099,5,63.74,20.0,8.0,sports,Kindia,Cash,40.0,Female,Returning,January,300.45
ORD003882,6,3.18,0.0,-8.0,Books,Labe ,Cash,21.0,male,New,April,19.25
ORD000620,3,11.09,,4.0,Clothing,conakry,Mobile Money,,Female,New,June,22.32
ORD008014,5,67.6,10.0,,Clothing,Kindia,Card,31.0,Male,Returning,September,297.58
ORD002624,5,114.38,10.0,5.0,SPORTS,LABE,Mobile Money,22.0,Male,New,May,502.3
ORD002561,1,95.24,0.0,4.0,home,Kindia,Card,35.0,Male,Returning,December,105.32
ORD008742,3,,0.0,3.0,Sport,Boke,Mobile Money,36.0,Female,Returning,March,277.24
ORD008852,4,148.93,20.0,, Sports ,BOKE,Card,42.0,Female,Returning,March,476.52
ORD004190,5,49.5,,7.0,Sports,kindia,MOBILE MONEY,28.0,FEMALE,returning,January,222.07
ORD000311,3,134.09,5.0,4.0,SPORTS,Labe,Cash,26.0,Female,New,June,389.48
ORD006924,2,145.28,0.0,5.0,Hom,Kindia,cash,,Male,New,August,320.57
ORD004239,2,,,3.0,Toys,Boke,MobileMoney,,Female,Returning,September,59.83
ORD008899,4,500000.0,10.0,7.0,Electronics,boke,Cash,,F,Returning,June,1169.32
ORD009142,6,107.81,0.0,5.0,sports,Conakry,Mobile Money,20.0,Female,Returning,April,689.75
ORD006618,2,35.4,5.0,7.0,Books,Conakry,mobile money,16.0,Male,New,July,70.06
ORD003772,4,349.98,0.0,5.0,Electronics, Boke ,Card ,46.0,Male,Returning,May,1384.54
ORD001933,3,2.76,10.0,8.0,Home,Kindia,Card,22.0,Male,Returing,August,7.03
ORD003036,5,22.02,0.0,1.0,Foood,kindia,CASH,36.0,Female,Returning,January,122.96
ORD007270,-3,63.45,15.0,6.0,Clothing,LABE,Cash,,Male,New,February,389.24
ORD007478,4,22.4,0.0,6.0,Food,Labe,CASH,16.0,F,Returing,July,91.81
ORD008947,3,46.87,30.0,5.0,Toys, Conakry,Cash,,Male,New,July,99.12
ORD007524,4,274.74,10.0,150.0,Electronics,Conakri,Cash Payment,56.0,Male,new,December,1115.21
ORD008212,4,12.04,0.0,4.0,Beauty,kankan,Cash,17.0,Male,NEW,December,48.2
ORD009612,2,23.55,0.0,7.0,Food,Conakry,Cash,31.0,Male,New,June,47.25
ORD000041,2,50.56,25.0,4.0,Toys,Conakry,cash,51.0,M,Returning,October,82.3
ORD005982,4,12.13,15.0,3.0,Toys,Boke, Cash ,32.0,Male,Returing,May,39.56
ORD000827,5,39.0,0.0,4.0,Beauty,kindia,Mobile Money,20.0,Male,New,February,205.29
ORD004814,3,48.17,,3.0,beauty,Conakry,Cash,28.0,Male,New,November,144.88
ORD006021,2,23.24,0.0,7.0,Food,Conakry,Mobile Money,48.0,F,Returning,August,44.11
ORD003133,5,6.03,0.0,6.0,Books,Kindia,mobile money,37.0,Female,New,December,25.16
ORD007925,5,66.24,,1.0,Clothing,Kankan,Card,33.0,FEMALE,New,August,357.07
ORD008646,5,48.49,15.0,,Cloting,Nzerekore,Cash,38.0,Female,Returning,July,212.32
ORD008721,2,29.48,20.0,4.0,Toys,Kindia,Card,19.0,Female,New,July,48.06
ORD008585,-3,62.78,0.0,-8.0,toys,Conakry,Mobile Money,35.0,Male,New,June,243.85
ORD008383,1,13.28,0.0,,FOOD,Labe,Cash,26.0,Female,Returning,September,13.88
ORD001049,3,17.84,0.0,5.0,Food,CONAKRY,Card,27.0,Male,Returning,February,62.88
ORD003141,6,12.11,10.0,2.0,Toys,Nzerekore,Card,17.0,Male,New,September,63.69
ORD000528,3,41.67,15.0,7.0,Home,conakry,Cash,37.0,Female,Returning,December,102.2
ORD003490,5,174.65,,3.0,Electronics,kindia,CASH,40.0,male,New,September,997.05
ORD006150,2,38.56,0.0,4.0,Toys,Boke,MobileMoney,31.0,Female,New,October,82.3
ORD003296,6,166.06,0.0,4.0,HOME,conakry,MOBILE MONEY,18.0,Male,New,January,975.65
ORD005754,2,15.53,0.0,5.0,food,Kindia,Mobile Money,37.0,Female,New,July,30.77
ORD002319,2,22.61,0.0,3.0,Food,Labe,Card,27.0,Male,New,January,44.54
ORD006044,4,9.76,10.0,5.0,FOOD,Labe,Card,22.0,Female,New,December,32.99
ORD002692,4,,0.0,3.0,Beauty,Kindia,Cash,31.0,female,Returning,May,175.47
ORD006279,7,70.56,5.0,3.0,Sports,Nzerekore,Mobile Money,30.0,M,Returning,November,425.15
ORD004449,4,183.84,0.0,3.0,Home,Conakry,cash,31.0,Male,Returning,May,826.49
ORD000895,2,292.34,250.0,5.0,Electronics,Conakry,Card,39.0,Female,Returning,November,430.31
ORD004586,1,21.37,0.0,5.0,Clothing,Nzerekore,Card,27.0,Male,Returning,March,21.78
ORD004621,2,,0.0,8.0,Books,Kindia,Mobile Money,37.0,Male,Returning,April,9.74
ORD003972,3,87.54,0.0,2.0,clothing,BOKE,,29.0,Female,Returning,December,251.45
ORD007520,9,58.35,0.0,6.0,Clothing,Kindia,Cash,29.0,Male,Returing,November,582.65
ORD000911,2,247.2,0.0,7.0, Electronics,Kindia,Card,16.0,Female,New,October,484.95
ORD002542,4,,0.0,4.0,Toys,Labe,Card,,Female,New,March,52.47
ORD002006,3,16.42,15.0,7.0,Books,Kindia,Cash,,Male,NEW,May,40.47
ORD004600,6,84.32,0.0,3.0,Clothing,Kindia,Cash,35.0,Female,New,September,547.13
ORD000559,2,73.06,15.0,6.0,beauty,Conakry,Mobile Money,45.0,Female,RETURNING,August,137.33
ORD000125,3,100.63,0.0,2.0,Home,NZEREKORE,Cash,16.0,Female,Returning,May,315.53
ORD001471,1,28.97,0.0,5.0,Sports,Boke,CARD,20.0,Female,Returning,December,26.75
ORD005650,11,17.15,0.0,6.0,FOOD,Conakry,Mobile Money,34.0,FEMALE,Returning,October,187.27
ORD005381,4,,0.0,4.0,Beauty,boke,Cash,34.0,Female,NEW,July,308.17
ORD009618,3,107.69,0.0,3.0,Clothing,Conakry,Card,42.0,M,New,October,358.97
ORD007445,2,101.64,20.0,7.0,SPORTS,Boke,Cash,34.0,Male,RETURNING,April,169.26
ORD005191,2,37.24,15.0,3.0,Beauty,Kankan,mobile money,32.0,Male,Returning,May,60.24
ORD002019,5,42.35,10.0,3.0,Toys, Conakry,Mobile Money,16.0,Male,Returning,February,164.0
ORD001775,2,197.51,0.0,4.0,HOME,CONAKRY,Cash,39.0,F,NEW,May,393.6
ORD001213,4,-40.0,0.0,3.0,BOOKS,Nzerekore,Cash,46.0,male,Returning,August,55.9
ORD001184,7,26.42,10.0,5.0,Sports,Boke,Mobile Money,34.0,Female,Returning,February,168.92
ORD000225,4,351.12,20.0,7.0, Electronics ,Kindia,Cash,53.0,Male,Returning,October,1023.54
ORD008486,4,15.18,,4.0,Books,Kindia,Card,22.0,Female,Returning,June,54.83
ORD001952,2,11.79,0.0,6.0,Toys,Kindia,Mobile Money,30.0,Female,RETURNING,May,23.56
ORD007250,2,156.13,,5.0,Home,Labe,MobileMoney,41.0,Female,Returning,December,275.15
ORD005137,4,243.85,0.0,5.0,Electronics,Nzerekore,Credit Card,24.0,Female,New,April,894.57
ORD000429,4,73.41,10.0,4.0,sports,Conakry,Mobile Money,53.0,Female,Returning,April,289.45
ORD002701,3,25.37,30.0,2.0,Books,Kindia,Card,30.0,Female,New,April,51.49
ORD001372,7,,,6.0,Beauty,Labe,Cash,29.0,Male,Returning,November,218.29
ORD005454,2,30.96,10.0,5.0,Toys,Conakry,MobileMoney,29.0,Female,Returning,December,53.73
ORD004781,3,114.25,,5.0,Hom,Kindia,Cash,30.0,Female,Returning,October,340.1
ORD004262,4,82.55,0.0,3.0,SPORTS,Kindia,Cash,20.0,Female,New,February,297.12
ORD003252,3,188.68,15.0,4.0,Hom,Conakry,Mobile Money,,F,NEW,December,431.83
ORD000828,6,17.8,15.0,8.0,Toys,kankan,Cash,44.0,Female,New,January,94.35
ORD003310,2,26.42,10.0,4.0,Toys,Labe,Mobile Money,37.0,female,New,April,49.17
ORD004729,6,284.57,0.0,1.0,Electronics,Labe,Mobile Money,-12.0,MALE,Returning,July,1871.23
ORD003745,3,227.19,0.0,6.0,electronics,Nzerekore,Cash,28.0,Female,Returning,May,603.54
ORD005338,1,67.41,,7.0,clothing,Boke,Card,52.0,MALE,New,April,75.26
ORD002526,4,428.7,0.0,4.0,Electronics,Conakry,Card,19.0,female,New,October,1791.82
ORD001672,1,106.7,10.0,5.0,Sports,Nzerekore,Mobile Money,34.0,Female,New,September,88.23
ORD005557,250,51.23,5.0,3.0,Toys,Boke,Cash,42.0,Female,New,December,100.0
ORD005494,5,121.46,5.0,6.0,Clothing,conakry,Cash,22.0,male,New,July,535.62
ORD002859,5,28.28,0.0,3.0,Beuty,Kankan,mobile money,26.0,female,New,January,142.24
ORD001278,3,189.62,0.0,5.0,Home, Conakry,Card,23.0,Female,New,January,556.41
ORD007279,5,27.36,0.0,,Beauty,NZEREKORE , Cash ,34.0,Female,Returning,July,145.69
ORD000746,4,19.39,10.0,,FOOD,Labe,CASH,28.0,Male,new,March,59.79
ORD005845,1,33.19,25.0,2.0,Toys,Boke,Card,32.0,female,New,April,24.76
ORD008611,3,31.02,10.0,6.0,Books,Boke ,Cash,23.0,Male,New,October,86.11
ORD004694,3,161.86,0.0,1.0,Home,Conakry,CARD,19.0,Male,Returning,November,464.32
ORD000142,3,23.74,10.0,150.0,Toy, kindia ,MOBILE MONEY,25.0,Female,Returning,August,73.91
ORD009113,5,40.05,10.0,4.0,Beauty, KANKAN ,Card,46.0,Female,New,April,185.86
ORD004901,3,38.49,15.0,6.0,Beauty,Conakry,Cash,21.0,Female,New,February,103.49
ORD009002,3,28.62,20.0,3.0,Books,CONAKRY,MobileMoney,24.0,Male,New,August,66.75
ORD005302,5,48.03,0.0,6.0,Toys,conakry,,30.0,Male,Returning,October,236.89
ORD008953,2,310.45,-20.0,7.0,Electronics,Kankan,Cash Payment,38.0,Male,New,January,634.71
ORD008976,6,34.41,0.0,6.0,Toys,Labe ,Card,35.0,Male,RETURNING,January,191.76
ORD002249,4,29.77,,5.0,Clothing,Nzerekore,,35.0,Female,New,August,126.91
ORD000455,5,22.51,0.0,3.0,Toys,Kankan,CARD,37.0,Female,Returning,October,96.03
ORD004869,4,24.16,15.0,5.0,Books,kankan,Mobile Money,,Female,Returning,February,88.68
ORD006857,5,13.11,0.0,3.0,toys,Nzerekore,Cash Payment,16.0,F,Returning,February,65.77
ORD000507,4,,0.0,10.0,Electronics,Conakry,CARD,34.0,Male,New,December,1192.07
ORD007407,4,169.24,0.0,6.0,Home,kindia,Mobile Money,29.0,Female,Returning,October,694.84
ORD003652,1,345.67,5.0,7.0,Electronic,Conakry,Mobile Money,,Female,Returning,May,316.83
ORD000441,2,53.13,0.0,5.0,Sports,Conakry,Card,,male,Returning,November,88.36
ORD003251,5,21.89,0.0,7.0,Clothing,Kindia,Cash,28.0,Male,Returning,March,126.31
ORD006577,9,122.9,15.0,,Home, Conakry,,36.0,Male,New,March,1017.6
ORD001828,3,34.23,0.0,5.0,Toys,Conakry,,18.0,Male,New,May,100.61
ORD000111,250,137.15,0.0,6.0,Home,Conakry,Card,34.0,Female,New,April,563.28
ORD007296,8,37.52,10.0,,Clothing,Kindia,MOBILE MONEY,27.0,Male,New,February,276.06
ORD002997,2,42.94,20.0,5.0,toys,Conakry,Credit Card,36.0,Male,new,September,67.3
ORD007107,1,144.99,10.0,3.0,Sports,Conakry,cash,21.0,Female,Returning,March,123.94
ORD003201,2,36.84,0.0,150.0,Clothing,Conakry,Cash,41.0,Male,Returning,April,70.18
ORD001518,3,43.79,10.0,7.0,Sports,Boke,MOBILE MONEY,,M,New,December,96.14
ORD000985,5,,0.0,5.0,Electronics, Conakry,Mobile Money,180.0,M,Returning,November,2218.48
ORD000715,3,12.51,25.0,2.0,Books,Kindia,Card,28.0,Male,New,September,24.14
ORD001746,4,35.18,25.0,4.0,beauty,Nzerekore,Mobile Money,31.0,F,New,February,107.94
ORD005802,5,148.01,15.0,5.0,Home,Kindia,cash,39.0,Male,New,January,667.48
ORD001583,2,11.16,20.0,3.0,food,Labe,Mobile Money,39.0,Female,Returning,May,18.82
ORD005067,5,41.91,0.0,10.0,Toys,Kindia,Mobile Money,27.0,Male,New,November,224.35
ORD002448,1,65.45,15.0,4.0,Home,Nzerekore,Mobile Money,-12.0,male,New,June,51.12
ORD005939,3,27.91,0.0,4.0,Toys,Kankan,Cash,32.0,Male,Returning,October,82.43
ORD009540,1,124.32,10.0,3.0,Sports,Nzerekore,CASH,,Female,Returing,April,94.84
ORD007969,3,361.58,5.0,4.0,Electronics,Boke,Card,29.0,Female,New,August,1115.61
ORD003099,250,81.8,,1.0,clothing,conakry,mobile money,21.0,Male,Returning,August,329.23
ORD008595,5,88.12,0.0,4.0,Beauty,Conakry,Mobile Money,24.0,Male,Returning,March,452.75
ORD000377,7,287.73,5.0,5.0, Electronics,Kindia,Card,21.0,Male,New,January,1898.54
ORD009679,3,35.98,0.0,6.0,Beauty,Nzerekore,Cash,28.0,Female,New,July,94.87
ORD000206,3,30.57,0.0,6.0,Beauty,Kindia,Mobile Money,27.0,Female,New,February,84.72
ORD006308,4,190.36,0.0,,Home,Labe,Cash,41.0,male,Returning,September,700.12
ORD002195,3,17.77,,3.0,FOOD,CONAKRY,mobile money,28.0,Male,New,February,49.98
ORD005473,2,55.91,0.0,3.0,Toys,Boke ,cash,52.0,Female,Returning,February,96.49
ORD007562,3,68.94,10.0,4.0,Clothing,Boke,Cash,,Female,Returning,February,177.69
ORD008077,6,15.19,0.0,6.0,Food,Boke,Card,23.0,Male,New,December,93.55
ORD009568,3,,20.0,5.0, books ,Nzerekore,card,,Female,New,November,49.38
ORD002179,3,28.52,30.0,6.0,BOOKS,Nzerekore,Mobile Money,,Female,Returning,September,61.06
ORD006033,6,201.38,5.0,6.0,Electronic,Boke,MOBILE MONEY,33.0,M,New,May,1259.77
ORD003702,2,36.78,0.0,2.0,Beauty,Boke,,24.0,Male,New,December,71.78
ORD007082,4,38.89,10.0,6.0,Beauty,Conakry,CASH,,Female,New,December,121.83
ORD006514,2,55.42,15.0,5.0,Clothing,Kankan,Credit Card,,male,NEW,April,100.16
ORD003529,3,67.96,0.0,6.0,Clothing ,Kindia,Mobile Money,16.0,Female,New,April,206.88
ORD000419,3,64.31,0.0,7.0,Toy,Conakry,CARD,,Female,New,November,178.45
ORD000284,5,27.81,10.0,6.0,Sports, Kankan ,Card,24.0,M,returning,March,119.16
ORD003551,6,66.69,0.0,6.0,Sports,Nzerekore,Card,23.0,Male,Returning,October,402.82
ORD004075,6,18.95,30.0,1.0,Foood,Conakry,Cash,,Female,New,September,76.91
ORD000872,2,122.92,0.0,3.0,Home,Conakry,Cash,,M,Returning,October,262.29
ORD002146,2,351.97,0.0,7.0,Electronics,kindia,MobileMoney,26.0,Female,New,May,645.25
ORD008937,4,43.2,,6.0,Clothing,KINDIA,Card ,50.0,Female,New,November,191.37
ORD000355,7,549.1,30.0,5.0,Electronics,Conakry,Mobile Money,29.0,Female,Returning,June,2872.51
ORD009205,4,388.67,25.0,8.0,Electronics,Conakry,Card,,Female,Returning,January,1176.24
ORD008518,6,13.19,5.0,5.0,Food,CONAKRY,Credit Card,24.0,Female,returning,November,73.44
ORD002363,4,29.22,10.0,1.0,Food,Conakry,Card,34.0,Male,Returning,October,105.48
ORD006770,8,212.04,25.0,1.0,Electronics ,Kindia , Mobile Money ,31.0,Male,Returning,January,1191.06
ORD009256,4,37.37,15.0,5.0,Toys,Kankan,Cash,21.0,Female,New,August,121.08
ORD006854,2,56.79,10.0,4.0,Sports,KANKAN,Card,30.0,Female,New,June,96.67
ORD009053,3,215.04,30.0,1.0,Eletronics,Nzerekore,Cash,38.0,Male,Returning,May,432.38
ORD005262,3,70.09,10.0,4.0,electronics,KINDIA,Cash,,Male,Returning,February,189.18
ORD005756,4,87.08,0.0,7.0,Clothing,boke,Credit Card,53.0,Male,New,December,376.86
ORD001141,6,8.75,0.0,5.0,Food,labe,Cash,29.0,M,new,February,56.62
ORD005693,3,43.7,10.0,5.0,Beauty,KANKAN,CARD,60.0,Male,NEW,September,114.99
ORD006946,4,27.84,0.0,4.0,Hom,Boke,Cash,38.0,Male,New,March,106.39
ORD005566,250,334.64,30.0,7.0, Electronics ,Nzerekore,Card,,Male,Returning,August,1071.91
ORD005793,4,61.98,10.0,5.0,Sport,Conakri,Card,38.0,Female,New,May,236.08
ORD005698,3,62.67,0.0,,sports,Kankan,,20.0,Female,Returning,May,186.82
ORD004187,3,129.93,0.0,3.0,sports,Conakry,Mobile Money,25.0,F,New,August,388.7
ORD006544,2,101.94,0.0,6.0,Sports,Labe,Cash,22.0,Male,Returning,August,200.02
ORD004555,1,33.74,10.0,3.0,Clothing,Kankan,Card,33.0,Male,New,July,31.37
ORD002024,7,45.53,15.0,1.0,Clothing,boke,Mobile Money,47.0,Male,Returning,May,304.06
ORD001634,4,9.12,10.0,6.0,food,Conakry,card,25.0,Male,Returning,January,34.9
ORD001639,4,26.68,5.0,2.0,Clothing,Conakry,Cash,32.0,Female,New,December,105.66
ORD000779,2,47.65,0.0,3.0,beauty,Kindia,Mobile Money,55.0,female,Returning,October,88.74
ORD008883,3,84.96,10.0,4.0,Home,Boke, Mobile Money ,180.0,Female,New,June,223.19
ORD004522,10,95.66,25.0,5.0,Cloting,Boke,MobileMoney,45.0,Male,Returning,August,736.4
ORD003736,3,23.33,,3.0,Toys,Boke,Cash,37.0,Male,NEW,October,59.16
ORD000376,2,24.56,0.0,,books,Kankan,Mobile Money,40.0,M,New,February,54.04
ORD002423,4,166.04,20.0,4.0,Home,boke,Cash,36.0,M,Returing,October,516.18
ORD004980,3,46.02,25.0,6.0,Beauty,kindia,CASH,42.0,Male,Returing,December,107.06
ORD005697,6,118.17,10.0,4.0,Home,NZEREKORE,Cash,,Male,New,July,628.01
ORD004788,3,175.1,0.0,4.0,Home,Conakry,cash,28.0,Female,Returning,February,505.26
ORD009438,3,197.86,10.0,5.0,Home,Conakry,Mobile Money,,Male,new,July,587.89
ORD008851,5,272.72,0.0,4.0,Electronics,Conakry,Card,19.0,Male,Returning,December,1330.97
ORD006020,4,242.31,0.0,5.0,Electronics ,Conakry,Cash,,Male,New,March,991.87
ORD007940,5,65.36,10.0,2.0,Clothing,KANKAN,Card,23.0,MALE,Returning,June,265.54
ORD006954,5,25.78,,6.0,Toys,kankan,mobile money,37.0,Male,New,February,124.14
ORD008304,7,,,4.0,ELECTRONICS,Kankan,Mobile Money,28.0,Male,New,February,1588.1
ORD004414,3,42.1,10.0,2.0,Toys,Nzerekore,mobile money,,Female,new,December,104.98
ORD003347,6,23.98,0.0,4.0,beauty, Boke ,Card,42.0,Female,Returning,May,156.67
ORD001169,3,36.21,0.0,1.0,Beauty,Kankan,Card,31.0,Male,Returning,January,114.31
ORD008462,2,211.55,0.0,1.0,Home,kindia,Mobile Money,32.0,Female,New,February,451.66
ORD001903,4,23.29,0.0,3.0,Beauty,Nzerekore,Mobile Money,18.0,Male,New,October,93.0
ORD000631,4,135.95,15.0,5.0,HOME,Conakry,Cash,47.0,Female,New,July,475.74
ORD004605,3,77.32,10.0,5.0,Sport, Conakry,MOBILE MONEY,36.0,M,New,October,201.76
ORD004330,4,,0.0,4.0,Home,Kindia,Cash Payment,29.0,Male,Returning,January,557.01
ORD009554,3,34.15,0.0,3.0,Toys,Conakry,Cash,24.0,Female,returning,October,106.19
ORD003209,7,152.14,0.0,9.0,Home,boke,Credit Card,20.0,female,Returning,March,1025.25
ORD002595,6,47.39,5.0,7.0,Beauty,Boke,MOBILE MONEY,30.0,Male,Returning,March,275.26
ORD000177,7,15.56,0.0,8.0,FOOD,Conakry,Cash,31.0,Female,Returning,June,116.95
ORD003631,4,197.18,0.0,3.0,Electronics,Kankan,Mobile Money,38.0,Female,Returning,September,735.7
ORD003898,2,19.01,0.0,6.0,Food,Boke,Card,19.0,Male,New,April,40.09
ORD005604,6,46.37,15.0,,TOYS,Kindia,CARD,180.0,Female,New,December,249.62
ORD006870,6,330.91,5.0,8.0,Electronics,Kindia,Cash,37.0,Male,New,March,1922.31
ORD008679,4,16.86,20.0,6.0,Food,Conakry,Card,44.0,Male,Returning,June,53.38
ORD007972,5,85.4,5.0,9.0,Clothing,Kindia,MOBILE MONEY,28.0,Female,New,September,401.44
ORD004851,4,625.56,,3.0,Electronics,Conakry,MOBILE MONEY,23.0,Male,Returning,May,1768.76
ORD004888,3,69.25,0.0,1.0,Clothing,Boke,Mobile Money,26.0,Male,Returing,November,225.76
ORD003787,6,409.62,10.0,6.0,Electronics,Conakry,Mobile Money,33.0,Female,Returning,May,2372.72
ORD003934,4,60.86,0.0,6.0,CLOTHING,Conakry,Mobile Money,50.0,Female,New,January,246.92
ORD001551,1,21.66,-20.0,8.0,Food,Boke,Mobile Money,24.0,FEMALE,Returning,March,20.0
ORD009155,7,303.57,0.0,6.0,Electronics,Conakry,Mobile Money,37.0,Male,New,June,2261.03
ORD009078,3,47.29,0.0,,Clothing,Kindia,Card,36.0,Male,Returning,May,151.74
ORD000126,4,24.2,0.0,3.0,Books,Conakry,Card,16.0,Male,Returning,December,102.69
ORD006896,7,,0.0,2.0,Food,Conakry,Card,38.0,female,Returning,March,82.37
ORD003782,4,16.2,10.0,3.0,Food,Kankan,Cash,27.0,Female,Returning,October,59.8
ORD006384,2,53.4,0.0,3.0,Beauty,Conakry,Cash,24.0,Male,NEW,February,101.92
ORD003367,3,,0.0,5.0,Clothing,Boke,,21.0,Female,New,December,229.89
ORD007328,4,110.72,10.0,3.0,Home,Kindia,Card,40.0,Male,New,August,379.6
ORD001600,3,25.47,0.0,5.0,Clothing,Kankan,mobile money,34.0,Female,New,August,83.71
ORD001503,1,72.77,0.0,5.0,Beauty,Labe,card,40.0,Female,Returning,December,64.92
ORD008714,2,40.35,20.0,7.0,Toys,Nzerekore,Mobile Money,21.0,F,New,September,61.45
ORD007623,3,45.86,25.0,6.0,Beauty,kindia,Card,33.0,Female,RETURNING,January,99.69
ORD002015,5,29.92,15.0,7.0,beauty,Kindia,Cash,44.0,Female,RETURNING,November,119.79
ORD003206,5,90.78,20.0,3.0, Clothing ,Conakry,Cash,22.0,Female,Returning,October,383.49
ORD006858,4,16.83,0.0,5.0,FOOD,Labe,mobile money,18.0,female,Returning,November,79.29
ORD007906,2,23.29,10.0,3.0,books,Labe,Card,29.0,Male,NEW,January,45.28
ORD002440,4,21.63,5.0,5.0,Food,Conakry,MobileMoney,31.0,FEMALE,New,October,86.32
ORD007701,4,22.64,30.0,1.0,Books,KANKAN,Mobile Money,36.0,Male,Returning,December,58.52
ORD008324,4,486.01,,,Electronics,Conakry,Mobile Money,51.0,Male,New,April,1560.65
ORD009301,5,35.41,10.0,3.0,Books,Labe,Cash,26.0,Female,RETURNING,May,171.63
ORD001417,4,70.08,-20.0,6.0,Clothing,Conakry,Card,19.0,Female,NEW,January,273.84
ORD005261,3,21.86,0.0,4.0,Toys,Kindia,cash,42.0,Male,new,August,66.47
ORD009141,1,72.33,15.0,6.0,Sport,Conakry,Cash,44.0,Female,New,July,65.57
ORD008494,6,61.75,0.0,3.0,Clothing,Boke,Card,32.0,female,New,November,393.39
ORD007252,5,34.06,0.0,7.0,Beauty,Boke,,29.0,Male,Returning,July,178.58
ORD008893,4,19.16,15.0,4.0,Food,Conakry,Card,35.0,Female,New,November,67.44
ORD005265,4,27.7,0.0,5.0,TOYS,Boke,MobileMoney,51.0,female,New,February,119.76
ORD001416,5,15.06,,3.0,Food ,boke,Cash,44.0,FEMALE,Returning,March,63.47
ORD005004,3,,25.0,4.0,Electronics ,Conakri,Mobile Money,33.0,male,Returning,December,103.21
ORD004332,3,20.91,0.0,5.0,Food,Conakry,Cash,27.0,FEMALE,Returning,November,62.29
ORD004397,5,62.83,5.0,,Beauty,Conakry,Card,,Male,New,August,302.13
ORD002741,4,84.27,0.0,,Home,Kindia ,CASH,38.0,Female,Returning,October,303.1
ORD007738,2,15.75,0.0,7.0,Beauty,conakry,Card,53.0,Male,New,August,28.21
ORD009161,4,29.29,30.0,5.0,beauty,conakry,Card,,Female,New,August,82.32
ORD005926,5,99.37,5.0,2.0,Sports,Labe,CASH,16.0,MALE,New,June,433.2
ORD004531,5,436.93,10.0,6.0, Electronics,conakry,Cash ,28.0,Male,Returning,November,2258.62
ORD001830,4,109.16,0.0,7.0,Sports,Boke,CARD,43.0,Male,Returning,December,420.01
ORD008164,9,13.49,0.0,4.0,food,Kindia,Card,8.0,Male,New,June,128.93
ORD007963,1,91.57,10.0,-8.0,SPORTS,Kindia,Mobile Money,26.0,Male,Returning,December,85.21
ORD006609,4,17.62,15.0,150.0,Food,Boke,Mobile Money,24.0,female,New,November,64.49
ORD008424,4,57.37,0.0,5.0,Beauty,Conakry,Card,42.0,Male,Returing,August,260.63
ORD009671,4,,0.0,3.0,Toy,conakry,Mobile Money,51.0,Male,New,September,153.51
ORD004959,5,,0.0,2.0,FOOD,Conakry,Cash,35.0,Female,New,December,112.37
ORD008582,6,160.15,0.0,3.0,sports,CONAKRY,mobile money,33.0,Male,Returning,October,955.81
ORD005237,6,274.23,0.0,6.0,Electronics,Kindia,Credit Card,38.0,Male,New,March,1674.45
ORD000873,1,206.77,25.0,5.0,Home,Labe,Card,,Female,Returning,March,185.61
ORD000936,4,11.86,5.0,7.0,Food, Labe ,Card,23.0,male,Returning,December,47.52
ORD006455,4,,0.0,-8.0,Sports,Nzerekore,Cash,,Female,NEW,June,191.59
ORD007240,4,108.94,15.0,3.0,Home,Kankan,card ,43.0,Male,Returning,October,351.77
ORD007973,3,17.61,0.0,5.0,Beauty,Kankan,Cash,28.0,Female,Returning,January,53.5
ORD002746,5,93.25,0.0,3.0,Clothing,Conakry,Cash,32.0,Male,Returning,January,457.19
ORD008727,3,129.88,0.0,3.0, Home ,Kankan,cash,62.0,Male,New,August,421.21
ORD001934,4,9.31,20.0,8.0,Books,Kindia,Cash,37.0,Male,Returning,November,33.26
ORD007415,4,14.41,0.0,5.0,Foood,Nzerekore,Mobile Money,16.0,F,New,December,56.82
ORD007409,4,30.45,0.0,2.0,BOOKS,Conakry,CARD,22.0,Male,New,July,127.41
ORD006475,2,,0.0,4.0,Eletronics,conakry,CASH,31.0,M,New,March,1079.21
ORD006968,2,24.57,20.0,3.0,BOOKS,Kindia,,38.0,Male,Returning,December,43.23
ORD008159,5,,10.0,4.0,Home,Nzerekore,mobile money,20.0,Female,New,April,179.41
ORD000929,6,35.74,0.0,3.0,Toys,Conakry,MOBILE MONEY,180.0,Male,Returning,April,226.52
ORD007720,7,,0.0,4.0,Food,Kankan,MobileMoney,33.0,Female,New,February,109.29
ORD006010,4,26.75,0.0,4.0,Beauty,KANKAN,Card,17.0,Female,New,June,104.13
ORD003863,4,17.76,0.0,6.0,Beauty,Conakry,Cash,28.0,Male,New,July,65.76
ORD004378,3,19.12,10.0,4.0,Book,Conakry,Mobile Money,27.0,Male,Returning,March,56.98
ORD009216,2,101.6,20.0,2.0,Home, Kankan ,Card,34.0,Female,New,July,174.62
ORD003002,2,32.1,0.0,5.0,BEAUTY,Kindia,Card,,F,New,April,72.68
ORD005870,4,63.9,0.0,5.0,Toys,Conakry,Mobile Money,28.0,Female,New,August,243.63
ORD005946,2,345.95,0.0,7.0,Electronics,Labe,Mobile Money,35.0,F,Returning,June,710.7
ORD007689,5,27.76,0.0,8.0,Books,Conakry,Card,23.0,MALE,NEW,November,129.4
ORD001579,2,31.22,0.0,6.0,Beauty,kankan ,Cash,32.0,Male,New,December,61.02
ORD004436,5,24.51,5.0,3.0,BOOKS,Kindia,Mobile Money,33.0,F,New,December,118.62
ORD002510,3,73.27,10.0,1.0,Clothing,Conakry,Mobile Money,44.0,Male,Returning,October,190.41
ORD000898,2,76.54,0.0,,Clothing, Conakry ,card,37.0,Female,Returing,December,141.05
ORD009096,5,119.67,0.0,6.0,Home,Labé,Cash,45.0,Female,New,September,569.84
ORD003957,7,20.65,-20.0,2.0,books,Boke,MOBILE MONEY,30.0,Female,Returning,January,124.26
ORD004492,5,54.37,20.0,7.0,beauty,Conakry,Mobile Money,-12.0,Female,New,July,244.01
ORD004275,2,32.21,0.0,6.0,Toys,Labe,Mobile Money,30.0,Female,New,July,67.31
ORD008751,3,81.18,0.0,3.0,HOME,Nzerekore,Cash,,Male,Returning,July,232.71
ORD007132,5,24.43,0.0,1.0,Food,Conakry,,,M,New,March,102.18
ORD003019,7,64.69,250.0,6.0,Cloting,Conakry,CASH,28.0,Female,Returning,August,372.66
ORD005164,4,48.13,,4.0,Toys,Nzerekore,Cash,23.0,Female,New,November,206.87
ORD000803,5,20.27,0.0,2.0,Toys,N'Zerekore,Mobile Money,23.0,Female,Returning,May,95.84
ORD001919,6,114.31,0.0,5.0,Home,Kankan,Mobile Money,45.0,MALE,New,November,710.61
ORD007829,4,79.24,0.0,7.0,CLOTHING, Conakry,cash,29.0,Male,Returning,November,288.82
ORD007443,2,235.28,25.0,3.0,Electronics,Kindia,cash,,Female,Returning,October,320.87
ORD000207,7,66.35,10.0,4.0,Cloting,Kindia,Card,40.0,Female,Returning,September,415.4
ORD003100,2,14.92,10.0,1.0,Beauty,Nzerekore,,23.0,Female,Returning,October,28.25
ORD004548,6,500000.0,25.0,1.0,Clothing,Kindia,Mobile Money,51.0,Male,New,June,181.83
ORD009180,-3,14.64,20.0,6.0,books,Kindia,CASH,8.0,Female,Returning,September,85.96
ORD002988,4,14.55,30.0,6.0,Food,Boke,,36.0,Male,NEW,May,40.95
ORD000070,6,126.79,,5.0,Home, KINDIA ,Mobile Money,32.0,Female,Returning,November,751.27
ORD002386,3,,0.0,6.0,Books,Labe,mobile money,37.0,Female,RETURNING,September,86.81
ORD009160,2,121.83,,,Sports,Conakry,Cash,23.0,Male,New,January,225.94
ORD007642,4,,10.0,,Clothing,Conakry,cash,44.0,FEMALE,New,March,300.73
ORD000993,6,93.13,0.0,3.0,Hom,Labe,Cash,23.0,Male,New,July,528.39
ORD003320,4,106.67,0.0,,SPORTS,Kankan,Card,26.0,Male,Returning,November,409.85
ORD003374,7,110.06,15.0,3.0,Sports,Boke,Cash,41.0,Female,New,October,627.65
ORD006100,1,183.27,25.0,6.0,ELECTRONICS,Labe,Card,57.0,Female,Returning,March,150.61
ORD003665,1,77.42,,8.0,Sports,Kankan,Cash,42.0,Female,New,January,91.46
ORD009201,4,152.97,15.0,2.0,Home,Boke,,28.0,Female,New,June,606.07
ORD006716,5,39.56,5.0,1.0,Toy,Kankan,Credit Card,31.0,MALE,Returning,June,183.08
ORD002167,5,22.66,0.0,3.0,Toys,Boke,Cash,35.0,Female,New,June,125.38
ORD005316,5,56.71,10.0,4.0,Sports,Kindia,Cash,34.0,Female,New,October,251.82
ORD004031,3,267.55,0.0,3.0,Home, Conakry ,Mobile Money,23.0,Female,new,April,853.38
ORD000859,-3,44.91,0.0,4.0,Beuty, Kankan ,Card,22.0,Male,Returing,February,140.32
ORD000466,4,,10.0,6.0,TOYS,KANKAN, Mobile Money ,37.0,Male,New,September,148.92
ORD008988,7,17.19,,6.0,Food, Nzerekore ,Card,37.0,Male,New,February,98.34
ORD006134,5,25.97,10.0,1.0,Toys,Kankan,Mobile Money,38.0,Female,Returning,October,110.44
ORD000297,6,21.69,15.0,5.0,food,Kankan,,36.0,Male,New,December,105.96
ORD005694,4,41.16,5.0,3.0,Beuty,boke,Cash,32.0,Female,new,May,157.25
ORD003492,6,253.79,0.0,4.0, Electronics , Kankan ,Card,40.0,Male,RETURNING,January,1364.63
ORD001359,3,137.41,0.0,6.0,Sports, Kindia ,Cash,30.0,F,New,December,446.32
ORD009176,3,61.49,0.0,6.0,Clothing,Kankan,Card,37.0,Male,New,May,179.62
ORD006265,6,20.52,0.0,5.0,Books,Labe,Mobile Money,20.0,Female,New,September,127.06
ORD003419,4,0.95,,2.0,Books,Labe,Card,46.0,female,Returning,November,3.59
ORD006913,8,200.81,30.0,4.0,Home,Conakry,Mobile Money,26.0,Male,Returning,January,1070.64
ORD007736,5,15.16,25.0,3.0,Food,Kankan,CARD,40.0,Male,Returing,February,60.68
ORD004676,3,237.03,,,HOME,conakry,CASH,31.0,Female,New,December,656.42
ORD008060,3,91.94,0.0,3.0,Clothing,Conakry,card,48.0,Male,Returning,June,276.76
ORD006338,3,157.56,0.0,7.0,Sports,Conakry,Cash,25.0,F,Returning,July,402.76
ORD002571,3,57.53,10.0,5.0,Beauty,Kindia,,16.0,male,Returning,May,143.16
ORD003903,4,11.81,0.0,4.0,Food,LABE,Cash,31.0,Female,Returning,June,45.58
ORD002544,3,,10.0,6.0,Books,Conakry,Mobile Money,,Female,RETURNING,August,150.58
ORD007932,6,31.84,0.0,,BEAUTY,Kankan,Card,-12.0,Female,NEW,September,164.41
ORD002091,5,67.93,15.0,5.0,Toys,Conakry,Cash,27.0,female,NEW,October,310.4
ORD009005,7,246.77,0.0,7.0,Electronics,Kindia,Card,39.0,Female,New,July,1657.85
ORD007698,-3,429.99,0.0,4.0,Electronics,Conakri,Mobile Money,28.0,Male,New,November,1320.88
ORD001256,5,13.64,0.0,3.0,Books,Labe,Cash,38.0,Male,New,February,70.15
ORD002155,8,18.69,0.0,4.0,Books,boke,Mobile Money,32.0,Female,Returning,April,153.76
ORD001288,4,54.92,0.0,-6.0,CLOTHING,Labe,Mobile Money,40.0,Male,New,October,171.52
ORD002873,4,79.45,5.0,4.0,Sports,Labe,Mobile Money,53.0,Female,Returning,November,276.37
ORD008043,7,589.39,0.0,5.0,Electronics,Conakry,Cash,26.0,Male,New,November,4316.24
ORD006417,5,49.92,0.0,6.0,Toys,Labe,Card,42.0,Male,New,July,241.0
ORD007718,4,9.28,0.0,,books,Kindia, Mobile Money ,34.0,Male,returning,May,37.94
ORD001519,8,31.7,10.0,5.0,Books,labe,,35.0,Male,Returning,September,238.98
ORD002184,5,460.56,0.0,9.0,Electronics,Conakry,Card,38.0,Female,New,August,2053.95
ORD003026,3,72.12,10.0,5.0,Cloting,Conakry,Card,45.0,Female,Returning,February,204.48
ORD005119,1,91.03,10.0,5.0,Sports,Nzerekore,Cash,34.0,Female,returning,April,82.31
ORD009558,2,77.77,0.0,-8.0,Clothing,Boke,,42.0,Male,New,May,151.64
ORD006762,6,8.71,,5.0,Food,Nzerekore, mobile money ,45.0,Female,Returing,August,48.28
ORD005909,4,11.13,5.0,6.0,Food,Kindia ,Card,56.0,Male,New,March,46.86
ORD009627,5,110.05,5.0,7.0,Sports,Nzerekore,,46.0,Male,New,February,518.14
ORD007966,4,154.55,0.0,7.0,Home,Labe,,36.0,Male,Returing,February,603.44
ORD008847,7,113.38,5.0,4.0,CLOTHING,conakry,Card,16.0,Female,New,August,717.41
ORD008568,5,44.47,25.0,4.0,Toy,Labe,Card,16.0,Male,New,December,157.91
ORD004036,2,103.02,0.0,3.0,Clothing,Conakry,Card,,FEMALE,Returning,April,187.29
ORD007192,5,,0.0,3.0,Home,Conakry,Mobile Money,48.0,Male,Returning,April,616.1
ORD007870,4,132.19,0.0,7.0,Electronics ,Kindia,Card ,34.0,MALE,New,August,532.56
ORD002803,3,15.08,15.0,7.0,Book,Kindia,Card,30.0,MALE,New,February,36.42
ORD009620,3,363.35,15.0,7.0,Electronics,Conakry,Card,44.0,Male,NEW,October,831.98
ORD003896,8,42.78,0.0,7.0,Beauty,Labe,,40.0,Male,New,November,328.54
ORD008743,4,208.69,15.0,4.0,Electronics,Kindia,Cash,34.0,Female,Returning,March,716.82
ORD000837,4,75.75,15.0,4.0,Beauty,Boke,Mobile Money,18.0,Male,Returning,September,262.1
ORD005867,5,180.51,0.0,,Home,Conakry,MOBILE MONEY,25.0,Female,New,December,809.82
ORD005476,5,29.6,20.0,5.0,Toys,Nzerekore,Card,42.0,Female,Returning,March,120.69
ORD000546,2,300.4,0.0,7.0,Electronics ,Boke,card,44.0,Female,New,August,527.4
ORD004612,3,18.6,0.0,7.0,Food,Boke,MobileMoney,40.0,Male,Returning,July,59.9
ORD002410,4,11.19,25.0,4.0,Food,Nzerekore,,22.0,Male,New,January,35.84
ORD003210,4,104.22,30.0,8.0,HOME,LABE,Card,33.0,Female,New,December,332.35
ORD007721,3,24.23,0.0,8.0,Food,Conakry,CARD,37.0,Male,Returning,March,69.84
ORD008478,4,12.43,0.0,3.0,Books, Conakry , Cash Payment ,25.0,Male,Returning,May,49.64
ORD000430,6,58.94,0.0,5.0,Toys,Conakry,Cash,24.0,male,Returning,June,341.18
ORD004900,4,428.76,10.0,3.0,Electronics,Conakry,Cash,,Female,NEW,January,1494.19
ORD009453,4,427.62,0.0,6.0,Electronics,Conakry,MobileMoney,40.0,Male,New,January,1793.98
ORD007361,1,17.9,0.0,6.0,Food,Kindia,Cash,29.0,Male,New,May,19.03
ORD009549,3,535.58,10.0,,Electronics,Boke,Cash,,Male,New,March,1500.86
ORD001980,5,19.08,25.0,6.0,Books,Conakri,Card,47.0,Female,Returning,September,74.03
ORD009557,5,37.97,10.0,2.0,BOOKS,Conakry,Mobile Money,17.0,Male,Returning,July,192.66
ORD008999,6,41.79,15.0,3.0,Beauty,Boke,card,33.0,Female,New,April,205.03
ORD002217,2,33.25,-20.0,5.0,BOOKS,Boke,Mobile Money,33.0,female,New,July,71.5
ORD000269,2,353.81,0.0,4.0,Electronics,kindia,CASH,20.0,Male,Returning,June,770.7
ORD003932,5,21.57,5.0,6.0,Beauty,Kankan,Mobile Money,19.0,Female,Returning,April,96.74
ORD009649,5,,5.0,1.0,Toys,Boke,,28.0,Male,Returning,October,232.32
ORD000018,3,122.37,0.0,6.0,Clothing, Conakry,Mobile Money,16.0,Female,Returning,July,369.12
ORD006718,3,31.01,0.0,-8.0,Book,Kankan,Cash,38.0,Female,new,June,86.46
ORD001152,6,7.38,0.0,2.0,Food,Nzerekore ,Cash,42.0,Female,New,April,45.33
ORD004875,6,325.68,5.0,2.0,Electronics,Boke,card,,Female,New,September,1738.6
ORD007977,1,70.74,5.0,4.0,Clothing, Kankan ,,24.0,Female,Returning,November,73.15
ORD006372,7,152.03,0.0,,Home,Kankan,Cash,37.0,Female,New,October,1110.21
ORD000253,3,79.47,15.0,4.0,Home,Kankan,cash,32.0,Female,Returning,April,212.52
ORD004740,3,123.13,0.0,4.0,Sports,Boke,cash,18.0,Male,Returning,December,369.3
ORD001505,6,96.58,25.0,5.0,Sports,NZEREKORE,cash,32.0,Male,Returning,July,383.14
ORD003470,4,48.7,0.0,5.0,Sports,nzerekore, Mobile Money ,38.0,Male,Returning,September,224.78
ORD004193,5,7.87,0.0,4.0,food,Labe,Mobile Money,28.0,Male,New,January,37.78
ORD006122,4,41.61,0.0,4.0,Clothing,Kindia,Cash,42.0,Male,New,February,165.87
ORD008388,1,11.87,-20.0,7.0,Food,Labe,Cash Payment,,F,New,May,10.27
ORD006367,4,64.67,0.0,5.0,Sport,Boke,,30.0,MALE,new,June,289.72
ORD009092,5,20.98,0.0,150.0,Toys, Boke ,card,28.0,M,New,December,110.37
ORD005299,4,109.69,0.0,4.0,CLOTHING,Conakry,Card,,male,New,August,474.39
ORD003536,3,83.44,10.0,8.0,Clothing,BOKE,Mobile Money,45.0,Male,Returing,March,225.72
ORD002161,5,71.25,15.0,3.0,Beauty,Conakry,Cash,49.0,FEMALE,Returning,September,282.15
ORD008524,8,109.9,15.0,6.0,Home,BOKE,Cash,43.0,Female,New,January,650.66
ORD006146,4,292.81,30.0,7.0,Electronics,Conakry,Mobile Money,37.0,Female,New,January,807.84
ORD005608,2,,20.0,4.0,Sports,KINDIA,Mobile Money ,32.0,Male,New,September,64.05
ORD006824,3,53.15,0.0,5.0,Sports,Kankan, cash ,32.0,Female,Returning,October,168.66
ORD009682,7,80.75,0.0,5.0,Beauty,Conakry,Credit Card,20.0,Female,NEW,December,594.62
ORD001553,4,33.09,10.0,7.0,Books,Conakry,Mobile Money,52.0,Male,New,May,135.44
ORD000077,5,,20.0,3.0,Foood,CONAKRY,Mobile Money,,Female,Returning,February,56.52
ORD007421,3,413.85,0.0,3.0,ELECTRONICS,Labe,Cash,37.0,Male,returning,July,1124.16
ORD004985,6,119.62,0.0,7.0,Electronics,Kankan,Mobile Money,16.0,Female,Returning,November,804.05
ORD009349,4,,0.0,5.0,Book,Labe,Mobile Money,19.0,Female,Returning,March,87.49
ORD008437,4,44.25,15.0,7.0,Toys,Conakry,Mobile Money,36.0,F,Returning,February,169.26
ORD006837,2,500000.0,10.0,6.0,Sports,Kankan,Cash ,42.0,Male,New,November,139.06
ORD006680,1,21.7,0.0,3.0,Books,Kankan,Card,32.0,Male,New,December,24.14
ORD003093,2,33.72,20.0,7.0,Toys,Kindia,Cash Payment,,Female,Returning,December,54.51
ORD003958,9,33.51,0.0,4.0,Toy,KINDIA,Mobile Money,,Male,Returning,November,326.72
ORD009130,4,76.16,0.0,,Sports,Nzerekore,Card,25.0,FEMALE,New,July,356.93
ORD008296,3,16.86,15.0,2.0,toys,BOKE,Mobile Money,19.0,female,Returning,January,43.01
ORD005486,3,59.9,0.0,5.0,Beauty,CONAKRY,Card,24.0,Male,New,June,177.55
ORD003500,5,349.84,0.0,7.0,ELECTRONICS,Kankan,Cash,36.0,Male,Returning,September,1836.41
ORD001080,1,463.11,0.0,3.0,Electronics,Kindia,Cash,37.0,Female,returning,December,507.9
ORD003915,6,55.03,10.0,4.0,Home,Kindia,Mobile Money,29.0,M,New,May,338.61
ORD004944,4,89.85,0.0,6.0,Cloting,Conakry,Mobile Money,22.0,Female,Returning,July,374.7
ORD007489,3,58.83,0.0,4.0,toys,CONAKRY,mobile money,25.0,Female,New,February,180.87
ORD006673,5,68.01,10.0,9.0,Home,Kindia,cash,16.0,Female,New,January,341.45
ORD009432,4,197.02,25.0,5.0,Home,Conakry,Card,47.0,Male,New,March,612.92
ORD000561,2,18.88,5.0,4.0,Food,KINDIA,Card,,Female,New,December,30.28
ORD009680,5,500000.0,30.0,4.0,Clothing,Conakry ,Card,18.0,Male,Returning,February,330.14
ORD008936,2,31.27,0.0,2.0,TOYS,Labe,cash,18.0,Male,New,October,58.86
ORD001482,7,109.68,0.0,2.0,Sports,Conakry,CARD,60.0,Male,New,August,775.11
ORD003514,2,335.35,10.0,5.0,Electronic,Conakry,Mobile Money,27.0,Female,New,March,614.27
ORD004118,5,500000.0,0.0,6.0,Electronics, Kankan ,Cash,36.0,Male,New,September,1303.65
ORD004539,6,147.16,0.0,-6.0,Electronics,Labé,Mobile Money,38.0,Female,New,November,873.95
ORD002123,3,41.22,,6.0,Toy,Boke,MobileMoney,37.0,Female,New,February,132.82
ORD006768,1,506.02,0.0,5.0,Electronics,Conakri,Credit Card,33.0,Male,new,November,501.72
ORD008656,2,106.07,5.0,5.0,Home,Nzerekore,Card,20.0,Female,Returning,March,207.68
ORD008441,2,,0.0,7.0,Home,KINDIA,Mobile Money,42.0,Male,Returning,July,214.92
ORD002278,1,82.31,0.0,3.0,SPORTS,boke,Cash,29.0,MALE,New,March,75.14
ORD000908,4,,0.0,3.0,Electronics,NZEREKORE,Cash,30.0,Female,new,December,1613.17
ORD001977,6,185.64,0.0,5.0,Sports,Labé,MobileMoney,38.0,Female,New,April,1139.65
ORD003825,5,30.28,15.0,5.0,books,Conakry,,24.0,Male,New,June,143.89
ORD004331,3,308.83,0.0,7.0,Electronics,Labe,Mobile Money,28.0,F,New,July,970.19
ORD002198,4,8.88,10.0,7.0,books,Boke,Mobile Money,28.0,Male,Returning,January,34.39
ORD003968,3,19.2,10.0,7.0,Food,Conakry,,42.0,Male,Returning,October,51.43
ORD002229,8,,0.0,5.0,Toys,kankan,Card,34.0,Female,New,May,229.27
ORD008063,6,-40.0,0.0,6.0,Electronics,Conakri,Mobile Money,27.0,Male,NEW,October,1876.82
ORD006423,2,22.94,15.0,3.0,Books,Conakry,Cash,27.0,FEMALE,Returning,July,42.28
ORD007533,4,51.47,10.0,,Toys,CONAKRY,Mobile Money,180.0,Female,Returing,December,178.25
ORD003280,3,,0.0,5.0,FOOD,nzerekore,,23.0,Male,New,June,65.3
ORD008784,1,190.86,5.0,5.0,Electronics,Conakry,Card,60.0,M,NEW,February,180.2
ORD007645,4,102.27,,5.0,Home,Labe,Mobile Money,,Male,New,February,452.33
ORD009640,5,443.92,0.0,3.0,Electronics,Conakry,Mobile Money,37.0,Male,new,April,1996.93
ORD006727,4,500000.0,0.0,8.0,Toys,conakry,Mobile Money,37.0,Female,Returning,December,275.68
ORD003860,3,425.03,0.0,6.0,Electronics,Nzerekore,Mobile Money,38.0,Male,New,February,1231.14
ORD008817,4,5.77,0.0,5.0,Beauty,Kindia,Mobile Money,31.0,Male,Returning,April,21.54
ORD007059,3,203.76,0.0,5.0,Hom,Kindia,Cash,47.0,Male,New,July,618.17
ORD009254,6,152.5,0.0,3.0,Sports,Conakry,card,34.0,Male,Returning,November,825.89
ORD003559,6,135.5,20.0,7.0, Clothing ,Conakri,Card,30.0,Male,Returning,August,651.19
ORD001636,7,54.34,0.0,6.0,Beuty,Labe,Card,29.0,Male,New,January,383.65
ORD002062,-3,127.46,5.0,7.0,home,Boke,Card,38.0,Male,new,June,422.09
ORD008061,2,59.89,0.0,2.0,Beuty,Conakry,Cash,30.0,male,new,April,130.24
ORD004154,4,38.06,10.0,7.0,Cloting,Conakry,,16.0,Female,Returning,July,133.43
ORD003761,5,13.88,0.0,4.0,Food,Kindia,Mobile Money,55.0,Male,New,March,71.82
ORD002462,3,26.35,0.0,3.0,Books,Kankan,Mobile Money,32.0,Female,New,October,81.72
ORD002193,3,32.42,0.0,7.0,Books,Conakry,Mobile Money,16.0,Female,New,November,95.06
ORD001473,5,35.08,0.0,6.0,Toys,Conakry,Mobile Money,25.0,Female,New,November,158.1
ORD008844,3,25.58,25.0,1.0,Beauty,KINDIA,Card,30.0,Female,Returning,September,54.16
ORD001204,7,133.37,25.0,2.0,Home,boke,MOBILE MONEY,35.0,Male,New,April,776.67
ORD001455,8,12.23,0.0,5.0,Foood,Conakry,Card,33.0,F,New,February,88.89
ORD000647,4,75.49,30.0,5.0,Beauty,Conakry,Mobile Money,,Male,Returning,January,199.44
ORD008591,3,36.36,20.0,3.0,Toys,Conakry,Cash,30.0,Male,Returning,December,89.94
ORD006883,6,65.72,5.0,1.0,Home,Kindia,Mobile Money,,Female,New,August,358.07
ORD002670,2,139.09,0.0,8.0,sports, Conakry,Mobile Money,38.0,Male,New,January,265.25
ORD005665,3,128.78,20.0,4.0,Sport,Kankan,MOBILE MONEY,44.0,Female,Returning,December,308.43
ORD003076,5,367.18,0.0,1.0,Electronics ,CONAKRY,Cash,29.0,Female,New,May,1917.47
ORD004562,4,128.51,0.0,7.0,Home,Kankan,Card,39.0,M,Returning,December,504.21
ORD003072,4,73.9,15.0,5.0,Beauty,Conakry,Card,16.0,Male,New,January,282.22
ORD005686,3,31.03,10.0,5.0,Food,Conakry, Mobile Money ,,Male,New,April,86.1
ORD003603,6,,,5.0,Home,CONAKRY,mobile money,16.0,male,New,October,1320.84
ORD005105,3,10.92,30.0,6.0,Toys, Kindia ,Mobile Money,21.0,Female,New,May,25.14
ORD008835,3,78.07,15.0,9.0,Clothing,Conakry,Mobile Money,30.0,male,Returning,August,185.74
ORD001580,4,9.15,0.0,5.0,Beauty,KANKAN,Card,24.0,Male,Returning,March,38.51
ORD001305,250,66.28,0.0,1.0,Clothing,conakry,Cash,22.0,Female,Returning,March,188.71
ORD007392,250,81.3,,4.0,Sports,Labe,Card,32.0,F,New,March,363.38
ORD005392,5,140.89,0.0,6.0,SPORTS,Boke,Mobile Money,37.0,Female,New,November,697.94
ORD000347,3,20.38,0.0,4.0,Books,Boke,MobileMoney,41.0,male,Returning,July,62.42
ORD004599,2,109.48,5.0,1.0,Sports,Nzerekore,Cash,18.0,Male,Returning,July,216.11
ORD005329,1,411.48,0.0,4.0,Electronics,Conakry,Card,23.0,Male,Returning,February,360.9
ORD001644,4,10.9,0.0,7.0,Books,Conakry,Mobile Money,-12.0,Female,New,August,40.2
ORD002991,3,29.94,0.0,4.0,books,BOKE,Card,38.0,Female,new,May,76.4
ORD000834,4,60.74,0.0,150.0,Home,Boke,cash,35.0,Female,Returing,February,254.27
ORD007929,2,16.39,10.0,5.0,Food,Kankan,Cash,42.0,Female,New,August,27.33
ORD006237,3,,20.0,4.0,Sports,Conakry,Mobile Money,32.0,Female,New,March,242.82
ORD009125,5,5.34,0.0,4.0,FOOD ,BOKE,CASH,40.0,Male,New,January,25.96
ORD008958,3,14.28,0.0,6.0,Food,N'Zerekore,Cash Payment,31.0,Female,RETURNING,November,43.5
ORD001165,6,40.12,0.0,9.0, Toys ,conakry,Mobile Money,48.0,Male,New,January,231.55
ORD008597,3,50.82,0.0,5.0, Toys ,Conakry,Cash,36.0,Male,New,April,158.02
ORD003596,4,410.62,0.0,5.0,Eletronics,conakry, Card ,,Female,Returning,December,2038.49
ORD001293,7,29.25,0.0,,Beauty,boke,,38.0,Male,Returning,September,200.45
ORD005522,4,17.69,0.0,5.0,Books,Kankan,Mobile Money,19.0,Male,New,July,64.62
ORD004639,4,182.95,0.0,3.0, Home ,Kindia,Card,,Female,New,November,791.4
ORD001492,3,40.91,20.0,5.0,Toys,conakry,MOBILE MONEY,42.0,Female,New,April,87.89
ORD007288,2,20.09,0.0,3.0,Books,Nzerekore,CASH,31.0,Male,New,December,43.98
ORD009007,3,233.55,,,Electronics,Labe,Mobile Money,45.0,Female,New,February,620.1
ORD008594,2,120.16,0.0,2.0,Home,Kankan,,42.0,Male,New,December,233.35
ORD007696,4,169.02,0.0,8.0,home,Conakry,card ,33.0,Male,Returning,September,712.58
ORD003051,3,,0.0,3.0,Home,Kindia,Card,27.0,Male,Returning,April,260.96
ORD009012,3,53.07,0.0,5.0,Toys,Conakry,Cash,29.0,Female,returning,October,149.88
ORD008012,3,26.81,5.0,5.0,Toys,Conakry,Card,16.0,Male,Returing,May,72.55
ORD004662,4,155.85,0.0,5.0,Sports,Conakry,card,36.0,Female,Returning,November,638.02
ORD000264,4,11.39,0.0,2.0,Books,Conakry,CASH,27.0,Male,New,January,50.85
ORD009486,5,130.09,5.0,,home,Kankan,Card,29.0,F,Returning,September,587.88
ORD005421,7,62.02,20.0,4.0,Home,Nzerekore,card,34.0,F,New,May,373.0
ORD000382,5,9.94,0.0,1.0,Food,Kankan,Cash,33.0,Female,NEW,June,51.49
ORD004500,5,24.6,0.0,7.0,Books,Boke,Card,30.0,Female,Returning,January,123.21
ORD000614,3,18.78,,2.0,Books,Labe,Card,,Male,Returning,November,57.43
ORD004135,3,10.59,0.0,5.0,Books,KANKAN,Cash,37.0,Male,New,July,29.5
ORD000216,3,97.14,5.0,6.0,Sports,Conakry,Cash,33.0,Female,Returning,October,319.79
ORD008457,4,11.4,0.0,4.0,Food,Nzerekore,Cash,38.0,Female,New,September,43.6
ORD009399,4,10.68,5.0,5.0,Foood,Nzerekore,Cash,35.0,Male,New,November,33.74
ORD005199,3,34.3,0.0,5.0,Toys,LABE,Mobile Money,33.0,Female,Returning,December,95.3
ORD006075,6,500000.0,0.0,7.0,electronics,Kindia,MOBILE MONEY,26.0,Female,Returning,November,2096.28
ORD008074,3,13.96,0.0,,Food,Conakry ,Card,35.0,FEMALE,Returning,August,48.39
ORD003427,4,114.9,0.0,,Sports,Kindia,cash,32.0,Male,NEW,August,496.46
ORD002866,1,163.71,0.0,3.0,Home,Boke,Card,20.0,Male,Returning,September,170.77
ORD003387,4,62.37,20.0,8.0,Beauty,Conakry,CASH,23.0,Male,New,September,192.59
ORD001113,6,97.6,10.0,5.0,SPORTS,Conakry,Card,16.0,Male,Returning,April,539.11
ORD008706,5,34.16,,5.0, toys ,Nzerekore,Card,25.0,Male,New,November,190.29
ORD007012,2,173.33,0.0,-6.0,Home,Conakry,Mobile Money,23.0,Male,NEW,February,328.25
ORD003404,2,28.78,10.0,7.0,Books ,CONAKRY,Card,27.0,Male,Returning,January,57.55
ORD008982,2,14.02,0.0,1.0,Food,Kindia,cash,26.0,Female,New,February,25.83
ORD007840,5,45.67,0.0,6.0,Beauty,Kankan,Cash,36.0,Female,Returning,December,255.29
ORD001694,2,39.11,0.0,5.0,Toys,Kankan,Mobile Money,34.0,Female,New,November,86.46
ORD005714,7,18.96,0.0,2.0,Books,Kindia,Mobile Money,17.0,F,New,January,144.34
ORD009655,2,450.59,0.0,6.0,Electronics ,Boke,,27.0,Female,New,December,877.86
ORD006284,2,28.64,0.0,6.0,Toys,Labe,Mobile Money,32.0,F,NEW,January,49.85
ORD003056,5,89.02,15.0,4.0,Clothing,kindia,Card,39.0,Male,Returning,December,342.1
ORD000033,5,48.07,0.0,7.0,Book, Conakry ,,24.0,Female,New,July,215.74
ORD005902,5,137.24,0.0,4.0,Home,Conakry,Card,33.0,Male,New,April,772.57
ORD000115,5,78.89,10.0,3.0,Sports,Kindia,cash,35.0,FEMALE,New,April,343.83
ORD004812,250,34.92,10.0,150.0,CLOTHING,Labe,Card,39.0,Male,Returning,February,176.43
ORD001028,2,79.12,25.0,6.0,Clothing,Labe,Cash,8.0,F,Returning,November,122.47
ORD006385,2,30.32,10.0,,Toys,Kindia,Card,34.0,Female,New,October,60.27
ORD004917,5,,0.0,7.0,Food,Conakry,card,31.0,Male,new,June,132.77
ORD009628,8,190.24,15.0,6.0,Sports,Conakry,Mobile Money,25.0,M,Returning,September,1410.19
ORD009075,3,78.52,0.0,5.0,Clothing,Nzerekore,Cash ,38.0,Male,RETURNING,December,232.22
ORD003272,5,57.65,,5.0,Toys,kindia,,31.0,Female,New,August,286.24
ORD000587,7,43.0,0.0,7.0,Books,Conakry,Card,24.0,Male,Returning,May,284.87
ORD001348,5,37.11,0.0,4.0,Book,Conakry,Mobile Money,8.0,Female,Returning,January,190.43
ORD009186,6,48.35,0.0,2.0,Toy,Conakry,Mobile Money,40.0,Male,Returning,November,268.11
ORD001099,5,,0.0,4.0,Home,NZEREKORE,Card,34.0,Female,New,June,586.89
ORD005460,6,163.93,0.0,8.0,home,Kindia,Mobile Money,16.0,Female,Returning,April,922.92
ORD000394,2,34.76,-20.0,4.0,TOYS,Nzerekore, Cash ,26.0,Male,New,July,55.14
ORD009475,2,17.69,0.0,4.0,Books,Boke,Cash,25.0,Male,New,November,34.98
ORD008371,4,167.03,0.0,,Home,Kankan,Card,47.0,Male,Returning,August,715.36
ORD000725,5,97.99,25.0,4.0,SPORTS,Kankan,Cash,30.0,Male,Returning,June,385.48
ORD007168,5,67.26,25.0,2.0,Clothing,Nzerekore,Cash,,Female,New,March,235.48
ORD002446,2,7.54,0.0,4.0,Foood,conakry,Cash,,Male,New,November,14.9
ORD005948,3,,20.0,4.0,Home,Conakry,Mobile Money,19.0,Female,New,August,245.35
ORD003478,5,28.83,15.0,8.0,Beauty,Kankan,card,42.0,Male,new,April,135.17
ORD005619,6,39.32,10.0,1.0,Clothing ,Labe ,Cash,26.0,Male,New,September,197.77
ORD002329,8,13.82,0.0,6.0,Books,Nzerekore,Cash,27.0,Female,Returning,April,105.94
ORD004314,6,90.77,10.0,,home, Conakry,MOBILE MONEY,20.0,Male,New,August,541.75
ORD000305,2,106.84,5.0,,Sports,Nzerekore,Card,20.0,Male,Returning,January,188.1
ORD001710,2,96.34,,7.0, clothing ,KINDIA,Cash,39.0,FEMALE,new,March,183.69
ORD000984,6,48.61,10.0,2.0,Clothing,Kankan,Card,54.0,Female,New,November,219.19
ORD004286,4,33.27,0.0,,Beauty,Kindia,,28.0,male,New,October,114.68
ORD009470,6,57.16,,6.0,beauty,Kindia,Mobile Money,24.0,Male,Returning,April,323.4
ORD009166,4,29.15,,5.0,Books,nzerekore,CARD,52.0,Male,New,June,111.43
ORD005718,5,57.2,,4.0,clothing,LABE,Card,48.0,Female,New,November,295.76
ORD000554,4,25.06,,9.0,Toys,KANKAN,MOBILE MONEY,32.0,F,New,January,97.64
ORD000544,3,20.43,0.0,5.0, Books ,boke,CASH,34.0,Male,New,July,61.51
ORD008361,4,19.7,,8.0,Food, Conakry,Mobile Money,28.0,Male,New,February,74.27
ORD003308,2,22.92,,1.0,Food,Conakry,Card,8.0,Female,New,October,42.22
ORD001409,5,108.85,0.0,4.0,HOME,BOKE, Card ,28.0,Male,Returning,May,581.24
ORD005477,6,12.26,0.0,,Toys,Kindia,Card,21.0,Male,Returning,February,67.74
ORD007598,4,33.28,10.0,4.0,Clothing,Boke,Card,19.0,Female,returning,March,113.53
ORD001254,7,96.82,0.0,6.0,clothing,Conakry,Mobile Money,21.0,Male,New,July,690.04
ORD004787,5,44.18,0.0,5.0,clothing,nzerekore,Card,23.0,Female,New,June,189.74
ORD007397,4,,0.0,4.0,sports,Boke ,Credit Card,28.0,Female,New,June,353.34
ORD004946,3,5.03,0.0,5.0,Books,CONAKRY,Mobile Money,47.0,Female,new,April,14.09
ORD000999,3,17.55,0.0,4.0,Books,Kankan,Card,34.0,Female,Returning,April,56.8
ORD003129,8,19.47,30.0,5.0,Toys,Conakry,Card,23.0,Male,New,May,102.38
ORD002788,3,93.57,0.0,3.0,Clothing,Boke,Card,21.0,Female,Returning,June,326.02
ORD007468,5,29.91,5.0,6.0,Home,Conakry,Card,35.0,Female,Returning,April,133.16
ORD008402,4,17.7,0.0,4.0,food,Kankan,card,17.0,Female,New,December,67.83
ORD004501,2,500000.0,0.0,2.0,Sports,Conakry,Card,33.0,female,New,January,255.2
ORD005880,5,27.03,20.0,6.0,Food, Conakry,Card,35.0,Male,Returning,August,118.23
ORD000667,3,142.53,0.0,6.0,Hom,Labe,Cash,28.0,Female,New,January,445.05
ORD007859,5,57.09,0.0,4.0,Clothing,Boke,Cash,41.0,FEMALE,Returning,May,291.59
ORD002680,3,24.99,10.0,4.0,Beauty,Nzerekore, Cash ,21.0,Male,New,April,54.62
ORD001414,6,25.01,,150.0,Toys, Conakry,Cash,47.0,Male,New,April,123.52
ORD007831,5,52.34,0.0,7.0,Home,Labé,Mobile Money,,Female,New,January,263.6
ORD000529,2,117.5,0.0,5.0,SPORTS,Conakry,Cash,43.0,M,New,April,233.16
ORD008848,3,41.9,0.0,4.0,Toys ,Kankan,Cash Payment ,16.0,Female,New,December,115.13
ORD009402,6,82.86,20.0,1.0,sports,nzerekore,Cash ,41.0,Female,New,August,407.6
ORD008966,4,1.76,5.0,6.0,Books,Nzerekore,Cash,24.0,Male,Returning,April,6.09
ORD004444,3,66.34,0.0,5.0,Clothing,KANKAN,,37.0,Female,New,March,194.91
ORD002061,5,11.11,10.0,4.0,Books,kankan,Mobile Money,16.0,Male,Returning,October,49.19
ORD000486,5,16.92,,2.0,food,conakry,Card,36.0,Female,Returning,April,60.66
ORD003592,5,27.68,5.0,5.0,Books,Boke,Mobile Money,44.0,Male,New,June,137.81
ORD008675,4,15.19,10.0,1.0,food,Conakry,Cash,30.0,FEMALE,New,January,53.19
ORD003852,3,53.3,0.0,5.0, Beauty ,Conakry,Cash,27.0,Male,Returning,March,167.04
ORD007280,4,242.63,0.0,4.0,Electronics,Nzerekore, Cash ,30.0,Female,New,June,920.86
ORD003858,5,,0.0,,SPORTS,Kankan,CASH,39.0,Female,Returning,May,604.95
ORD000712,2,,0.0,5.0,electronics,LABE,CARD,36.0,Male,Returing,October,772.96
ORD009312,6,87.62,0.0,2.0,Home,NZEREKORE,Card,16.0,F,Returning,November,530.92
ORD000862,4,21.89,0.0,5.0,Books,N'Zerekore,CARD,16.0,Female,Returning,December,79.38
ORD006779,4,,15.0,5.0,Books,Conakry,Card,17.0,Male,NEW,April,21.92
ORD002782,3,,5.0,4.0,Home,Conakry,Mobile Money,22.0,male,Returning,June,221.74
ORD004200,4,68.87,10.0,4.0,Beuty,Conakry,Cash,32.0,Male,Returning,October,225.95
ORD003864,1,31.91,0.0,5.0,clothing,kankan,Cash Payment,39.0,Female,Returning,May,28.37
ORD002918,5,,10.0,4.0,Books,NZEREKORE,Cash,37.0,Female,New,March,70.71
ORD009182,7,39.12,0.0,6.0,Books,conakry,Mobile Money,33.0,M,Returning,December,272.04
ORD009086,2,19.04,5.0,5.0,food,Kindia,Cash,31.0,Female,Returning,February,37.24
ORD002088,3,104.63,10.0,4.0,CLOTHING, Kindia ,,30.0,Female,New,February,267.92
ORD001549,5,111.29,0.0,2.0,Home,NZEREKORE,MOBILE MONEY,,Male,New,October,583.33
ORD006299,4,79.16,15.0,7.0,Home,Nzerekore, MOBILE MONEY ,37.0,Female,New,March,261.64
ORD001598,7,44.63,0.0,4.0,Toys,CONAKRY,Cash,28.0,Male,New,December,296.53
ORD007143,1,30.85,0.0,,Beauty,Kindia,Cash,38.0,Female,New,January,29.46
ORD009200,5,54.37,-20.0,,Clothing,Kindia,Card,35.0,Female,New,November,324.43
ORD004255,5,53.51,10.0,2.0,Cloting,Conakry,Card,35.0,Female,New,June,231.38
ORD009009,4,22.92,0.0,5.0,Toys,Kindia,Cash,16.0,Female,New,September,99.39
ORD001468,4,500000.0,0.0,6.0,Electronics,Kindia,,46.0,Male,NEW,May,1269.43
ORD000338,1,,20.0,7.0,Beauty,Conakry,,28.0,Female,Returning,July,23.64
ORD003289,3,112.84,25.0,6.0,Cloting,Conakry,Card,32.0,Female,New,September,240.65
ORD005574,3,,,4.0,HOME,nzerekore,Cash,28.0,Male,Returning,July,317.22
ORD007117,4,22.77,0.0,3.0,Toys,Labe,Cash,23.0,Male,NEW,March,79.54
ORD007731,4,5.66,30.0,3.0,Foood,Labe,Cash,42.0,Female,new,July,16.72
ORD001526,2,44.08,0.0,6.0,Beauty,Nzerekore,Card,17.0,Female,New,August,90.63
ORD007560,6,,30.0,5.0,toys,Labe,Cash,18.0,Male,New,June,226.14
ORD008243,3,98.85,0.0,,Sports ,Labe,Cash,37.0,Male,New,May,313.98
ORD001124,5,24.83,0.0,4.0,Beauty,Nzerekore,Cash,34.0,Female,Returning,August,125.47
ORD009477,4,25.11,0.0,3.0,Books,Conakry,Card,33.0,Female,New,April,98.56
ORD000227,5,237.04,0.0,2.0,Electronics,boke,Mobile Money,29.0,Female,Returning,June,989.13
ORD006477,1,76.45,0.0,5.0,Clothing,Kankan ,CASH,31.0,Female,Returning,June,76.16
ORD001029,3,36.18,15.0,5.0,Sports,Conakry,Mobile Money,46.0,Female,Returning,July,91.34
ORD003670,1,10.11,,3.0,Food,Conakry,Cash,56.0,Female,New,December,10.39
ORD003904,7,89.25,0.0,7.0,Electronics,Labe,Mobile Money,33.0,Female,new,September,586.68
ORD007769,6,79.57,0.0,2.0,Beauty,Conakry,CASH,25.0,Female,New,July,494.9
ORD009376,5,17.04,10.0,6.0,food,Conakry,,41.0,Male,new,September,68.46
ORD000556,2,21.36,0.0,9.0,Hom,nzerekore,Cash,40.0,Male,Returning,June,43.95
ORD002138,2,46.72,20.0,6.0,Books,CONAKRY,Mobile Money,28.0,Male,Returing,October,75.84
ORD009548,8,117.53,0.0,4.0,Home,Conakry,Cash,46.0,Female,Returning,December,927.89
ORD001341,1,343.73,0.0,3.0,Electronics,Boke,Cash,36.0,Female,new,February,364.88
ORD007202,6,64.74,15.0,5.0,Toys,Conakry,Cash,35.0,Female,New,December,359.62
ORD008960,1,74.3,20.0,1.0,Toy,Conakri,Cash Payment,26.0,Male,New,June,61.56
ORD007798,3,156.08,10.0,,Electronics,Nzerekore,Mobile Money,,Female,New,April,359.56
ORD007017,3,77.36,0.0,6.0,Home,Kankan,Card,45.0,Male,New,April,233.96
ORD003687,6,12.12,0.0,2.0,Food,Boke,MOBILE MONEY,31.0,Male,New,November,65.29
ORD007799,3,49.25,10.0,3.0,BEAUTY,Boke,Card,25.0,Female,New,March,142.17
ORD002880,4,24.1,10.0,3.0,Book,BOKE,Card,39.0,female,New,May,82.68
ORD006442,5,39.83,,4.0,Toys,Kindia,Mobile Money,,Female,New,May,208.25
ORD007554,5,613.75,0.0,4.0,Eletronics,Kindia,Mobile Money,,Female,New,July,3278.25
ORD008245,5,16.3,,5.0,Beauty,KANKAN,Mobile Money,29.0,MALE,Returning,October,87.39
ORD008850,6,32.8,0.0,3.0,Books,Kankan,Mobile Money,-12.0,Male,Returning,April,215.31
ORD000708,3,14.25,20.0,6.0,Books,Labe,MOBILE MONEY,52.0,Male,New,December,34.83
ORD009190,3,59.49,0.0,3.0,Beauty,Nzerekore,Mobile Money,8.0,Male,new,December,194.58
ORD009674,4,88.33,,5.0,clothing,Conakry,Cash,16.0,Female,New,June,293.17
ORD000490,250,40.67,0.0,4.0,Books,Conakry,Mobile Money,44.0,Male,New,May,148.27
ORD003729,7,497.12,,,Electronics,Conakry,Cash,35.0,M,New,December,3358.93
ORD004416,3,51.61,10.0,7.0,Toys,kindia,Card,8.0,Male,New,September,142.48
ORD003659,5,26.85,0.0,3.0,Foood,Conakry,,,Male,New,December,130.89
ORD000292,7,73.61,0.0,5.0,Toys,Conakry,Card,36.0,Female,Returing,November,573.05
ORD003833,5,48.74,0.0,7.0,Toys,Nzerekore,CARD,34.0,male,NEW,April,231.21
ORD001172,6,10.97,,8.0,Food,KINDIA,Mobile Money,24.0,Female,Returning,August,64.94
ORD003277,6,,10.0,6.0,Books , Boke ,,33.0,Female,New,May,147.14
ORD005552,4,13.05,0.0,3.0,Beauty,Conakri,,39.0,Female,New,October,47.38
ORD002777,1,29.16,0.0,150.0,Books,Conakry,Cash Payment,45.0,Female,NEW,September,31.52
ORD007074,1,-40.0,15.0,6.0,ELECTRONICS, Conakry,MOBILE MONEY,32.0,Male,returning,February,272.53
ORD001656,2,19.76,15.0,,Books,Conakry,Mobile Money,,Male,New,July,35.35
ORD005507,8,44.51,30.0,8.0,Toys,Conakry,Card,31.0,Male,New,April,237.04
ORD002677,5,,0.0,2.0,Clothing,boke,,42.0,Male,New,December,215.37
ORD008400,2,1.05,20.0,,Electronics,Boke,Mobile Money,33.0,Female,New,May,1.85
ORD000022,5,60.25,5.0,3.0,Beauty,Boke,MobileMoney,36.0,Male,Returning,May,307.72
ORD004423,5,26.46,0.0,5.0,BOOKS,Kindia,CASH,33.0,Female,Returning,July,109.81
ORD009583,3,95.45,0.0,3.0,Clothing,Conakri,Card,41.0,Male,New,January,340.56
ORD000477,2,43.84,15.0,4.0,Toys,Conakry,Mobile Money,25.0,Female,new,May,62.79
ORD007989,3,368.51,25.0,5.0,Electronics,Conakry,Card,43.0,Female,New,November,827.61
ORD009031,6,74.04,0.0,1.0,Clothing,boke,Cash,39.0,FEMALE,Returning,April,421.13
ORD007984,2,92.09,0.0,2.0,Clothing,Kankan,MobileMoney,16.0,Female,RETURNING,August,174.26
ORD002513,5,12.97,25.0,1.0,BOOKS,Kankan,Cash,18.0,Male,New,May,42.74
ORD002066,2,53.55,0.0,5.0,Clothing,LABE,Mobile Money,30.0,Female,New,March,110.66
ORD000104,3,133.09,10.0,1.0,SPORTS,CONAKRY,Cash,42.0,F,New,June,316.64
ORD008229,5,32.16,0.0,6.0,Beauty,Kankan,CARD,17.0,Male,Returning,May,160.9
ORD009127,3,8.94,15.0,6.0,Food,Kindia,card,26.0,Female,New,April,24.4
ORD004632,6,29.23,30.0,3.0,books,Labé,Cash Payment,25.0,Female,Returning,January,148.5
ORD007911,1,129.57,0.0,5.0,Clothing,Conakry,Card,28.0,Female,NEW,November,129.3
ORD004635,6,9.62,0.0,2.0,FOOD,Conakry,Cash,35.0,Male,Returning,October,59.41
ORD000524,5,114.19,0.0,4.0,Home,Kindia,Mobile Money,27.0,M,Returning,February,523.46
ORD005089,4,26.3,-20.0,3.0,Toys,Kankan,Mobile Money,29.0,Male,New,May,101.43
ORD006348,5,579.6,5.0,4.0,Electronics,Conakry,Mobile Money,29.0,Female,New,November,2811.44
ORD005927,4,23.5,0.0,2.0,Books,KANKAN,Card,28.0,Female,Returning,March,102.59
ORD005703,5,23.23,0.0,1.0,Books,Conakri,cash,58.0,Male,new,October,123.41
ORD008887,4,67.3,20.0,,Sports,Conakry,Cash,31.0,Male,New,January,231.95
ORD004827,4,16.74,10.0,4.0,FOOD,Conakry,Cash,35.0,Female,Returning,June,54.72
ORD000067,5,511.29,0.0,3.0,Electronics,Conakry,Cash,,Female,Returning,June,2187.32
ORD007942,4,39.03,10.0,1.0,Toys,Kindia,Mobile Money,22.0,F,Returning,December,141.78
ORD008749,5,73.15,5.0,2.0,Clothing,nzerekore,Card,35.0,Female,New,March,354.06
ORD003046,2,29.68,,2.0,books,Conakry,Card,,Male,New,October,60.13
ORD004336,6,,0.0,2.0,books,Labe,Cash,23.0,Female,Returning,September,64.33
ORD003900,4,11.36,,5.0,FOOD ,Kindia,Cash,,Male,New,January,42.37
ORD006397,6,53.33,10.0,3.0,Beuty,boke,Mobile Money,39.0,Female,New,November,293.55
ORD006245,6,224.29,0.0,6.0,Electronics,Kindia,Mobile Money,24.0,Male,New,June,1436.34
ORD001940,3,237.38,,4.0,Electronics,Nzerekore,MobileMoney ,41.0,Male,Returing,March,774.52
ORD002667,3,22.8,0.0,3.0,BOOKS,Conakry,Credit Card,41.0,Female,NEW,April,62.77
ORD001397,-3,136.15,25.0,5.0,sports,conakry,cash,42.0,Male,new,January,873.9
ORD002869,9,23.15,5.0,3.0,Books,Kindia,Mobile Money,51.0,Female,New,January,199.04
ORD000752,1,89.71,0.0,7.0,Sports,Boke ,card,30.0,Male,NEW,July,81.83
ORD008634,1,158.75,0.0,4.0,HOME,conakry ,Card,17.0,Female,NEW,December,145.18
ORD008789,3,9.71,10.0,7.0,Foood,Labe,Cash,39.0,Male,Returning,May,21.01
ORD004585,1,137.51,0.0,5.0,Home,Kindia,,41.0,Male,New,April,129.26
ORD004066,3,,,4.0,Books,Conakry,Card,16.0,Male,RETURNING,October,70.38
ORD007343,5,374.25,10.0,3.0,Electronics,Kindia,Card,42.0,Male,returning,December,1774.53
ORD005113,5,350.09,0.0,2.0,Electronic,Nzerekore,card,37.0,Male,New,January,1835.86
ORD002107,7,,25.0,4.0,Sports,KANKAN,Cash,21.0,Male,Returning,May,352.11
ORD002234,3,28.25,0.0,,Beauty,Conakry,Cash,33.0,Female,new,September,84.74
ORD008318,2,48.08,15.0,6.0,Beauty,Conakry,Card,31.0,Male,New,October,70.44
ORD009693,4,429.7,20.0,7.0,Electronics,Conakry,Card,42.0,Female,New,July,1460.49
ORD003458,3,383.52,0.0,4.0,Electronics,boke,CARD,55.0,Male,Returning,October,1269.85
ORD007865,3,44.16,0.0,9.0,Beauty,Conakri,Card,33.0,Female,Returning,December,124.45
ORD006416,3,14.44,0.0,8.0,Food,Kankan,MOBILE MONEY,24.0,Female,New,August,46.37
ORD002004,250,21.19,10.0,5.0,Food,Conakry,Mobile Money,41.0,M,Returning,August,146.32
ORD006347,1,,0.0,2.0,Beauty ,Nzerekore,Cash,27.0,Male,New,December,38.73
ORD008605,5,48.45,0.0,1.0,BEAUTY,Boke,Mobile Money,16.0,Female,New,April,249.63
ORD003556,2,36.1,0.0,3.0,Sports,Nzerekore,Card,38.0,Male,Returning,August,77.29
ORD000703,2,67.62,0.0,3.0,Sports,KINDIA,Mobile Money,25.0,Female,New,December,144.57
ORD008955,6,20.49,10.0,5.0,beauty,CONAKRY,Mobile Money,25.0,Female,Returning,April,110.57
ORD005821,6,120.98,5.0,6.0,CLOTHING,Conakry,Cash,24.0,Male,Returning,February,613.6
ORD000011,2,60.09,0.0,7.0,Home,labe,card,29.0,Male,Returning,March,123.61
ORD007620,1,8.73,5.0,2.0,Books,Kindia,,24.0,Male,Returning,July,8.43
ORD002201,3,53.47,0.0,6.0,Toys,KINDIA,Mobile Money,,Female,Returning,February,157.18
ORD002098,5,59.04,10.0,6.0,Beauty,Conakry,Cash,42.0,Male,NEW,July,271.39
ORD005075,5,16.05,0.0,9.0,Food,Conakri,,30.0,Female,New,February,86.73
ORD002273,6,79.85,0.0,4.0,Sports,Nzerekore,Mobile Money,30.0,Female,New,April,455.43
ORD008460,3,42.74,25.0,3.0,TOYS,Boke,Mobile Money,22.0,Male,Returning,November,102.52
ORD000775,5,16.44,0.0,4.0,Books,Kindia,Mobile Money,47.0,Male,Returning,February,84.31
ORD000760,7,12.06,0.0,4.0,Books,Conakry,Mobile Money,,Male,Returning,February,85.27
ORD007176,4,41.32,-20.0,6.0,Beauty,Kankan,,-12.0,Male,New,May,159.1
ORD005708,3,15.83,0.0,,Beauty,Kankan,Mobile Money,,Female,New,December,49.52
ORD005033,8,83.01,0.0,7.0,Clothing,Kindia,,17.0,Female,Returning,December,666.1
ORD006317,5,136.16,20.0,8.0,Clothing,Conakry,Mobile Money,35.0,Male,New,September,552.31
ORD008256,4,20.27,0.0,2.0,Foood,Kindia,Cash,48.0,Female,Returing,February,90.91
ORD006172,5,53.95,0.0,4.0,Beauty,Conakry,Card,35.0,Male,New,February,276.26
ORD002966,4,201.52,0.0,3.0,Electronics,Kankan,Cash Payment,35.0,Male,New,October,839.24
ORD004207,5,124.69,15.0,6.0,Beuty,Conakry,Cash,50.0,Female,Returning,May,560.0
ORD001607,6,11.42,0.0,3.0,Toy,Nzerekore,card,24.0,Male,New,July,65.07
ORD004948,9,,,2.0,Sports,CONAKRY,Mobile Money,,Male,New,May,1737.02
ORD009040,3,81.16,15.0,3.0,Toys,Conakry,Card,22.0,Male,New,April,212.88
ORD007089,5,20.44,0.0,7.0,Beauty ,BOKE,Cash,-12.0,F,New,February,109.46
ORD000491,1,,0.0,7.0,Food,Kindia,Mobile Money,18.0,Male,New,October,9.9
ORD001191,2,45.05,0.0,4.0,Toys,Conakry,,38.0,F,Returning,December,103.11
ORD004003,6,17.89,10.0,3.0,Book,Kindia,CASH,26.0,Male,New,May,93.62
ORD001090,2,38.39,25.0,5.0,Cloting,Kankan,,16.0,Male,Returning,April,59.57
ORD004243,6,143.07,0.0,6.0,Home,conakry,Cash,24.0,Female,New,November,854.0
ORD001480,3,86.83,0.0,4.0,SPORTS,Kindia, Mobile Money ,38.0,Male,Returning,November,291.22
ORD005896,3,16.32,0.0,4.0,Food,Kankan, Card ,40.0,Male,Returning,November,59.37
ORD003202,5,23.59,10.0,4.0,Books,Conakry,Card,16.0,Female,New,September,111.93
ORD006164,5,16.78,0.0,150.0, Toys ,Kankan,Card,,Female,Returning,December,88.52
ORD006003,2,24.37,15.0,4.0,Home,boke,Card,26.0,Male,returning,August,44.8
ORD009392,3,25.3,15.0,4.0,Sports,Nzerekore,Card,20.0,Female,New,July,62.73
ORD007144,4,16.42,0.0,,toys,Boke,MobileMoney,36.0,M,New,April,67.82
ORD005395,6,76.31,-20.0,4.0,clothing,Kankan,,26.0,Female,Returning,December,386.17
ORD002073,1,141.36,0.0,3.0,Home,Conakry,MOBILE MONEY,,M,New,July,134.21
ORD006840,2,130.75,10.0,3.0,Home,Nzerekore,Cash ,42.0,MALE,New,October,239.91
ORD005663,8,61.0,5.0,6.0, Toys ,Conakri,Card,25.0,Male,New,August,406.72
ORD000072,5,13.86,0.0,1.0, BOOKS ,Labe,,32.0,Male,New,November,78.59
ORD008725,3,5.45,0.0,7.0,Food,Kindia,Cash Payment,,Female,New,January,17.55
ORD006705,7,282.12,0.0,6.0, Electronics,Labe,Cash Payment,22.0,Male,Returning,June,2320.18
ORD006127,5,68.44,15.0,6.0,Sports,Labe,Mobile Money,36.0,Male,New,July,290.59
ORD005239,4,170.07,5.0,2.0,Home,Kindia,CARD,34.0,Female,New,September,651.89
ORD001853,5,373.87,0.0,5.0,Electronics,Conakry,Card,42.0,Male,New,December,1791.17
ORD002728,4,,5.0,2.0,Clothing,Conakry,Card,49.0,Male,Returning,May,201.96
ORD006039,3,42.37,10.0,9.0,Toys,Conakry,Card,45.0,Male,New,March,108.37
ORD000427,3,,0.0,3.0, Books ,Conakry,Cash,16.0,Female,New,March,12.09
ORD007417,4,,0.0,6.0, Electronics ,Kindia,Mobile Money,43.0,MALE,NEW,July,1144.38
ORD007184,2,43.49,10.0,6.0,Clothing,kindia ,Cash,43.0,Male,New,February,76.89
ORD004281,3,477.79,0.0,4.0,Electronic,Conakry,Card,22.0,Female,New,October,1539.41
ORD003849,2,5.16,5.0,5.0,TOYS,Conakry,Cash,,Male,New,August,9.0
ORD007110,5,500000.0,0.0,4.0,Clothing,Conakry,Cash Payment,,Female,New,December,345.7
ORD000825,4,21.71,0.0,,Book,Nzerekore,Mobile Money,34.0,Female,New,November,79.92
ORD000387,3,93.61,15.0,4.0,Hom ,conakry,Mobile Money,16.0,Female,Returning,February,244.85
ORD005816,2,7.22,0.0,2.0,Clothing ,Conakry,,23.0,Male,NEW,February,13.5
ORD000348,6,31.53,15.0,6.0,Toys,Conakry,Card,34.0,Female,Returning,January,171.36
ORD003673,2,15.74,-20.0,2.0,Food,Boke ,Cash Payment,51.0,Female,Returning,November,26.88
ORD006153,3,162.34,15.0,2.0,Sports,Conakry,Card,26.0,Female,New,April,443.99
ORD002808,3,118.38,0.0,9.0,Home,conakry,Cash,30.0,Female,New,July,292.33
ORD006866,6,96.92,0.0,5.0,Clothing,Conakry,Card ,37.0,female,Returning,April,646.0
ORD007765,2,49.67,0.0,5.0,Sports,CONAKRY,Cash,37.0,Male,Returning,August,94.21
ORD008689,4,,5.0,1.0, Sports ,conakry,MOBILE MONEY,38.0,Female,New,June,562.21
ORD000469,4,59.11,10.0,4.0,Toys,Conakri,Mobile Money,29.0,Female,Returning,February,197.0
ORD001419,6,23.02,0.0,5.0,Books,Kindia,,,Female,New,January,146.69
ORD008671,6,43.47,10.0,2.0,CLOTHING ,Kindia,Mobile Money,35.0,Male,Returning,September,239.35
ORD004633,4,59.16,5.0,2.0,beauty,Conakry,Cash Payment,37.0,Female,New,September,231.12
ORD004846,6,160.09,30.0,150.0,Home,Labé,CARD,20.0,Female,New,November,636.74
ORD000342,8,85.59,5.0,3.0,Home,conakry,Card,35.0,Male,Returning,January,541.2
ORD007796,3,14.35,10.0,8.0,Foood,Conakry,Card,28.0,Female,New,October,35.33
ORD001300,7,113.73,0.0,5.0,home,NZEREKORE,Cash,30.0,Female,New,March,841.58
ORD008912,4,40.64,30.0,5.0,beauty,Boke,Cash,37.0,F,New,May,143.52
ORD006092,3,15.83,20.0,5.0,Books,Nzerekore,Cash,24.0,Male,Returning,June,37.64
ORD002228,2,141.27,10.0,7.0,Home,Kankan,Card,35.0,Female,New,April,229.29
ORD001620,4,79.22,5.0,8.0,Sports,conakry,Cash,16.0,FEMALE,Returing,February,274.06
ORD005083,7,257.85,0.0,1.0,Home,Conakry,Cash Payment,33.0,Male,New,February,1608.48
ORD009686,2,76.1,20.0,7.0,Sports,Labe,Cash,36.0,Female,New,April,107.01
ORD002491,-3,62.55,10.0,1.0,beauty,Conakry,Cash,23.0,Female,Returning,September,560.73
ORD008307,5,-40.0,15.0,5.0,Electronics,BOKE,Mobile Money,38.0,Female,Returning,January,2169.96
ORD003176,5,411.81,0.0,3.0,Electronics, Conakry,Card,46.0,Female,New,March,2398.7
ORD007433,3,17.01,0.0,4.0,Food,Kankan,Cash,40.0,Female,Returning,September,51.06
ORD000590,4,37.4,0.0,5.0,Books, Conakry ,MobileMoney,38.0,Male,Returning,October,144.87
ORD001928,2,100.44,0.0,4.0,Sports,kankan,CARD,35.0,Female,Returning,July,187.0
ORD007873,3,412.19,0.0,2.0,Electronics,labe ,Credit Card,46.0,Male,New,December,1226.19
ORD000720,3,21.12,10.0,4.0, Food ,conakry,Mobile Money,32.0,F,New,March,50.28
ORD002834,4,144.3,0.0,5.0,Eletronics,Kankan,Cash,,Male,Returning,November,591.81
ORD005180,-3,283.7,0.0,,Electronics, Conakry,Cash,24.0,Male,New,February,1392.05
ORD007654,4,16.62,15.0,8.0,Books,Conakry,Card,30.0,Female,New,June,57.79
ORD006862,5,78.02,0.0,2.0,Sports,kindia,CASH,16.0,Male,Returning,January,399.8
ORD004013,4,38.85,0.0,6.0,clothing,Conakry,CARD,30.0,Female,NEW,October,152.05
ORD003181,7,18.94,0.0,7.0,Beauty,Boke,Card,44.0,Male,New,March,134.77
ORD008033,5,5.98,0.0,5.0,Books,Conakry,Card,24.0,Female,Returning,April,27.12
ORD001654,3,121.59,5.0,,SPORTS,Kindia,Mobile Money,39.0,Male,New,May,333.24
ORD000750,3,39.2,0.0,4.0,Toys ,Kankan,CASH,18.0,Female,new,July,103.3
ORD000689,3,18.62,0.0,6.0,books,Conakry,Card,38.0,Female,Returning,January,55.62
ORD008791,3,41.65,10.0,5.0,Clothing,Kindia,Mobile Money,35.0,Male,New,August,108.26
ORD002862,5,15.52,0.0,3.0, Food ,Boke,Mobile Money,44.0,Male,Returning,November,73.85
ORD008350,5,29.72,25.0,3.0,Toys,Conakry,,,Male,Returning,June,115.6
ORD007113,4,63.81,0.0,4.0,Clothing,Kindia,Card,33.0,Female,Returning,September,240.77
ORD003373,7,119.47,25.0,4.0,sports,Conakry,MOBILE MONEY,,Male,Returning,August,652.06
ORD003097,4,287.6,10.0,4.0,Electronics,Conakry,Cash,31.0,Female,New,June,994.53
ORD001559,3,63.54,5.0,5.0,Clothing,Conakry,,21.0,Male,New,December,189.97
ORD001082,7,30.65,0.0,3.0,books,Boke,Mobile Money,29.0,Female,New,November,218.02
ORD005017,3,49.68,15.0,7.0,Clothing,KANKAN,Mobile Money,31.0,Female,Returning,June,142.31
ORD003472,3,13.48,0.0,7.0,FOOD,Kindia,Cash,28.0,Female,New,September,38.66
ORD009530,2,112.34,5.0,2.0,Home ,Labe, Card ,26.0,Male,New,August,216.23
ORD001854,7,132.03,0.0,8.0,Home,Kindia,CASH,34.0,Female,Returning,October,913.33
ORD004958,4,329.24,0.0,4.0, Electronics ,Kindia,Mobile Money,46.0,Female,New,October,1552.21
ORD005311,6,-40.0,10.0,5.0,Toys,Kindia,Mobile Money,46.0,F,Returning,January,210.92
ORD006879,1,85.26,,,Sports,Kankan,Mobile Money,32.0,Male,New,June,87.61
ORD004945,4,16.18,0.0,4.0,Food,Kankan,Mobile Money,28.0,Female,Returning,October,65.94
ORD004157,10,149.19,20.0,3.0, Home ,BOKE,Mobile Money,43.0,Male,New,November,1132.1
ORD004272,1,18.42,0.0,3.0,Books, Kindia ,Cash,20.0,Male,Returning,January,19.12
ORD007137,5,7.79,0.0,6.0,Books,N'Zerekore ,card,34.0,Male,New,November,38.78
ORD009501,1,35.57,10.0,3.0,Books,conakry,,44.0,Female,Returning,July,34.68
ORD007640,8,10.51,0.0,3.0,Food,Kankan,Mobile Money,43.0,Female,Returning,January,80.6
ORD005613,7,96.36,5.0,5.0,Home,Conakry,Cash,27.0,Female,Returning,September,663.14
ORD009389,6,,0.0,7.0,Books,BOKE,Mobile Money,35.0,Female,New,March,140.34
ORD008658,5,55.48,0.0,3.0,Toys, Conakry,Cash,36.0,Male,NEW,September,280.6
ORD009476,1,220.15,0.0,5.0,Electronics,Conakry,Cash,35.0,male,Returning,February,223.65
ORD003280,3,,0.0,5.0,FOOD,nzerekore,,23.0,Male,New,June,65.3
ORD005123,4,15.26,15.0,2.0,Books,Conakry,Cash,38.0,Male,New,April,56.71
ORD002660,4,42.25,10.0,7.0,Clothing,Conakry,mobile money,36.0,male,Returning,January,169.55
ORD004847,3,106.61,0.0,7.0,Home,Kindia,,43.0,Female,New,April,337.25
ORD005391,2,36.64,0.0,6.0,Beauty,Kindia,Cash,38.0,Female,Returning,October,76.82
ORD002190,5,15.76,25.0,4.0,food,Labe, MobileMoney ,18.0,Male,Returning,June,54.6
ORD003990,2,29.38,10.0,3.0,Toys,Nzerekore,Cash,29.0,Male,new,July,54.12
ORD001532,4,,10.0,5.0,Books,Labe,Card,22.0,F,Returning,April,61.0
ORD000383,2,0.85,0.0,3.0,Books,Nzerekore,Cash,33.0,Female,NEW,May,1.71
ORD002661,2,182.5,,5.0,Home,Conakry,Cash,33.0,Male,New,August,308.79
ORD005484,250,55.19,0.0,4.0,Beauty,Labe, Cash ,51.0,F,New,February,197.04
ORD000339,7,131.08,15.0,3.0,Sport,Boke,Mobile Money,21.0,Female,New,December,764.7
ORD006818,5,192.74,0.0,7.0,Home,Kindia,,20.0,F,New,August,915.51
ORD002348,4,,,3.0,Cloting,Conakry,Cash,,FEMALE,New,October,264.01
ORD007800,2,41.16,0.0,,Clothing,Labe,Cash,33.0,Male,NEW,September,78.99
ORD001252,2,43.35,5.0,4.0,Beauty,Conakri,Mobile Money,42.0,Male,New,October,91.46
ORD001893,3,109.78,15.0,2.0,home,Nzerekore,MOBILE MONEY,35.0,Male,New,March,306.39
ORD004053,3,148.16,,4.0,Home ,Conakry,Cash,33.0,Female,New,March,450.44
ORD003671,3,,15.0,4.0,books,Kindia,Cash Payment,30.0,Male,Returning,December,32.65
ORD000569,2,172.81,5.0,7.0,Home,Conakry,Mobile Money,39.0,Male,New,June,354.06
ORD008326,3,,10.0,4.0,Beauty,KANKAN,Mobile Money ,23.0,Male,New,September,134.36
ORD003454,2,16.75,0.0,4.0,Books,KINDIA,Card,36.0,Male,Returning,January,31.61
ORD008510,6,,0.0,4.0,Clothing ,Nzerekore,Card,25.0,Male,New,March,358.27
ORD008508,2,24.6,0.0,5.0,Beauty,Kindia,,16.0,Male,New,September,46.29
ORD000437,2,53.4,0.0,8.0,Clothing,NZEREKORE,CASH,26.0,Female,New,May,108.81
ORD001560,7,374.04,20.0,6.0,Electronics,Kindia,Card,,Female,New,October,2022.62
ORD008433,4,121.87,0.0,5.0,Electronics,Kindia,Mobile Money,22.0,Male,New,September,501.91
ORD000656,4,14.38,10.0,150.0,Food,kindia,Cash,30.0,Male,Returning,August,55.87
ORD000555,2,122.26,0.0,1.0,Home,Kankan,Mobile Money,41.0,Female,New,October,257.16
ORD004877,3,246.02,0.0,8.0,Electronics,Kindia,Card,21.0,Female,Returning,February,720.15
ORD008757,5,51.85,0.0,8.0,Toys,Conakry,CARD,37.0,Female,Returning,August,265.45
ORD008264,6,13.81,5.0,2.0,food,boke,MOBILE MONEY,180.0,Male,New,August,73.72
ORD002043,3,49.8,0.0,1.0,SPORTS,Kankan,mobile money,34.0,Male,Returning,April,160.43
ORD006629,4,14.55,,4.0,FOOD,Kankan,Mobile Money,25.0,MALE,returning,December,52.42
ORD005294,4,8.03,0.0,1.0,Books,Kindia,,16.0,Female,New,August,31.51
ORD008066,4,118.0,0.0,4.0,Home,Kindia,Mobile Money,22.0,female,Returning,February,435.19
ORD008534,5,43.24,0.0,3.0,Toys,Boke,Cash,38.0,Female,New,June,218.76
ORD007739,3,67.78,0.0,3.0,Beauty,Conakry,Mobile Money,43.0,Female,Returning,September,195.89
ORD006084,4,254.76,20.0,4.0,Electronics,Conakry,Cash,30.0,Male,Returning,August,803.18
ORD004942,250,174.27,5.0,6.0,Home,Boke,Credit Card,24.0,Male,New,August,459.46
ORD000603,4,11.05,15.0,5.0,Books,Labe,Mobile Money,21.0,Male,New,August,38.65
ORD006974,6,43.4,0.0,1.0,Hom ,Boke,Card,23.0,Female,New,February,260.48
ORD000612,2,67.77,0.0,4.0,Toys,Conakry,Cash,18.0,Female,Returning,May,138.79
ORD002157,5,24.26,20.0,3.0,Foood,Conakry,Cash,27.0,Female,Returning,May,97.36
ORD002358,3,,0.0,5.0,Sports,Boke,Card,21.0,Female,New,May,286.98
ORD004205,3,44.74,5.0,2.0,Clothing,Nzerekore,Mobile Money,52.0,Male,Returning,May,114.32
ORD007336,2,20.2,0.0,6.0,Food,Kindia,Mobile Money,29.0,Male,New,December,40.66
ORD004327,3,52.98,0.0,,CLOTHING,Nzerekore,Card,36.0,male,new,May,171.23
ORD004040,4,47.05,20.0,4.0,beauty,labe,Mobile Money,38.0,Female,New,September,153.3
ORD007114,3,10.75,0.0,6.0,FOOD,Nzerekore,Mobile Money,31.0,Male,New,February,33.68
ORD002472,6,10.65,20.0,5.0,Books,CONAKRY,CASH,43.0,Female,Returning,July,47.41
ORD001734,5,85.18,15.0,1.0,CLOTHING,Labe,Card,16.0,Female,New,December,421.97
ORD009220,4,500000.0,0.0,7.0,Books ,Kindia,Mobile Money,37.0,Male,New,July,107.79
ORD008076,6,17.32,10.0,7.0,Food,Conakry,Cash,41.0,Male,Returning,March,94.83
ORD005399,4,,,3.0,Food, Conakry,Cash,,Female,new,May,27.95
ORD004925,4,54.14,0.0,7.0,Toys,kankan,Card,25.0,Female,New,February,210.96
ORD000152,3,15.88,25.0,5.0,TOYS,Kindia,Card,45.0,Female,New,June,35.52
ORD009258,4,17.94,25.0,2.0,Books,Nzerekore,Cash,16.0,Female,NEW,May,50.98
ORD004934,2,,10.0,1.0,Electronics,Conakry ,Cash,23.0,Female,New,September,869.64
ORD008873,3,64.83,15.0,2.0,Clothing,Kankan,Cash,20.0,Male,Returning,July,172.26
ORD005514,3,92.76,0.0,7.0,Sports,Kindia,Cash,46.0,Female,New,November,284.35
ORD004266,5,241.66,,4.0,Electronics,Conakry,MOBILE MONEY,16.0,Male,Returning,April,884.08
ORD005962,3,22.92,0.0,3.0,Toys,Conakri,Cash,44.0,MALE,New,July,68.43
ORD006181,4,184.02,0.0,6.0,home,Conakry,Cash,23.0,Male,Returning,April,758.03
ORD002074,8,46.09,25.0,3.0,Clothing,Kindia,Card,35.0,Male,New,May,327.2
ORD000783,3,110.43,20.0,3.0,Sports,Kankan,mobile money,16.0,Female,new,February,289.62
ORD004494,5,54.1,10.0,3.0,Home,Nzerekore,Card,20.0,Male,Returning,June,254.43
ORD003054,4,63.78,15.0,3.0,Clothing,Kindia,Card,8.0,Male,Returning,June,250.9
ORD000167,6,28.54,0.0,6.0,Food,Conakry,,16.0,Female,Returning,July,172.12
ORD003790,3,,10.0,6.0,Hom,Conakry,MOBILE MONEY,17.0,Male,NEW,January,418.82
ORD007074,1,-40.0,15.0,6.0,ELECTRONICS, Conakry,MOBILE MONEY,32.0,Male,returning,February,272.53
ORD008667,2,26.6,0.0,5.0,Food, Conakry,Mobile Money,27.0,FEMALE,New,February,57.46
ORD003459,5,24.25,0.0,5.0,Food,Labe,Card,32.0,Male,New,July,135.94
ORD009151,5,50.78,0.0,7.0,Clothing,Kindia,,27.0,Female,Returning,July,272.29
ORD006106,3,18.77,,4.0,Beauty,Nzerekore,mobile money,22.0,Female,New,October,59.24
ORD005322,7,125.85,0.0,4.0,Home,Conakry, Card ,29.0,Female,Returning,April,963.99
ORD005893,4,61.81,0.0,7.0,beauty,Conakry,Cash,39.0,Male,NEW,August,226.78
ORD002490,5,,0.0,3.0,Electronics,Boke,Card,180.0,male,New,February,844.96
ORD005739,4,94.08,0.0,3.0,Home,Conakry,Cash Payment,31.0,Male,New,December,337.23
ORD008578,5,,0.0,4.0,Clothing,Kankan,CARD,39.0,Male,New,August,463.53
ORD000143,7,39.57,5.0,5.0,Toys,Nzerekore,MobileMoney,43.0,Female,New,May,288.13
ORD005337,2,40.46,10.0,3.0,Sports,Boke,Cash,37.0,Male,returning,June,67.22
ORD001987,3,21.56,0.0,,Books,conakry,Card,40.0,Female,Returning,February,64.86
ORD009495,5,62.04,0.0,,Cloting,NZEREKORE,Credit Card,16.0,Male,Returning,March,315.76
ORD006549,5,20.44,0.0,1.0,Food,Boke,Mobile Money,50.0,Female,New,May,102.23
ORD002500,2,26.25,0.0,5.0,TOYS,Conakry,,17.0,Male,New,December,56.59
ORD009194,4,180.96,0.0,4.0,ELECTRONICS,Kankan,Mobile Money,25.0,Male,RETURNING,November,691.29
ORD004060,5,14.63,0.0,3.0,Toys,N'Zerekore,Card,44.0,Female,New,September,72.87
ORD003444,2,22.6,20.0,5.0,Food,Kankan ,Card,49.0,Female,New,September,38.84
ORD003982,4,30.89,,4.0,FOOD,Conakry,CASH,17.0,Male,Returning,August,121.6
ORD006558,3,24.74,,4.0,Books, NZEREKORE ,Cash,31.0,M,New,August,60.16
ORD002694,3,45.96,0.0,8.0,Toys,Conakry,MobileMoney,39.0,Female,Returning,December,140.02
ORD006320,3,34.37,10.0,4.0,Toys,Labe,Cash Payment,44.0,Male,New,January,96.73
ORD004334,3,98.1,0.0,2.0,Beauty,Conakry,Cash,25.0,Male,New,May,325.05
ORD000990,6,382.09,15.0,3.0,Electronics,Kindia,Card,42.0,Male,New,September,1789.82
ORD003423,3,108.37,0.0,4.0,Sports,CONAKRY,CASH,36.0,Male,RETURNING,January,346.14
ORD009687,4,68.31,15.0,6.0,Clothing,Nzerekore,Cash,,Female,Returning,August,236.3
ORD001759,1,241.28,10.0,3.0,Electronics ,Kankan,Card,38.0,Male,NEW,June,187.49
ORD002370,4,15.57,0.0,7.0,Food,Boke,,32.0,Male,New,September,61.05
ORD001022,6,24.41,0.0,4.0,FOOD,Conakry,MobileMoney,16.0,Male,Returning,January,135.32
ORD009103,3,,15.0,5.0,Foood,Kankan,Cash,24.0,Male,New,May,53.34
ORD007191,5,22.33,10.0,4.0,Food,Conakry,Cash,31.0,Male,Returning,September,106.96
ORD000867,3,18.64,5.0,4.0,Beauty,Kindia,Cash,23.0,Female,Returning,January,44.17
ORD003021,5,22.46,0.0,7.0, Books ,Conakry,Card,18.0,Female,Returning,February,103.88
ORD009516,7,80.26,10.0,5.0,Clothing,Conakry,,40.0,Male,new,November,482.14
ORD009431,8,85.35,10.0,-8.0,Clothing,Conakry,,29.0,Male,Returning,March,588.53
ORD007919,3,162.65,0.0,4.0,home,CONAKRY,Card,45.0,Male,Returning,September,513.61
ORD005416,4,560.89,15.0,3.0,Electronics,Conakry,Card,37.0,Female,Returning,March,1668.35
ORD007760,6,267.09,20.0,6.0,Electronics  ,CONAKRY,mobile money,16.0,Female,New,May,1163.27
ORD001698,2,28.91,5.0,5.0,Books,Conakry ,CARD,25.0,Female,New,October,53.97
ORD008587,7,25.57,0.0,6.0,Beuty ,kankan,Cash,47.0,Male,New,September,177.44
ORD006314,3,140.74,0.0,5.0,Sports, Conakry ,Mobile Money,30.0,MALE,New,February,423.79
ORD007057,250,109.05,0.0,5.0,Sports, Conakry,Mobile Money,26.0,Male,New,June,312.1
ORD000328,3,26.26,0.0,5.0,BEAUTY,Nzerekore,Card,29.0,Male,Returning,May,87.26
ORD001446,3,32.09,0.0,5.0,Toy,Kindia,Card,30.0,Female,New,March,106.04
ORD005897,5,56.35,0.0,5.0,Toys, Conakry,,31.0,Female,New,February,281.19
ORD005679,3,200.55,20.0,2.0,Electronics,Boke,Mobile Money,16.0,Male,new,March,511.29
ORD000804,3,118.76,0.0,,sports,kindia,Card,33.0,FEMALE,NEW,July,378.45
ORD008450,7,7.03,0.0,5.0,Food, N'Zerekore ,Mobile Money,29.0,Male,Returning,April,52.34
ORD003109,6,37.49,0.0,3.0,Beauty,Kankan,Mobile Money,,Female,New,March,227.07
ORD005323,2,65.94,10.0,2.0,Beauty,LABE,Card,30.0,Male,Returning,January,113.02
ORD005300,5,109.51,30.0,4.0,Electronics,Nzerekore,cash,32.0,Female,NEW,March,411.09
ORD001805,3,70.73,-20.0,5.0,Beauty,Conakry,Card ,,Male,New,October,161.65
ORD006984,2,111.52,0.0,1.0,sports,Conakry,Cash,45.0,Female,Returning,June,207.83
ORD002904,3,11.72,,2.0,Toys,Nzerekore,CASH,27.0,Female,New,April,36.03
ORD008499,5,295.49,10.0,6.0,Electronics,Kankan,Mobile Money,34.0,MALE,New,February,1224.42
ORD008600,3,40.06,0.0,,Toy,Kindia,Cash,38.0,Male,New,March,116.21
ORD008136,5,20.08,10.0,6.0,Food,Conakry,mobile money,39.0,Female,Returning,January,81.49
ORD004162,1,22.83,5.0,5.0,BOOKS,Boke,CASH,49.0,Male,Returning,January,22.82
ORD006489,2,59.87,10.0,6.0,Toys,Conakry,Cash,19.0,Female,returning,November,101.23
ORD006204,2,46.11,15.0,4.0,SPORTS,Nzerekore,Card,,Female,New,May,74.93
ORD008224,4,89.83,0.0,7.0,home,Boke,cash,35.0,Female,Returning,November,347.92
ORD000402,5,199.78,10.0,7.0,Eletronics,Kankan,CARD,28.0,Female,Returning,January,884.17
ORD005984,5,102.07,25.0,7.0,Home,Nzerekore,Card,28.0,Male,Returning,January,423.37
ORD003414,3,108.74,0.0,5.0,home,kankan,cash,37.0,Male,Returning,October,300.12
ORD001347,2,19.49,0.0,6.0,Books, boke ,Cash,28.0,male,New,September,33.14
ORD007553,2,35.61,10.0,7.0,Toys,Nzerekore,Cash,50.0,Female,Returning,March,72.63
ORD002392,5,55.17,0.0,,Toys ,Kankan,,54.0,male,Returning,January,264.6
ORD001268,3,38.6,0.0,6.0,Toy,Nzerekore,CASH,23.0,Female,New,March,116.91
ORD004902,4,45.86,0.0,5.0,Books,Conakry,Mobile Money,8.0,Female,New,August,205.43
ORD001444,5,,0.0,1.0,Food,Kindia,Cash,56.0,Male,New,October,61.98
ORD005056,2,425.88,0.0,6.0, Electronics,Labe,Card,34.0,Male,Returning,August,893.77
ORD001393,3,94.69,0.0,6.0,Sports,Conakry,Mobile Money,36.0,Male,New,September,252.55
ORD000186,7,31.04,15.0,6.0, Books ,kankan,Credit Card,44.0,Male,Returning,November,194.63
ORD008572,4,111.42,,2.0,Home,Kankan,Mobile Money,19.0,Male,NEW,July,431.01
ORD005848,5,,0.0,3.0,Sports,Nzerekore,,,Female,Returning,January,577.22
ORD002086,1,,,2.0,Beuty,Nzerekore,Mobile Money,40.0,FEMALE,New,June,43.09
ORD008711,3,40.85,0.0,8.0,BEAUTY, Nzerekore ,Card,38.0,Male,Returning,October,119.63
ORD000097,4,122.66,,1.0,Home,Nzerekore,Card,57.0,Male,New,August,486.87
ORD009072,2,335.37,10.0,4.0,Electronics,Nzerekore,CASH,26.0,MALE,New,December,634.52
ORD002011,4,21.73,,8.0,Food,Conakry,Mobile Money,41.0,Male,New,April,66.19
ORD002120,4,12.84,0.0,6.0,Books,Kankan,Mobile Money,16.0,Male,New,December,56.92
ORD009157,6,11.39,5.0,5.0,Food,Conakry,Card,50.0,Female,Returning,February,67.89
ORD007024,7,78.57,30.0,2.0,Sports,Conakry,Cash,47.0,Male,New,September,378.33
ORD009461,4,394.17,0.0,8.0, Electronics ,Conakry,Mobile Money,22.0,male,New,April,1313.6
ORD008832,5,83.08,0.0,6.0,Beauty,conakry,Card,,Female,Returning,September,403.75
ORD000002,2,61.6,0.0,1.0,Clothing,LABE,CARD,40.0,Male,Returning,January,108.18
ORD004766,7,66.02,10.0,3.0,Clothing,N'Zerekore,Card,48.0,Male,New,January,440.85
ORD001753,6,26.52,20.0,2.0,Beauty,Boke,Mobile Money,26.0,Male,New,June,125.47
ORD000470,2,159.78,-20.0,5.0,home ,Conakry,Card,22.0,Female,Returning,October,283.26
ORD007856,4,50.47,15.0,,Toys,Conakry,Credit Card ,39.0,MALE,New,March,157.74
ORD004673,4,27.35,0.0,8.0,Books,Boke,Mobile Money,35.0,Female,New,September,96.2
ORD001660,5,64.91,10.0,2.0,Clothing,Kindia ,MOBILE MONEY,,Male,Returning,March,299.97
ORD003763,2,35.95,0.0,4.0,Toys,Nzerekore,Card,180.0,Female,New,February,70.16
ORD003239,5,11.42,0.0,7.0,Food,Labe,Mobile Money,22.0,Male,New,May,57.13
ORD007522,4,22.79,0.0,4.0,Book,labe,Cash Payment,36.0,male,Returning,February,76.36
ORD003826,5,230.64,25.0,9.0, Electronics ,Nzerekore,card,47.0,Male,new,November,971.07
ORD001477,6,28.07,0.0,,books,conakry,Mobile Money,26.0,Male,Returning,October,175.59
ORD000261,6,47.15,-20.0,6.0,Cloting,nzerekore,Card,34.0,FEMALE,Returning,March,202.28
ORD003159,5,-40.0,5.0,5.0,toys,Conakry,Mobile Money,36.0,Female,Returning,August,242.89
ORD004026,2,27.78,0.0,1.0,food,Conakry,,23.0,Female,Returning,August,52.87
ORD008158,-3,-40.0,0.0,3.0,Electronic,Labe,Mobile Money,37.0,FEMALE,New,August,1414.86
ORD006882,3,12.05,5.0,5.0,Food,NZEREKORE,Card,51.0,M,Returing,April,33.69
ORD001378,4,69.05,0.0,3.0,HOME,Conakry,Cash Payment,38.0,M,Returing,February,268.53
ORD006636,5,61.58,,9.0,SPORTS,Kindia,Cash,26.0,Male,New,October,316.36
ORD003042,2,31.87,0.0,5.0,Beauty,Nzerekore,Cash,8.0,Female,New,December,68.18
ORD005720,3,64.22,5.0,5.0,clothing,Labe,Cash,29.0,Male,Returning,August,171.85
ORD009119,4,30.88,10.0,150.0,beauty,Labé,Cash,20.0,Female,New,January,115.52
ORD007307,5,67.12,10.0,6.0,Sports,Kankan,,20.0,Male,New,August,290.83
ORD001222,6,31.96,30.0,5.0,Books,Boke,Card,46.0,M,New,January,128.97
ORD007952,4,365.09,25.0,8.0,Electronics,Labe,Mobile Money,35.0,Male,New,April,1063.2
ORD008718,5,12.44,0.0,2.0,food,Kindia,Mobile Money,53.0,Female,New,October,59.82
ORD000536,3,147.7,5.0,5.0,Home, Conakry,Mobile Money,32.0,Male,New,January,439.75
ORD008313,2,91.03,0.0,2.0, SPORTS ,Boke,,43.0,Male,Returning,November,153.37
ORD006519,4,23.57,0.0,6.0,Books,Kindia,Cash Payment,29.0,Male,New,December,100.28
ORD002213,4,22.9,20.0,,food,Conakry,Mobile Money,,Female,New,June,63.96
ORD006278,3,19.19,0.0,5.0,Book,Kindia,,16.0,Female,Returning,July,53.76
ORD004058,4,16.32,0.0,6.0,Food,Conakri,Mobile Money,37.0,Female,Returning,May,61.95
ORD008626,3,95.73,0.0,2.0,Home,Boke,Card,35.0,Female,New,September,318.76
ORD000944,7,84.71,,7.0,home,Labe,Mobile Money,31.0,Male,New,August,581.21
ORD006410,3,28.87,-20.0,1.0,Toys,Kankan,Cash,42.0,Male,New,January,100.63
ORD004503,4,37.23,0.0,,Toys,Conakry,Mobile Money,30.0,Male,New,May,160.01
ORD000242,4,16.2,15.0,6.0, Food ,Kindia,,30.0,Female,New,June,57.05
ORD005886,2,14.85,0.0,8.0,Food,Kindia,CASH,180.0,Female,Returning,June,30.08
ORD001927,6,500000.0,25.0,4.0,beauty,Boke,Card,28.0,Male,NEW,April,119.51
ORD007174,6,145.68,0.0,1.0,SPORTS,Labe,,,Male,New,August,822.52
ORD002604,250,22.49,0.0,6.0,Books,Kankan,,43.0,Male,New,February,97.41
ORD000527,-3,1.48,,3.0,BOOKS,Conakry,Card,26.0,Male,New,March,9.05
ORD003786,2,9.41,10.0,,Food,Conakry,Mobile Money,31.0,Male,Returning,March,16.04
ORD005749,6,108.25,0.0,1.0,Sports,Conakry,Cash,28.0,F,Returning,August,576.87
ORD001160,1,24.1,0.0,,Books,Labe,Mobile Money,29.0,Male,New,April,25.46
ORD008652,3,34.53,0.0,9.0,Books,Conakry,,16.0,Female,Returning,September,103.99
ORD007909,4,10.74,10.0,3.0,Sports,Labe,Card,22.0,Male,New,September,39.44
ORD006608,3,23.54,10.0,3.0,Book,Kankan,Cash,36.0,Female,New,December,68.57
ORD002961,4,141.97,0.0,5.0,Home,Boke, CARD ,25.0,Male,Returning,October,568.37
ORD002253,7,19.55,0.0,7.0,Toys,Nzerekore,Mobile Money,25.0,Male,New,December,132.55
ORD002089,2,88.06,0.0,3.0,Clothing,Conakry,,33.0,Female,New,May,158.71
ORD006642,6,25.44,10.0,3.0,BOOKS ,Boke,,28.0,FEMALE,New,January,152.55
ORD006233,5,60.5,0.0,2.0,Clothing ,nzerekore,Cash,43.0,Male,Returning,November,328.44
ORD006228,6,1.81,25.0,4.0,Food,kankan,Cash Payment,47.0,Female,New,September,7.6
ORD004526,2,395.38,0.0,6.0,Electronics,Kindia,,37.0,Male,Returning,July,718.38
ORD004294,3,,15.0,3.0,Beauty,Conakry,Cash,30.0,Female,New,February,71.15
ORD006163,4,64.7,0.0,1.0,Clothing,kindia,Card,34.0,Female,New,January,237.17
ORD002326,2,,0.0,5.0,Home,kindia,CASH,40.0,Male,New,October,457.91
ORD008890,3,51.28,0.0,150.0,Beauty,Conakry,Card,27.0,Female,New,May,157.95
ORD009054,3,31.39,0.0,2.0,Beuty,Kankan,mobile money,31.0,Female,New,February,86.7
ORD007432,3,29.54,5.0,3.0,Beauty,Labe,Cash,35.0,Male,New,December,86.64
ORD006904,2,21.98,0.0,6.0,Clothing,Kindia,Cash,28.0,Female,Returning,April,43.03
ORD009126,2,26.54,5.0,4.0,Beauty,Kindia,,50.0,Male,New,March,49.44
ORD001479,1,173.74,0.0,, ELECTRONICS ,Kankan,Cash,40.0,Female,Returning,April,182.2
ORD004435,250,81.22,0.0,2.0,home,Kindia,MobileMoney,29.0,Male,New,October,361.73
ORD006171,6,100.64,5.0,5.0,Home,Boke,Cash,35.0,Male,New,January,614.65
ORD003989,4,25.31,,6.0,Books,Conakry,Card,19.0,female,New,June,107.34
ORD006108,5,18.95,15.0,5.0,Toys,Kindia ,Cash Payment,32.0,Male,New,October,79.97
ORD006771,3,,0.0,3.0,sports,Kindia,Card,43.0,male,New,November,66.3
ORD006334,3,61.78,10.0,,Beauty,Conakry,CARD,37.0,Male,New,July,177.56
ORD004350,6,40.8,10.0,7.0,Beauty,Conakry,MOBILE MONEY,44.0,Male,Returning,April,215.66
ORD007318,3,128.22,,4.0,Home,Kindia,Mobile Money,27.0,Male,Returning,April,386.58
ORD000321,2,108.53,,5.0,Clothing,Kindia ,CASH,30.0,Female,Returning,October,206.76
ORD006145,5,33.81,0.0,1.0,Toys,Labe,Cash Payment,37.0,Male,New,July,149.85
ORD008084,5,129.84,0.0,9.0,Sports,Conakry,Cash,34.0,Male,Returning,October,663.31
ORD005043,3,91.09,0.0,5.0,HOME,kindia,MobileMoney,,Female,New,May,286.53
ORD004216,-3,,0.0,2.0, Home ,Conakry,CARD,24.0,Female,New,August,747.86
ORD006552,8,69.22,5.0,5.0, Sports ,kindia,cash,42.0,Male,Returning,August,481.53
ORD001085,5,14.16,0.0,6.0,food,NZEREKORE,Cash,29.0,F,Returning,January,55.0
ORD008009,5,35.63,0.0,3.0,Beauty,Boke,Mobile Money,40.0,F,New,May,167.63
ORD007429,4,18.15,0.0,5.0,food,Boke,Card,44.0,male,Returning,January,77.18
ORD003653,4,32.93,0.0,6.0,Books,Kindia ,CASH,24.0,female,NEW,October,137.83
ORD001192,2,162.18,10.0,4.0, Electronics ,Kankan,Cash,23.0,F,New,March,287.85
ORD003828,2,111.74,0.0,3.0,Home,KANKAN,Cash,34.0,Male,Returning,February,243.05
ORD000621,2,237.0,,,Sports,Conakry,Cash,27.0,Female,Returing,August,432.53
ORD002099,3,26.44,0.0,,Food,Conakry,Cash,31.0,Female,New,April,76.84
ORD004847,3,106.61,0.0,7.0,Home,Kindia,,43.0,Female,New,April,337.25
ORD007090,5,29.18,0.0,3.0,Toys,Conakry,Cash,,Female,New,April,158.8
ORD008491,3,12.36,,5.0,Beauty,Conakry,Card,16.0,Female,returning,May,39.5
ORD002804,5,30.59,,5.0,Cloting,Nzerekore,Cash ,31.0,MALE,Returning,April,156.13
ORD005894,4,275.81,10.0,2.0,Electronics,Labe,Mobile Money,42.0,Male,Returning,January,908.94
ORD001865,9,79.59,10.0,5.0,Clothing,conakry,Card,30.0,Male,New,November,587.15
ORD007776,3,46.37,0.0,6.0,Clothing,Conakry,Cash,37.0,Female,New,September,133.58
ORD006055,8,113.53,0.0,4.0,Sports ,Kankan,Card,44.0,Male,Returning,February,848.26
ORD002296,3,77.61,5.0,,Clothing,Kankan,Card,34.0,Male,RETURNING,April,209.26
ORD001960,4,23.75,5.0,4.0,Toys,Kankan,Card,38.0,Male,Returning,June,95.67
ORD005874,4,56.95,15.0,5.0,Clothing,Boke,Cash,22.0,Female,New,July,174.55
ORD008104,250,152.99,15.0,10.0,Home,Conakry,Cash,24.0,Male,New,April,1134.75
ORD000578,4,49.0,5.0,,Toy,Boke,Cash,37.0,MALE,Returning,July,173.11
ORD005121,1,86.62,0.0,,Clothing,Conakry,Mobile Money,18.0,Male,New,April,87.96
ORD005764,5,39.51,5.0,3.0,Beauty,kankan,Mobile Money ,33.0,Male,New,September,185.81
ORD001396,2,46.49,10.0,8.0,SPORTS,Nzerekore,Card,17.0,F,Returning,July,86.7
ORD008237,1,42.26,0.0,2.0,home,Kankan,Card,30.0,Female,New,July,39.3
ORD006280,2,175.43,25.0,,HOME,Labe,,24.0,Female,New,October,278.62
ORD002755,2,45.78,250.0,6.0,BEAUTY,Nzerekore,Cash,42.0,Male,New,March,80.59
ORD001806,5,32.22,250.0,6.0,Books,KINDIA,MobileMoney ,35.0,Male,Returning,December,153.83
ORD002855,5,425.77,10.0,,Electronics,Kindia,MobileMoney,25.0,Female,new,September,1735.98
ORD009296,2,12.3,0.0,5.0,Books,CONAKRY,Card,,Male,Returning,February,27.28
ORD003913,4,44.33,10.0,5.0,Beauty,Nzerekore,Card,33.0,Male,New,November,161.17
ORD004367,2,97.16,0.0,6.0,Sports,Labe,,34.0,Female,Returning,April,201.28
ORD000171,3,,,3.0,Electronics,Boke,Credit Card,28.0,Female,Returning,May,840.63
ORD002042,8,-40.0,0.0,7.0,Clothing,Conakry,Mobile Money,41.0,Male,Returning,March,720.25
ORD004441,3,18.11,15.0,6.0,Food,Boke,Cash,28.0,Male,New,January,50.07
ORD001234,4,39.66,20.0,8.0,Toys,Boke,CARD,39.0,Male,New,September,108.9
ORD005912,3,25.57,30.0,2.0,Cloting,Kankan,card,45.0,Male,Returning,February,52.09
ORD008764,3,166.13,0.0,5.0,Electronics,Boke,Card,25.0,Male,Returning,October,413.35
ORD009139,4,85.84,0.0,4.0, Sports ,Boke,Cash,31.0,Female,Returning,September,284.5
ORD005170,5,275.04,10.0,6.0,Electronics,Kankan,Cash Payment,27.0,FEMALE,Returning,January,1202.21
ORD007388,5,35.97,20.0,5.0,TOYS,Conakri,Mobile Money,31.0,Female,Returning,February,138.53
ORD006819,6,491.03,10.0,2.0,Electronics,Boke,Card,32.0,Male,RETURNING,March,2641.96
ORD009305,4,75.5,0.0,3.0, Sports ,kindia,MOBILE MONEY,27.0,Female,new,August,305.04
ORD009076,3,74.73,0.0,3.0,Sport,Kindia,Mobile Money,28.0,Male,Returning,August,211.76
ORD003820,4,199.14,0.0,6.0,Electronics, BOKE ,Cash,31.0,Female,Returning,September,801.49
ORD008740,3,15.95,0.0,3.0,Food,Conakry,Card,33.0,Female,New,August,41.81
ORD005593,1,500000.0,0.0,2.0,Clothing,Boke,Card,27.0,Male,New,November,44.37
ORD002068,4,15.97,0.0,5.0,Books,Nzerekore,Card,32.0,Male,Returning,February,56.05
ORD001276,4,,15.0,5.0,Food,Kindia, Mobile Money ,26.0,Male,New,March,48.64
ORD008903,2,227.81,,4.0,Home,conakry,Mobile Money,36.0,Female,Returing,October,496.04
ORD007204,3,121.44,10.0,6.0,Home,boke,,42.0,Female,Returing,March,343.6
ORD003119,2,52.26,20.0,3.0,BEAUTY,Conakry,Mobile Money,41.0,Male,Returning,March,87.21
ORD004396,4,81.58,0.0,5.0,Sports,KINDIA,Cash,32.0,M,New,August,342.55
ORD002950,4,41.03,0.0,6.0,Beauty,Conakri,Mobile Money,,Female,New,May,164.43
ORD007746,1,135.82,10.0,7.0,SPORTS,Kindia,Card,180.0,Female,new,March,118.56
ORD001891,3,26.02,,5.0,BOOKS,boke,,16.0,Male,New,January,84.57
ORD000678,3,23.15,30.0,7.0,Book,Boke ,Card,21.0,Male,New,June,44.82
ORD003098,3,52.75,0.0,9.0,Beauty,Labe,Cash ,,Male,Returning,February,162.24
ORD006267,4,59.52,0.0,7.0,Toys,Conakry,,35.0,Male,New,June,228.01
ORD007783,6,89.25,20.0,7.0,Clothing,Conakry,Cash Payment,28.0,Female,New,November,401.55
ORD006398,3,19.92,0.0,6.0,Books,Boke, Cash ,37.0,Male,Returning,November,57.62
ORD009561,8,20.52,0.0,,Food,Boke,MobileMoney,31.0,Female,New,February,188.05
ORD008385,3,35.39,5.0,3.0,Toy,Labe,Cash,27.0,Female,Returning,September,107.15
ORD006830,6,41.21,10.0,4.0,Toys,LABE,Card,16.0,Male,Returning,September,235.85
ORD007958,3,,10.0,150.0,Beauty,Conakry,Card,36.0,MALE,Returning,September,157.6
ORD001297,6,27.82,,7.0,Home,Boke,Mobile Money,42.0,Female,Returning,September,127.53
ORD007629,3,21.27,20.0,3.0,Beauty,Kindia,Cash,27.0,Male,Returning,November,47.87
ORD004392,3,12.14,20.0,3.0,books,Kindia,Card,40.0,Female,New,April,31.31
ORD005167,3,409.67,0.0,5.0,Electronics , Conakry ,CARD,53.0,Female,new,June,1282.44
ORD004150,3,59.48,,1.0,Sports,Kankan,CARD,19.0,Male,Returning,August,146.22
ORD009595,2,29.1,0.0,5.0,Books,conakry,Mobile Money,26.0,Female,New,September,57.29
ORD003401,5,25.11,0.0,,Food,Conakry, Cash ,25.0,Male,New,December,121.5
ORD002935,5,181.17,0.0,5.0,Home,Kindia,Cash,39.0,Male,New,September,872.77
ORD002240,1,10.1,0.0,8.0,FOOD,Kankan,,49.0,Female,Returning,May,7.81
ORD003901,4,82.84,10.0,3.0,Home,Conakry,Card,24.0,Male,New,February,302.7
ORD005649,3,339.02,0.0,6.0,Electronics ,Nzerekore,Mobile Money,41.0,Male,New,September,963.02
ORD008950,4,35.57,20.0,,Sports,Kindia,Mobile Money,,Female,Returning,February,112.2
ORD003343,5,,30.0,4.0,HOME,Boke,Card,57.0,Female,New,October,185.78
ORD006103,2,,0.0,4.0,Beauty,Nzerekore,Cash,18.0,Male,New,May,68.38
ORD000302,3,66.87,25.0,5.0,Home,Kindia,Card,29.0,Female,Returning,May,139.33
ORD000366,1,130.22,0.0,, Electronics,Kankan,Card,26.0,Female,Returning,July,133.65
ORD009589,7,163.69,0.0,,SPORTS,Conakry,Cash,37.0,Male,Returning,September,1125.43
ORD004199,6,20.21,0.0,5.0,books,Boke,mobile money,34.0,Male,New,March,123.95
ORD006436,3,28.35,0.0,2.0,Books,Conakry,Mobile Money,18.0,M,Returning,July,97.9
ORD006889,2,129.67,0.0,2.0,Sports,kindia,Cash,32.0,Female,RETURNING,December,272.35
ORD001046,6,-40.0,0.0,4.0,Book,Conakry,Card,38.0,Female,Returning,September,94.89
ORD002796,4,82.57,0.0,5.0,Clothing,Boke,Card,40.0,Female,New,May,325.18
ORD005144,1,20.59,10.0,3.0,Books,Kankan,Cash,50.0,Male,New,November,15.43
ORD006828,4,47.53,0.0,5.0,Books,conakry,Card,180.0,Male,New,October,205.19
ORD003695,3,104.42,10.0,2.0,Sports,nzerekore,Mobile Money,33.0,Male,NEW,March,305.04
ORD007431,5,103.26,5.0,8.0,Home,Kankan,Mobile Money,36.0,Female,New,May,522.88
ORD000858,6,103.26,20.0,5.0,Sports,Kankan,Cash,16.0,Female,Returning,January,480.06
ORD004406,2,500000.0,10.0,4.0,Books,Labe,MOBILE MONEY,,Female,Returing,December,34.54
ORD003006,5,96.82,,4.0,  Electronics  ,Kindia,Card,39.0,Male,Returning,March,424.62
ORD001216,5,119.98,5.0,7.0,Sports,Kindia,Mobile Money,16.0,Male,RETURNING,March,589.7
ORD005584,5,63.77,20.0,3.0, CLOTHING ,Labe, Mobile Money ,26.0,Female,New,March,256.61
ORD008381,8,367.35,0.0,6.0,Electronics,Boke,Cash,30.0,Male,New,June,2931.72
ORD003255,3,500000.0,10.0,4.0,Electronic,Kindia,Card,47.0,Female,Returning,July,743.99
ORD004471,5,21.79,15.0,3.0,Toys,Kindia,Mobile Money,27.0,Female,New,October,97.74
ORD005310,5,82.41,0.0,8.0,Hom,Boke,Cash,33.0,Female,Returning,November,457.66
ORD000545,5,-40.0,5.0,,Food,Kindia,Card,23.0,M,Returning,September,63.67
ORD005448,3,100.42,0.0,4.0,Sports,Kankan,Cash,31.0,female,RETURNING,May,302.72
ORD004388,4,,,8.0,Electronics,Conakry,Cash Payment,42.0,Female,New,August,672.56
ORD008586,3,157.46,0.0,2.0,Home,Boke,Cash,39.0,Male,Returning,December,477.42
ORD003689,3,21.06,10.0,5.0,Foood,Conakry,Cash Payment,35.0,Female,Returning,November,62.3
ORD004486,3,-40.0,10.0,5.0,Beauty,N'Zerekore,CASH,36.0,Female,New,December,100.7
ORD002870,6,18.97,20.0,5.0,Books,Boke,Cash,29.0,Male,Returing,September,81.14
ORD004947,3,,20.0,4.0, FOOD ,Kankan,Card,38.0,Male,NEW,January,40.03
ORD007902,4,199.22,0.0,8.0, Sports ,Conakry,Card,39.0,Female,New,December,853.54
ORD001871,1,222.71,10.0,4.0,Home, Conakry,Cash,16.0,Female,Returning,April,201.86
ORD005957,2,49.53,0.0,,beauty,kindia,Cash,40.0,Male,Returning,July,92.98
ORD006492,3,129.01,0.0,,Home,Kindia,Cash,28.0,Male,New,June,356.67
ORD005259,3,121.28,0.0,5.0,Home,Kindia,Cash,43.0,Male,Returning,July,431.25
ORD003232,3,59.33,0.0,1.0,Sports, Kankan ,,20.0,Female,New,December,198.4
ORD006261,1,399.74,0.0,,ELECTRONICS,LABE,Cash,,Male,New,April,383.45
ORD005016,3,79.73,0.0,,Clothing,Conakry,Mobile Money,46.0,Male,Returning,September,261.88
ORD003911,4,27.04,0.0,6.0,BOOKS,Kankan,Mobile Money,28.0,Female,New,September,99.66
ORD006359,7,63.1,20.0,6.0,Clothing,Boke,Card,52.0,Male,Returning,February,355.88
ORD007161,2,30.56,5.0,10.0,Beauty,Boke,,16.0,Male,New,June,57.92
ORD007031,4,117.2,0.0,3.0,Home,conakry,Card,28.0,F,New,May,458.38
ORD004507,4,,0.0,5.0,Clothing,kindia,Cash Payment,28.0,Female,New,January,301.98
ORD006810,2,70.81,0.0,3.0,BEAUTY,Conakri,Cash,33.0,Male,Returning,October,151.52
ORD005142,9,16.78,0.0,3.0,Books,Nzerekore,Mobile Money,49.0,F,New,November,145.9
ORD001895,2,24.81,0.0,8.0,Books,Kindia,Mobile Money,,Male,New,September,46.1
ORD001185,1,,0.0,5.0,Hom,Conakry,Mobile Money,,Female,Returning,July,133.62
ORD003408,3,,0.0,2.0,Sports,kindia,Card,19.0,F,Returning,September,146.1
ORD003005,5,28.25,0.0,1.0,Books,Kankan,Cash,29.0,Male,New,September,136.01
ORD001899,9,63.94,30.0,6.0,toys, Conakry,,16.0,Male,Returning,September,412.85
ORD000833,5,,10.0,6.0,Electronics,Conakry,Cash,26.0,Male,New,March,1300.59
ORD006324,3,161.8,0.0,4.0,Sports,CONAKRY,Cash,30.0,Female,New,February,498.33
ORD005900,5,118.0,0.0,4.0,Home,Conakry,Card,30.0,Male,Returning,November,521.49
ORD000691,4,211.74,0.0,1.0,electronics,Labe,Mobile Money,18.0,Female,Returing,November,900.71
ORD009080,5,57.0,0.0,3.0,CLOTHING,Conakry,,,female,New,March,262.22
ORD006615,5,57.2,0.0,2.0,Beauty,BOKE,,16.0,Female,New,June,293.28
ORD006849,6,,0.0,5.0,Book,Kindia,Card,33.0,Female,Returning,August,111.28
ORD006456,7,57.51,0.0,,BEAUTY,conakry,MobileMoney,26.0,Male,New,September,423.62
ORD003777,5,,0.0,4.0,Sports,Conakry,Card,30.0,Male,returning,April,345.0
ORD001513,6,362.65,20.0,4.0,Electronic,Kankan,CASH,36.0,Female,Returning,February,1576.23
ORD006363,1,13.18,0.0,4.0,Food,Nzerekore,Cash,,Female,New,February,13.81
ORD007771,5,30.4,25.0,6.0,Food,Conakry,Credit Card,37.0,F,New,August,124.85
ORD009422,3,42.35,15.0,4.0,Toys,Kindia,Cash,40.0,Male,returning,January,90.08
ORD009411,4,26.0,0.0,4.0,Beauty,Kindia,Card,26.0,Male,Returning,July,108.79
ORD003883,3,13.53,0.0,3.0,Food,Nzerekore,Mobile Money,36.0,Female,Returning,October,42.21
ORD001076,5,27.29,,1.0,toys, boke ,,18.0,Female,Returning,May,151.5
ORD004581,4,66.72,0.0,3.0,Clothing,Kindia,CASH,31.0,Male,NEW,July,265.79
ORD007587,5,,15.0,5.0,Food,Kindia ,Card,27.0,Female,Returning,July,76.21
ORD002203,4,26.64,30.0,6.0,Clothing,Boke,Card,23.0,Female,Returning,June,84.71
ORD006454,5,,0.0,150.0,Books,Kindia,cash,44.0,Female,New,July,8.54
ORD006536,4,34.88,0.0,5.0,Beauty,Kankan,Cash,23.0,Female,New,December,126.36
ORD002112,1,57.93,0.0,3.0,CLOTHING,Labe,Card,40.0,Female,New,September,67.59
ORD004866,4,53.8,10.0,1.0,clothing,Kankan,Card,16.0,Female,NEW,July,212.03
ORD008246,5,32.32,0.0,4.0,beauty,Kindia, cash ,20.0,FEMALE,Returning,August,150.09
ORD006469,3,21.81,5.0,2.0,Food,Conakri,Cash,27.0,Male,New,February,55.42
ORD009517,3,,10.0,9.0,Clothing,KANKAN,Cash Payment,27.0,Female,Returning,May,243.71
ORD009695,4,83.03,0.0,7.0,CLOTHING,CONAKRY,Card,29.0,Female,RETURNING,August,361.65
ORD007063,3,,5.0,,Food,Boke,Cash,42.0,Female,New,May,41.54
ORD002603,6,113.67,0.0,6.0,Home,Kindia,Mobile Money,16.0,Female,RETURNING,March,649.94
ORD001947,7,43.29,0.0,7.0,Books,conakry,Mobile Money,31.0,Female,Returning,February,301.65
ORD004651,5,92.39,0.0,6.0,sports,Kankan, Cash ,29.0,Male,New,July,437.42
ORD007379,3,35.25,0.0,3.0,Beauty, Boke ,Card,35.0,Male,new,July,90.54
ORD003986,6,105.08,0.0,3.0,Sports,LABE,Card,35.0,Female,new,August,691.59
ORD000753,6,18.73,0.0,-6.0,FOOD,Conakry,Mobile Money,39.0,Female,returning,October,95.54
ORD007212,4,111.11,-20.0,5.0,Sports,boke,cash,19.0,Female,New,October,354.46
ORD001362,1,40.12,5.0,6.0,Cloting,NZEREKORE,Card,180.0,Male,New,November,35.85
ORD007917,2,18.54,10.0,3.0,Books,Conakry,Card,37.0,Female,RETURNING,April,35.44
ORD002683,6,67.02,0.0,3.0,Beauty,Conakry,Cash,37.0,Male,New,July,421.07
ORD005138,3,214.29,,1.0,home, Conakry,Cash,,F,New,August,601.1
ORD003285,3,18.41,,4.0,Books,Nzerekore,Cash,33.0,Female,Returning,April,54.44
ORD001836,4,33.19,,3.0,Beauty,Kankan,Credit Card,31.0,FEMALE,New,July,135.22
ORD009331,4,261.05,10.0,6.0,Electronics,Labe, Card ,8.0,Male,Returing,October,972.63
ORD000364,5,47.7,,1.0,Toys,Conakry,MOBILE MONEY,32.0,FEMALE,New,September,242.65
ORD005253,6,45.37,10.0,3.0,Beauty,kindia,Card,31.0,Female,New,January,217.92
ORD002765,2,33.98,10.0,,Beuty,nzerekore,MobileMoney,8.0,Female,New,September,56.47
ORD001136,4,46.44,0.0,4.0,Toy,Kindia,Mobile Money,29.0,male,New,September,181.3
ORD003213,4,19.65,5.0,2.0,Food,Kankan,Mobile Money,41.0,Male,New,July,76.25
ORD006916,2,540.06,10.0,3.0, Electronics ,Conakry,Credit Card,34.0,Male,Returning,May,1041.54
ORD007508,5,57.19,0.0,6.0,Beauty,Kindia,Mobile Money,47.0,Female,Returning,September,248.19
ORD003808,5,72.55,0.0,,Beauty,Conakry,Mobile Money,16.0,Female,New,March,373.2
ORD006524,3,151.47,0.0,7.0,Sports,Kankan,MobileMoney,,Male,Returning,March,455.29
ORD001680,5,15.55,0.0,5.0,Food,Kankan,MobileMoney,31.0,Female,Returning,November,74.13
ORD004647,3,48.89,0.0,5.0,Beauty,labe,Card,30.0,Female,Returing,June,142.74
ORD003590,5,29.49,0.0,4.0,toys,KINDIA,Cash,16.0,Male,New,January,150.09
ORD002357,2,,0.0,1.0,Home,Conakry,card,41.0,Male,Returning,December,401.37
ORD009705,3,144.99,0.0,8.0,home,labe,,23.0,Male,New,July,388.65
ORD008269,6,10.32,0.0,5.0,Food,Kankan,Mobile Money,27.0,Male,Returning,April,61.95
ORD001623,2,94.82,0.0,5.0,Sports,Labe,Card,,Female,New,May,200.79
ORD006617,4,66.19,5.0,1.0,HOME,Conakri,Mobile Money,18.0,Male,Returning,June,238.9
ORD006868,3,14.3,0.0,8.0,Food,Kindia,Card,24.0,Male,RETURNING,October,42.8
ORD008997,5,171.64,0.0,-8.0,Home ,KINDIA,Cash,32.0,Male,Returning,June,935.9
ORD004335,5,100.19,25.0,6.0,Sports,labe,MobileMoney,33.0,Male,Returning,February,350.65
ORD004098,4,14.98,10.0,6.0,Food,Boke,Cash,37.0,Male,Returning,June,55.76
ORD003015,5,413.29,,3.0,Electronics,Conakry,Card,8.0,Male,Returning,May,2096.58
ORD004811,5,206.79,0.0,, Electronics ,Kindia,,31.0,Male,Returning,June,986.2
ORD009029,3,357.78,15.0,3.0,Electronics,Conakri,Cash,34.0,Male,New,January,742.93
ORD004939,3,21.65,,2.0,Toys,Kankan,,24.0,Male,NEW,December,58.28
ORD006592,2,33.73,5.0,5.0,toys,Labe,Cash,16.0,Male,Returning,June,66.58
ORD002069,4,32.5,0.0,7.0,Books,Conakry,,35.0,Female,Returning,May,123.51
ORD004390,3,128.95,10.0,1.0,Home,BOKE,Card,32.0,M,New,November,338.16
ORD000880,1,23.32,20.0,9.0,Books,Boke,Card,36.0,Male,New,May,17.96
ORD008662,4,14.06,0.0,4.0,Food,Conakry,,39.0,Female,New,May,61.59
ORD006910,2,103.07,0.0,4.0,Hom, Kindia ,MobileMoney,28.0,male,New,September,186.75
ORD009500,5,33.61,30.0,4.0,Book,Conakry,Cash,49.0,Female,Returning,September,114.44
ORD005906,5,147.55,0.0,2.0,Home,Boke,Cash Payment,22.0,Female,New,August,730.8
ORD003798,5,,0.0,2.0,Electronics ,Kindia,Cash,46.0,Female,New,October,1326.33
ORD004960,4,61.37,0.0,4.0,Sports,Kankan,Mobile Money,45.0,Female,New,June,218.45
ORD000759,4,,30.0,3.0,Toys,Nzerekore,Mobile Money,24.0,Female,Returning,September,92.78
ORD003122,3,240.61,0.0,6.0,Electronics,Labe,Card,40.0,Male,New,February,707.03
ORD006352,4,140.81,0.0,10.0, Electronics ,kindia,Mobile Money,39.0,female,New,February,599.69
ORD002403,2,39.03,5.0,3.0,Sports,Boke,Mobile Money,22.0,Female,New,December,63.48
ORD007096,4,24.49,10.0,,BOOKS,Kankan,Card,29.0,Female,New,July,83.95
ORD002060,7,58.09,0.0,1.0,Beauty,Conakry,Mobile Money,34.0,Male,New,May,429.7
ORD007964,4,,0.0,4.0,Home,Boke,Cash ,28.0,Female,Returning,September,548.8
ORD004479,5,40.5,5.0,5.0,TOYS, Kindia ,Cash,37.0,Male,Returning,November,195.12
ORD009396,1,,5.0,4.0,Food,Conakry,Cash,,Female,New,December,3.96
ORD002578,6,387.75,,,Electronics,Kankan,Mobile Money ,29.0,Female,New,January,2206.92
ORD001912,3,51.85,25.0,5.0,Beauty,Conakry,Mobile Money,28.0,Female,New,July,115.96
ORD006742,-3,592.63,0.0,4.0,Electronics,Conakry,Card,23.0,Male,New,November,612.27
ORD004836,4,520.69,0.0,5.0,Electronics,Kindia,Cash,25.0,Female,Returning,August,1985.91
ORD001021,8,,0.0,5.0,HOME,Labe,Card,17.0,Male,New,November,795.29
ORD001074,-3,124.33,5.0,3.0,Sports,conakry,Cash,52.0,Male,Returning,November,367.93
ORD005850,4,19.25,0.0,2.0,books,Labe,Cash,30.0,Female,New,May,78.12
ORD005256,8,35.51,25.0,3.0,Toys,Kindia,Card,21.0,Female,Returning,April,231.71
ORD000059,3,77.03,10.0,3.0, Cloting ,Kindia,,8.0,Female,Returning,December,198.4
ORD005423,3,32.88,0.0,2.0,Cloting,kankan ,Credit Card,24.0,Female,New,June,81.99
ORD009233,1,85.0,0.0,6.0,Clothing,Conakry,Cash,20.0,Female,Returning,May,91.92
ORD002295,1,,10.0,3.0,Electronics,Labe,Cash,27.0,Male,Returning,February,235.61
ORD008353,3,80.67,5.0,5.0,Sports,Labé,,41.0,Male,Returning,May,245.71
ORD008225,4,2.3,10.0,6.0,Books,Labe,Card,40.0,MALE,New,August,8.76
ORD005335,7,76.5,15.0,2.0,Beuty,Boke,Cash,,Male,New,January,413.8
ORD008944,2,,0.0,5.0,Home,Conakry,Mobile Money,22.0,Female,Returning,August,494.37
ORD007297,1,36.94,,9.0,Beauty,conakry,Cash,34.0,Female,New,April,31.68
ORD002399,5,,0.0,1.0,Clothing,Conakry,Cash,25.0,Male,New,November,512.14
ORD007600,6,18.48,,3.0,Food,Boke,Mobile Money,28.0,Female,New,October,127.86
ORD006790,3,313.99,0.0,6.0, Electronics ,kankan,Cash,33.0,female,RETURNING,May,937.89
ORD007558,5,35.33,0.0,6.0,Toys,NZEREKORE,Card,41.0,MALE,Returing,December,171.1
ORD003134,4,441.66,-20.0,5.0,Electronics,Kindia,,16.0,Female,New,February,1855.82
ORD001069,5,11.29,,,Books,Boke,cash,,Male,New,October,60.99
ORD002530,3,33.22,250.0,150.0,Clothing,Kankan,Card,16.0,Male,Returning,January,99.83
ORD001774,7,22.36,0.0,3.0,Books,Labe,Cash ,32.0,Female,Returning,April,170.09
ORD001478,5,35.92,0.0,6.0,Toys,Labe,Cash,19.0,Male,New,November,181.54
ORD001514,3,105.22,5.0,3.0, Electronics ,conakry,Mobile Money,28.0,MALE,New,September,298.88
ORD006293,4,155.38,0.0,3.0,Electronics,Boke,Cash Payment,30.0,Male,New,July,577.06
ORD006708,3,10.7,15.0,9.0,Sport,Kankan,Cash,27.0,Male,New,February,23.28
ORD003286,6,298.67,-20.0,1.0,Electronics,KINDIA,CASH,24.0,Male,Returning,August,1700.31
ORD004452,4,131.07,,5.0,Home,Conakry,Cash,47.0,Male,Returing,July,487.06
ORD003069,3,500000.0,0.0,8.0,Sports,Conakry,Cash,36.0,Male,New,December,297.35
ORD005361,1,23.95,10.0,3.0,Books,Boke ,,28.0,Female,New,March,22.52
ORD005165,1,25.71,10.0,1.0,Food,Conakry,Cash,36.0,Female,returning,February,24.73
ORD009505,2,196.6,0.0,5.0,Home,Conakry,Cash,32.0,Male,returning,January,398.1
ORD006292,8,33.64,10.0,4.0,Beauty,Nzerekore,Cash,29.0,Female,Returning,January,269.58
ORD008923,1,17.75,15.0,3.0,Toys,KINDIA,Cash,42.0,Female,New,March,16.17
ORD009509,3,58.96,0.0,6.0,Clothing,Boke,MOBILE MONEY,40.0,Female,Returning,February,157.01
ORD004613,4,255.15,0.0,4.0,Electronics,Conakry,card,32.0,Female,New,October,897.08
ORD009697,3,26.88,0.0,8.0,food,Labe,mobile money,54.0,Male,New,November,71.97
ORD003290,6,50.37,0.0,4.0,BEAUTY,Conakry,Mobile Money,30.0,female,Returning,November,312.2
ORD001800,8,80.57,20.0,2.0,Clothing,Kindia,,24.0,Male,New,July,456.31
ORD008974,6,4.53,25.0,3.0,Book,BOKE,CASH,45.0,Female,Returning,February,19.34
ORD007879,5,8.36,0.0,7.0,Beauty,Kankan,Cash Payment,33.0,Female,New,January,43.3
ORD008770,5,184.83,,5.0,Home,Kindia,Cash,33.0,Male,NEW,December,896.74
ORD002010,2,,15.0,1.0,Foood,CONAKRY,Card,38.0,Female,New,July,28.8
ORD002501,4,57.98,10.0,5.0,Clothing,KINDIA,,180.0,female,New,August,180.37
ORD009657,5,49.39,20.0,5.0,Beuty,Conakry,Mobile Money,26.0,MALE,New,January,187.18
ORD007243,250,38.64,0.0,2.0,Toys,Kindia,Card,26.0,Female,Returning,September,149.68
ORD002192,3,42.82,0.0,2.0,Beauty,CONAKRY,Cash,16.0,Male,New,June,132.1
ORD000915,2,14.87,5.0,6.0,Food,boke,Cash,25.0,Female,Returning,August,30.65
ORD004289,7,41.95,0.0,4.0,Clothing,boke,,26.0,Male,Returning,June,304.03
ORD003796,3,17.14,5.0,5.0,Books , Conakry,card,40.0,Male,New,December,49.58
ORD003722,1,91.51,,5.0,Clothing,Conakry,,22.0,Male,New,January,79.83
ORD001337,6,149.03,20.0,,Home,NZEREKORE,Card,24.0,Male,New,September,757.56
ORD007561,4,70.93,0.0,4.0,Sports,Kankan,card,22.0,Male,New,April,312.47
ORD004086,3,248.38,0.0,3.0,Electronics,Conakry,MobileMoney ,34.0,Female,New,July,794.47
ORD005135,6,106.58,,4.0,Clothing,Conakry,Mobile Money,20.0,Male,New,November,558.05
ORD006275,2,123.19,5.0,2.0,Sports,Conakry,Cash,16.0,Male,New,August,228.37
ORD006056,7,172.58,25.0,6.0,Sport,Conakry,Cash,34.0,Male,New,May,736.28
ORD007092,2,74.26,,4.0,sports ,Labe,Cash,,Male,New,April,126.63
ORD007201,250,55.53,20.0,5.0,Clothing,Nzerekore,,39.0,Male,New,September,221.0
ORD008220,6,26.75,0.0,5.0,Beauty,Conakry,Cash,34.0,Male,New,May,154.9
ORD005314,4,114.23,30.0,7.0,Clothing,conakry,Card,48.0,Male,New,April,327.34
ORD002682,6,41.83,5.0,2.0,Clothing,NZEREKORE,Credit Card,31.0,Female,Returning,November,229.92
ORD005615,5,8.97,0.0,9.0,Books, Boke ,MOBILE MONEY,33.0,Female,New,June,53.11
ORD002506,2,19.52,5.0,1.0,Beauty, N'Zerekore ,Mobile Money ,30.0,Female,Returning,July,37.27
ORD001304,4,154.21,0.0,4.0,Sports,BOKE,Cash,19.0,MALE,Returning,December,596.89
ORD004723,3,500000.0,0.0,5.0,Sports,conakry,Card,33.0,Female,Returning,December,375.57
ORD003806,5,6.42,15.0,5.0,Food,Labe,Credit Card,44.0,Female,New,April,25.25
ORD001174,3,,0.0,3.0,Electronics,Kindia,Cash ,29.0,Female,Returning,June,839.82
ORD001433,3,77.94,0.0,3.0,Beauty, Conakry,Mobile Money,,Male,Returning,March,257.27
ORD001100,4,113.41,10.0,2.0,Sports,Kindia,CARD,39.0,female,NEW,October,405.54
ORD009519,6,,0.0,1.0,Books,CONAKRY,Card,39.0,Female,New,October,117.12
ORD001909,1,7.69,25.0,150.0,Books,Boke,Card,48.0,Female,Returning,September,6.34
ORD007108,4,,30.0,7.0,Clothing,KANKAN,Cash ,21.0,Male,New,September,159.23
ORD003023,9,22.87,5.0,,Food,Conakry,CASH,22.0,Male,New,September,185.07
ORD009385,5,,0.0,8.0,books,Kindia, Card ,44.0,Female,Returning,March,86.84
ORD009285,4,327.58,0.0,6.0,Electronic,Kankan,Mobile Money,38.0,Male,NEW,April,1336.37
ORD007733,4,25.02,0.0,5.0,Foood,Conakry,CARD,37.0,Female,New,March,96.17
ORD001406,5,43.82,5.0,4.0,Toys, Conakry,Cash,29.0,Male,Returning,October,224.8
ORD006007,6,7.93,5.0,4.0,Food,Labe,Card,42.0,Male,New,May,48.13
ORD006295,2,11.59,0.0,6.0,Books,Boke,Mobile Money,26.0,Female,New,July,26.67
ORD009428,2,,0.0,5.0,Hom,CONAKRY,Cash Payment,33.0,Female,new,February,378.27
ORD008314,5,437.25,20.0,6.0,Electronics,Boke,Cash,49.0,Female,New,July,1697.89
ORD001316,250,256.83,20.0,4.0,Electronics,Kindia,Mobile Money,31.0,Male,New,May,986.06
ORD002814,1,64.14,20.0,8.0,Home,Labe,Card,20.0,Male,New,November,58.17
ORD000310,2,39.31,0.0,6.0,toys,Kindia,CASH,24.0,Male,New,December,74.28
ORD005509,5,16.18,0.0,4.0,Book,Nzerekore,Card,29.0,Male,New,August,82.96
ORD004091,4,,30.0,2.0,Sports,Boke,Card,22.0,Male,New,May,215.89
ORD000776,3,30.66,0.0,3.0,Clothing,Kankan,Card,,Female,new,May,91.68
ORD004581,4,66.72,0.0,3.0,Clothing,Kindia,CASH,31.0,Male,NEW,July,265.79
ORD005671,2,32.91,0.0,3.0,Toys, Conakry,,29.0,Female,New,April,62.71
ORD000368,6,20.78,10.0,7.0,BOOKS,Kindia,Mobile Money,24.0,Male,Returning,February,101.4
ORD000571,2,8.58,10.0,5.0,Food,Labe,CARD,26.0,Male,New,October,14.64
ORD004100,6,47.48,25.0,5.0,beauty,Boke,mobile money,18.0,Male,returning,August,246.27
ORD004746,8,23.85,0.0,4.0,Food,Conakry,Mobile Money,16.0,Female,New,November,199.88
ORD008294,-3,143.4,5.0,4.0,Home,KANKAN,Card,36.0,Male,Returning,October,1008.79
ORD007612,4,53.7,0.0,,Toys,Conakry,Cash,27.0,Male,Returning,June,230.06
ORD004538,9,9.92,15.0,5.0,Books,Boke,cash,35.0,Male,Returning,February,64.19
ORD001594,2,16.21,0.0,4.0,Books,Kindia,Mobile Money,34.0,Female,Returning,June,28.7
ORD002264,6,141.92,10.0,7.0,Home,Kankan,,35.0,Female,New,July,714.49
ORD009645,3,64.32,0.0,3.0,CLOTHING,Conakri, Card ,19.0,Female,Returning,October,199.5
ORD008922,4,294.82,0.0,5.0, Electronics ,Kindia,Cash,23.0,M,Returning,December,1382.37
ORD001542,5,16.86,20.0,,Food,Nzerekore,Mobile Money,,Male,Returning,January,76.91
ORD001475,5,99.31,15.0,8.0,CLOTHING,CONAKRY,Credit Card,37.0,Female,RETURNING,October,365.63
ORD008687,3,20.26,0.0,7.0,Books,Conakry,Cash,-12.0,Female,New,July,63.23
ORD004857,2,15.33,0.0,3.0,Food,Boke,Cash,39.0,Male,Returning,November,28.79
ORD009405,6,,0.0,3.0,CLOTHING,KANKAN,Credit Card,,Male,New,October,336.5
ORD004645,4,131.73,5.0,4.0,Home,Nzerekore,Card,39.0,Male,Returning,May,546.37
ORD009479,2,138.14,0.0,2.0,Clothing,Conakry,Mobile Money,,Female,Returning,November,259.52
ORD005366,8,26.38,,,Books,Conakry,Card,32.0,Male,Returning,August,207.84
ORD001841,2,87.58,10.0,5.0,sports,conakry,Card,27.0,female,New,July,181.49
ORD008319,3,32.89,0.0,5.0,CLOTHING,kankan,Mobile Money,,M,Returning,July,111.22
ORD006128,5,73.25,0.0,2.0,Home,Kankan,MobileMoney,28.0,Male,New,March,370.76
ORD005042,11,201.55,15.0,4.0,Sports,Conakri ,Cash,44.0,Female,Returning,October,1846.66
ORD005786,4,187.31,10.0,3.0,HOME,kankan,MobileMoney,29.0,Female,Returning,September,703.0
ORD009199,1,33.52,,,Book,Conakry,Cash,41.0,Male,new,September,29.99
ORD000073,4,,0.0,6.0,Books,Labe,Mobile Money ,33.0,Female,New,January,86.95
ORD007071,3,38.73,0.0,4.0,Home,Kindia,Card,31.0,Female,RETURNING,December,120.33
ORD004830,3,58.59,0.0,3.0,Toys,Conakry,Card,29.0,female,New,March,203.11
ORD008483,5,28.65,5.0,6.0,food, Conakry,,37.0,Male,RETURNING,February,152.89
ORD005091,6,11.06,0.0,,Food,kindia,Card,22.0,Female,Returning,January,65.9
ORD004859,4,24.65,0.0,,Clothing,Conakry,Card,26.0,FEMALE,New,October,95.5
ORD007864,8,14.46,15.0,3.0,Food,BOKE,Mobile Money,25.0,Male,Returning,August,105.03
ORD006234,5,57.0,0.0,1.0,BEAUTY,Boke,Card,17.0,Female,New,May,309.19
ORD002836,4,37.33,10.0,7.0,BEAUTY,Nzerekore,CASH,36.0,F,New,April,139.36
ORD004270,2,,5.0,4.0,Electronics, conakry ,,30.0,Female,New,February,879.13
ORD006162,7,40.37,0.0,7.0,Beauty,Labe,,37.0,Male,Returning,May,274.98
ORD006953,3,31.99,,6.0,TOYS,Conakry,Cash,35.0,Female,New,June,88.01
ORD005831,250,-40.0,0.0,8.0,Beuty,Conakry,Mobile Money,31.0,Female,New,September,240.04
ORD009485,2,130.59,20.0,3.0,Sports,Conakry,card,29.0,Male,Returing,February,222.67
ORD003737,4,34.29,0.0,3.0,SPORTS,NZEREKORE,Cash,49.0,Male,New,May,122.5
ORD008979,2,41.02,0.0,,Toys,Kankan,Cash,25.0,Female,New,December,80.78
ORD006949,2,132.8,250.0,5.0,Home ,Labe,,30.0,Female,new,January,261.03
ORD002512,2,77.3,0.0,7.0,Sport,Labe,Mobile Money,16.0,Female,New,May,173.88
ORD007055,5,57.29,0.0,3.0,clothing,Kindia,Credit Card,41.0,Female,New,October,298.68
ORD007284,-3,63.12,25.0,4.0,Clothing,Labe,Mobile Money,60.0,Female,Returning,February,147.58
ORD007272,3,15.96,,,Books,Conakry,Credit Card,44.0,Female,New,December,33.62
ORD001781,5,25.73,0.0,4.0,Books,Conakry,,46.0,Female,Returning,July,130.58
ORD006448,2,433.19,10.0,5.0,Electronics,Conakry,card,58.0,Male,New,July,847.76
ORD001776,4,33.52,0.0,5.0,BOOKS,Conakry,Cash,26.0,Male,Returning,October,120.86
ORD001535,7,,5.0,2.0,Books,KANKAN,MOBILE MONEY,16.0,F,NEW,September,116.86
ORD004935,4,165.64,0.0,7.0,Sports,Conakry,Cash,35.0,Female,New,February,671.28
ORD003106,4,,0.0,6.0,home,Conakry,Card,21.0,Male,New,April,528.45
ORD003766,3,95.06,15.0,8.0,Electronics,Kindia,Mobile Money,,Female,Returning,January,221.32
ORD003335,6,,0.0,4.0,books,Boke,Card,31.0,Male,New,November,123.96
ORD003597,3,42.29,20.0,8.0,Beauty, Conakry ,Mobile Money,40.0,Male,New,April,117.42
ORD004961,5,91.83,20.0,6.0,Electronics,LABE,Card,35.0,Female,New,August,392.06
ORD003331,2,38.58,0.0,,Beauty,Conakry,Card,28.0,Female,NEW,May,76.86
ORD008095,7,,0.0,4.0,Book,Kankan,Card,38.0,Male,New,November,66.09
ORD008612,1,507.31,0.0,6.0,Electronics,Conakry,Mobile Money,35.0,Female,New,August,488.07
ORD004913,4,101.59,0.0,5.0,sports,Nzerekore,Card,58.0,Female,Returning,July,402.82
ORD007773,2,67.79,0.0,4.0,CLOTHING,Nzerekore,MobileMoney,22.0,Female,New,November,157.48
ORD006000,6,128.81,0.0,3.0,Home,Kankan,Cash,31.0,Female,Returning,December,739.52
ORD004395,5,73.79,10.0,8.0,Home,Conakry,Card,43.0,Male,New,July,415.44
ORD004468,4,106.88,20.0,3.0,Home,Kindia ,Cash Payment,,Male,Returning,June,372.03
ORD005996,4,,0.0,4.0,Electronics ,Conakri,Mobile Money,24.0,Male,RETURNING,June,1674.35
ORD005390,4,18.7,10.0,3.0,Books,Kindia,Cash,55.0,Female,New,October,67.06
ORD004363,2,,0.0,7.0,Electronics,Conakry,Card,35.0,Male,New,July,493.41
ORD003963,2,101.68,20.0,5.0,Clothing,CONAKRY, Cash ,36.0,Female,New,October,152.4
ORD004257,6,154.85,30.0,8.0,Home,Boke,Card,28.0,Male,Returning,May,577.13
ORD001785,1,179.27,5.0,5.0,Home,labe,,,Male,Returning,January,182.87
ORD009042,7,58.21,0.0,3.0,Clothing ,Conakry,mobile money,35.0,Female,Returning,September,423.03
ORD007206,3,39.85,20.0,1.0,Toys,nzerekore,Mobile Money,30.0,Female,New,August,82.87
ORD001030,5,10.83,0.0,5.0,books,Conakry,Mobile Money,20.0,Female,Returning,May,50.29
ORD000520,4,37.16,15.0,3.0,beauty,Labe, Mobile Money ,40.0,Female,New,August,127.15
ORD009313,3,343.36,0.0,7.0,Eletronics, nzerekore ,Cash Payment,23.0,Female,New,June,815.13
ORD002447,1,501.17,25.0,5.0,electronics,conakry,Card,33.0,MALE,New,January,336.43
ORD007211,1,23.02,0.0,,Food,boke,Card,32.0,Male,Returning,June,23.02
ORD005320,5,30.56,0.0,7.0,Beauty,Kindia,cash,27.0,Female,Returning,March,136.76
ORD001915,4,49.36,15.0,4.0,Toys,Kindia,CASH,36.0,Male,New,June,171.68
ORD008632,3,97.16,0.0,4.0,Sport,Kankan,Cash Payment,36.0,Male,Returning,August,269.8
ORD000239,4,224.14,0.0,7.0,HOME,Conakry,Cash Payment,30.0,M,Returning,August,845.37
ORD007556,3,36.06,20.0,2.0,Beauty,Nzerekore,MobileMoney,33.0,Female,new,November,79.24
ORD001610,4,11.37,20.0,,Books,boke,,43.0,Male,New,May,40.35
ORD008266,4,,5.0,3.0,Books,Kindia,Card,25.0,Female,New,August,113.21
ORD007020,2,164.16,0.0,5.0,Sports,Conakry,Cash,22.0,M,returning,July,368.87
ORD009067,2,,0.0,4.0,Clothing,nzerekore,MOBILE MONEY,43.0,Male,Returning,September,123.48
ORD000396,3,8.0,25.0,7.0, Books ,Conakry,,16.0,F,New,October,18.49
ORD004191,3,17.99,0.0,1.0,Books,Labe,Credit Card,33.0,MALE,NEW,July,58.27
ORD008083,3,45.24,10.0,3.0,Toys,Labe,Card,43.0,Male,Returning,April,112.05
ORD005936,4,118.82,10.0,4.0,Clothing,Conakry,CARD,25.0,MALE,New,November,422.21
ORD005882,250,92.71,25.0,5.0,Hom,Nzerekore,Mobile Money,25.0,male,Returing,June,195.56
ORD001984,4,156.86,,2.0,Electronics,nzerekore,Card,16.0,Male,New,August,592.83
ORD001937,4,97.27,,,sports,Conakry,Mobile Money,30.0,Female,New,March,319.55
ORD003365,4,22.71,,2.0,Food,Conakry, Mobile Money ,27.0,female,New,March,93.31
ORD009045,3,500000.0,30.0,3.0,Sports,Conakry,Cash ,35.0,Male,Returning,April,273.4
ORD002619,6,25.33,25.0,,Book ,Nzerekore,Cash ,29.0,Male,Returning,March,112.26
ORD006649,4,282.06,0.0,5.0,Electronics,Nzerekore,Cash,16.0,Female,New,September,1063.65
ORD001034,3,500000.0,5.0,6.0,Clothing,Kankan,Cash,27.0,female,new,August,164.85
ORD004181,2,19.55,0.0,7.0,Food,Kindia,Mobile Money,39.0,Female,Returning,October,35.63
ORD007687,4,110.94,0.0,3.0,Sports,Boke,Cash,40.0,Female,New,April,414.93
ORD006475,2,,0.0,4.0,Eletronics,conakry,CASH,31.0,M,New,March,1079.21
ORD004389,4,35.29,0.0,8.0,Sport,Nzerekore,Card,16.0,Male,New,January,132.38
ORD005049,5,115.27,,2.0,sports,Kankan,,,Female,New,April,673.81
ORD000605,4,73.71,15.0,3.0,Clothing,Conakry,Cash,29.0,Male,new,October,242.46
ORD008522,2,59.14,250.0,8.0, Toys ,Conakry,CARD,24.0,Female,Returning,August,88.13
ORD004978,4,232.67,20.0,5.0, Electronics ,Nzerekore,card,31.0,M,Returning,April,749.95
ORD003269,5,35.93,0.0,3.0,beauty,Boke,Mobile Money,35.0,F,Returning,June,169.36
ORD002805,2,277.43,,1.0,Electronics,Kankan,MOBILE MONEY,,Female,New,October,547.39
ORD001432,2,112.73,0.0,6.0,Sports,Kindia,,23.0,Female,Returing,July,227.22
ORD007998,7,391.29,0.0,5.0,Eletronics,CONAKRY,Cash,23.0,Female,New,November,2622.32
ORD002710,2,,0.0,3.0,Toys,Kindia,Card,34.0,Male,New,December,84.47
ORD003651,2,,20.0,5.0,Food,Boke,,23.0,Female,Returing,November,13.9
ORD007384,2,19.94,25.0,5.0,TOYS ,LABE,Mobile Money,25.0,M,New,March,33.37
ORD009469,2,122.29,15.0,4.0,Hom,Nzerekore,Cash,23.0,FEMALE,New,September,221.21
ORD004903,4,14.25,20.0,8.0,Book,kankan,,36.0,Female,Returning,July,51.85
ORD004209,3,15.11,20.0,4.0,Books,KINDIA,Cash,41.0,Male,Returning,December,40.58
ORD002366,3,369.84,0.0,4.0,Electronics,Labe,Mobile Money,19.0,Male,New,January,1040.52
ORD001322,5,37.93,0.0,6.0,Toys,Labe,cash,18.0,Male,New,March,198.94
ORD006168,3,44.38,,5.0,Toys,KANKAN,Cash Payment,,Male,New,January,125.41
ORD002577,5,22.04,5.0,2.0,Food,Conakry,Mobile Money,28.0,FEMALE,Returning,May,90.79
ORD005044,5,331.33,20.0,8.0,Electronics,Boke,Cash,20.0,Female,New,February,1175.19
ORD009271,7,184.53,0.0,4.0,Home,Boke,Cash,37.0,Male,New,January,1163.61
ORD005684,5,500000.0,0.0,5.0,Books,Boke,Cash,27.0,Female,New,November,91.5
ORD006915,3,65.39,10.0,7.0,Clothing,kindia,Cash,,Female,Returning,May,202.82
ORD005274,4,591.61,5.0,5.0,electronics,Boke,Mobile Money,32.0,Female,Returning,September,2682.94
ORD002642,1,42.71,0.0,4.0,Beauty,Boke,Card,26.0,Male,New,January,47.12
ORD009378,4,28.04,0.0,1.0,Food,Conakry,Card,34.0,Female,Returning,April,130.79
ORD006689,6,27.76,0.0,1.0,Toys,Conakry,Card,35.0,Female,Returning,January,156.04
ORD008774,5,32.31,0.0,8.0,Toys,Kankan,Card,51.0,Female,New,December,156.46
ORD004727,3,63.56,0.0,4.0,CLOTHING,Kindia,Cash,16.0,Male,New,April,189.94
ORD003755,2,,0.0,1.0,Electronics,Kindia,MobileMoney,30.0,Male,New,October,761.47
ORD005667,3,92.1,0.0,6.0,CLOTHING,Conakry,,30.0,Male,New,February,256.42
ORD007357,2,45.89,0.0,7.0,Toys, Boke ,,180.0,Male,RETURNING,January,92.31
ORD008735,3,18.77,5.0,9.0,Food,Conakry,Cash,40.0,Female,Returning,December,52.14
ORD008533,8,84.5,0.0,6.0,Home,Boke,Card,28.0,FEMALE,Returning,February,615.31
ORD003433,4,13.98,0.0,5.0,Books,Conakri,MOBILE MONEY,25.0,Female,Returning,March,44.71
ORD007688,4,40.97,0.0,3.0,Cloting,Labe,Cash,39.0,Female,Returning,July,167.9
ORD009442,3,90.96,10.0,6.0,Sport ,KANKAN,Cash,,Male,New,November,233.49
ORD002684,4,21.82,15.0,3.0,Cloting,Labe,cash,24.0,Male,New,February,73.85
ORD003381,6,124.86,0.0,7.0,Home,Conakry,Cash,35.0,Male,New,April,760.42
ORD005711,2,35.69,20.0,4.0,Books,Conakry,Cash,32.0,Female,Returning,December,58.55
ORD007326,7,65.89,0.0,,Sports,Nzerekore,Card,16.0,Female,New,September,457.71
ORD004319,4,126.63,10.0,1.0, Hom , Labe ,,32.0,Female,Returning,May,504.99
ORD004074,7,123.1,0.0,4.0,Sports ,conakry,Cash Payment,22.0,Female,New,February,866.79
ORD009203,5,51.8,15.0,,Clothing,CONAKRY,Cash,20.0,Female,new,May,201.49
ORD006253,5,105.26,,4.0,Clothing, Conakry,Cash,42.0,Male,Returning,October,374.02
ORD008812,9,28.81,0.0,8.0,Toy,nzerekore,Mobile Money,46.0,male,Returning,July,265.68
ORD007091,4,58.79,0.0,3.0,clothing,Boke,Cash,43.0,Female,New,January,265.86
ORD003933,5,,,7.0,Clothing,Conakry,Credit Card,37.0,Male,Returning,October,419.95
ORD001743,5,30.62,10.0,150.0,Books,Conakry,Card,31.0,Female,Returning,March,136.9
ORD008734,4,55.26,0.0,6.0,Beauty,Kankan,Mobile Money,41.0,Female,New,March,204.35
ORD000203,2,18.36,15.0,3.0,Books,Conakry,Credit Card,42.0,Male,Returning,November,37.86
ORD007457,6,233.78,20.0,6.0,Home, Conakry ,Cash,30.0,F,New,August,1103.89
ORD001878,4,79.8,20.0,7.0,Sports, Conakry,,45.0,Female,New,June,274.02
ORD008715,6,159.1,5.0,4.0,home,Nzerekore,Card,41.0,Male,Returning,February,851.54
ORD006186,3,36.74,0.0,1.0,Beauty,Nzerekore,MobileMoney,16.0,FEMALE,New,January,105.66
ORD009440,3,43.35,5.0,4.0, Beauty ,Boke,Credit Card,22.0,Female,New,April,133.11
ORD006259,3,23.65,10.0,5.0,Books,Boke,Mobile Money,35.0,Male,New,December,61.33
ORD008924,5,-40.0,0.0,3.0,Eletronics,Boke,Cash,31.0,Male,RETURNING,October,1215.72
ORD001924,4,92.72,0.0,,sports ,Nzerekore,card,20.0,Female,new,July,379.28
ORD009274,5,62.6,0.0,3.0,Beauty,Conakry,Mobile Money,31.0,female,New,March,297.14
ORD002842,4,353.38,25.0,4.0, Electronics ,kankan,Cash,39.0,Male,NEW,October,994.24
ORD004384,5,32.08,0.0,3.0,beauty,kankan,cash,49.0,F,Returning,October,158.48
ORD008335,5,70.08,0.0,2.0,Clothing,BOKE,card,35.0,Female,NEW,January,332.91
ORD001925,-3,52.78,0.0,,beauty,CONAKRY,cash,24.0,Female,New,July,140.04
ORD008861,3,70.81,10.0,,Clothing,Boke,Cash,38.0,Female,New,March,194.63
ORD004210,5,126.12,,3.0,Sports ,Conakry,Cash,34.0,Female,Returing,April,662.68
ORD006466,4,11.18,10.0,7.0,Beauty,Kankan,Mobile Money,43.0,Female,Returning,August,38.34
ORD008761,1,16.56,15.0,4.0,Books ,BOKE,card,30.0,Female,NEW,February,15.34
ORD000028,7,107.13,10.0,7.0,Sports,Kindia,Card,34.0,FEMALE,New,April,684.43
ORD008047,4,14.64,0.0,1.0,Food,Kankan,MOBILE MONEY,16.0,Female,New,July,58.68
ORD008516,7,59.56,10.0,6.0,home,Kindia,mobile money,41.0,MALE,New,May,376.3
ORD005206,5,,0.0,9.0,Electronics,Labé,Card,16.0,F,New,September,1056.28
ORD007913,2,128.29,-20.0,,Home,Conakry,Mobile Money,16.0,Female,Returning,April,242.76
ORD007276,8,278.65,,6.0,Electronics,Boke,Mobile Money,33.0,Female,New,February,1963.92
ORD003569,3,136.32,15.0,8.0,home,Kankan,card,38.0,Male,New,February,340.52
ORD007255,7,11.56,0.0,6.0,Books,Labe,Mobile Money,41.0,Female,Returning,July,80.69
ORD005321,3,-40.0,0.0,2.0,Cloting,CONAKRY,Card,33.0,Female,New,November,243.79
ORD007897,4,8.52,10.0,6.0,Books,Kankan,Cash,24.0,Female,New,December,26.14
ORD003432,3,211.4,0.0,2.0,Home,Conakry,Card,36.0,Female,New,November,619.28
ORD007878,2,41.76,15.0,1.0,Clothing,Nzerekore,MOBILE MONEY,16.0,Male,Returning,August,84.91
ORD008259,5,17.43,0.0,150.0,Food,Conakry,Cash,31.0,Male,New,August,75.37
ORD006493,4,,10.0,5.0,Sports,conakry, cash ,25.0,Male,Returning,February,570.91
ORD002177,7,157.51,10.0,,Sports,Conakry,Cash,37.0,Female,Returning,February,986.54
ORD004622,3,32.27,0.0,7.0,Toy,conakry,Cash,47.0,Female,New,December,99.39
ORD002522,3,15.14,0.0,6.0,food,Kindia,Card,49.0,Male,New,March,43.19
ORD005570,4,161.62,0.0,,Home,labe,Mobile Money,39.0,Female,Returning,January,607.76
ORD009634,4,28.8,0.0,3.0,Beauty,Kankan,mobile money,45.0,Female,Returing,December,129.28
ORD003880,5,58.23,0.0,7.0,Beauty,Kankan,Mobile Money,31.0,Male,Returning,January,256.15
ORD004603,5,,20.0,4.0,Toys,KINDIA,Credit Card,34.0,Male,New,April,105.49
ORD003552,4,84.43,5.0,8.0,Home,Kankan,Cash,39.0,Male,New,June,342.22
ORD003398,4,25.85,0.0,3.0,Beauty,N'Zerekore,Mobile Money,29.0,Male,New,May,117.59
ORD009685,6,,15.0,1.0, Electronics ,Kindia,,27.0,Female,Returning,August,2217.7
ORD001224,5,500000.0,0.0,4.0,Eletronics,Kindia,Cash ,16.0,F,NEW,June,1555.49
ORD002445,3,13.6,0.0,2.0,Books,Labe,,44.0,Male,Returning,August,39.31
ORD007605,4,220.93,0.0,5.0,Electronics,Nzerekore,Card,28.0,Male,Returning,May,1037.3
ORD002564,5,48.99,0.0,4.0,Toys,Boke,Card,27.0,M,Returning,February,228.06
ORD003313,6,24.45,0.0,-6.0,Books,kankan,Mobile Money,16.0,Male,Returning,April,135.77
ORD004602,2,422.59,5.0,,Electronics,Conakri,Mobile Money,46.0,Male,new,July,918.22
ORD005792,3,100.24,10.0,1.0,SPORTS,nzerekore,Cash,16.0,Female,New,November,261.97
ORD009415,250,19.7,30.0,,Beauty,nzerekore,Cash,-12.0,Male,New,December,35.45
ORD007036,4,41.8,,2.0,Toys,Conakry,Mobile Money,24.0,Female,returning,March,119.61
ORD003068,4,33.82,5.0,5.0,Toy,Boke,Mobile Money,28.0,Female,Returing,January,122.61
ORD001627,2,-40.0,0.0,,Home,Kankan,Mobile Money,8.0,Male,New,July,329.01
ORD001265,6,41.62,20.0,2.0, Beauty ,Kindia,card,21.0,Male,Returing,January,207.1
ORD003970,4,27.3,0.0,,Books,Labe,Cash,48.0,Male,RETURNING,September,107.54
ORD001965,3,93.73,15.0,5.0,Clothing,Boke, Card ,30.0,Male,New,February,239.94
ORD008332,4,38.88,,2.0,Beauty,kankan,mobile money,28.0,Male,Returning,October,121.03
ORD000878,4,36.51,0.0,12.0,Books,Conakry,Card,34.0,Male,New,October,136.24
ORD009317,6,80.1,25.0,3.0,Clothing,Boke,MOBILE MONEY,56.0,Male,New,August,380.13
ORD002949,2,24.68,20.0,5.0,TOYS,labe,Cash,25.0,M,New,July,43.82
ORD005736,3,63.8,0.0,8.0,SPORTS,Boke,Card,47.0,Male,New,October,193.3
ORD003479,250,48.36,0.0,7.0,BEAUTY,Labe,Card,,MALE,Returning,December,122.72
ORD004110,5,74.23,-20.0,-6.0,Sports,Labe,Mobile Money,31.0,Female,new,June,353.83
ORD000482,4,109.78,0.0,4.0,sports,Boke,Mobile Money,37.0,Male,New,August,424.63
ORD002398,2,,10.0,4.0,Beuty,Conakry,Card,35.0,male,Returning,December,108.2
ORD009170,3,226.56,15.0,8.0,HOME,Conakry,Cash,31.0,Male,Returing,October,546.01
ORD007890,5,50.54,10.0,2.0,Clothing,conakry,Cash,21.0,Male,New,December,239.13
ORD007314,2,15.29,15.0,5.0,Books,Labe,Cash,34.0,Male,New,June,23.23
ORD009114,4,,0.0,7.0,Toys,boke,Cash,,Male,Returning,August,186.65
ORD006521,4,16.95,0.0,6.0,Books,Boke,Cash,24.0,Female,New,April,74.07
ORD002553,2,273.49,0.0,5.0,Electronics,Boke,Mobile Money,27.0,Female,returning,February,570.83
ORD009266,4,217.14,0.0,1.0,Home,Conakry,Cash,34.0,M,Returning,May,816.51
ORD009587,8,107.35,0.0,4.0,Clothing,Conakry,Mobile Money,21.0,Male,New,December,868.27
ORD004954,3,55.52,-20.0,1.0,Toy,Conakry,Mobile Money,33.0,Male,New,December,106.13
ORD006648,2,179.46,0.0,6.0,Sports,Conakry,Mobile Money,20.0,Male,Returning,November,322.91
ORD003130,3,500000.0,0.0,4.0,Book,BOKE,Card,30.0,Female,Returning,February,62.48
ORD004143,4,7.79,0.0,5.0,Food,Labe,Mobile Money,31.0,Male,New,September,32.25
ORD002919,250,10.6,10.0,4.0,Food,Kindia,Cash,,Female,Returning,November,29.67
ORD004042,3,17.53,0.0,5.0,Food,Kankan,Cash Payment,,Male,Returning,February,50.57
ORD003596,4,410.62,0.0,5.0,Eletronics,conakry, Card ,,Female,Returning,December,2038.49
ORD004996,5,31.23,,, Books ,Conakry,mobile money,31.0,Male,New,October,146.44
ORD009652,5,75.94,0.0,6.0,BEAUTY,Boke,CARD,42.0,Female,New,September,439.58
ORD009580,5,6.1,0.0,5.0,Food,Labe,Cash,20.0,Male,New,April,27.3
ORD007398,5,23.38,10.0,4.0,BOOKS,Kindia,Mobile Money,28.0,Male,Returning,January,126.22
ORD009061,4,340.43,0.0,5.0,Electronics,Labe,,17.0,Male,New,October,1410.34
ORD008360,2,53.78,0.0,,Books,Conakry,Cash,34.0,Male,New,January,126.11
ORD001810,3,94.24,0.0,7.0,Clothing,Conakri,Cash,34.0,Female,New,January,266.7
ORD006318,5,30.9,0.0,6.0,Books,Kindia,Mobile Money,16.0,Male,New,June,155.2
ORD000205,5,34.16,,2.0,Books,Kindia,MobileMoney,32.0,Female,New,November,160.85
ORD003510,2,40.87,5.0,4.0,Beuty,Kindia,Cash,27.0,Female,New,May,75.21
ORD001163,2,14.67,0.0,7.0,books,Kindia,Credit Card,16.0,Female,Returning,September,30.26
ORD006775,6,18.49,0.0,5.0,Book,Boke,Cash,24.0,FEMALE,New,February,105.14
ORD000087,3,94.1,10.0,3.0,Sport,Kankan,Cash,39.0,MALE,New,July,231.12
ORD005966,4,106.96,0.0,7.0,Sports,Conakri,CASH,,Male,Returning,January,386.89
ORD008417,4,33.25,0.0,5.0,Beauty,Conakry,Card,24.0,Male,Returning,November,150.24
ORD002208,5,76.88,5.0,8.0,Clothing, Labe ,CASH,32.0,Female,New,May,435.97
ORD003047,5,249.89,5.0,3.0,Home,Conakri ,Cash,34.0,Male,Returning,July,1102.5
ORD007748,6,130.69,10.0,1.0,Sports,Kindia,cash,30.0,Female,New,September,635.12
ORD004718,4,16.07,0.0,4.0,Foood,Boke,mobile money,16.0,Female,RETURNING,June,65.65
ORD005910,5,19.49,10.0,5.0,Books,Nzerekore,MobileMoney,40.0,Male,Returning,September,80.93
ORD008263,4,20.89,0.0,,books,kankan,Card,43.0,Female,New,July,87.29
ORD008683,5,31.66,0.0,5.0,Beauty,Kindia,Card,36.0,Female,Returning,August,160.8
ORD003981,11,13.9,0.0,5.0,FOOD,Labe,MOBILE MONEY,38.0,Female,New,August,166.37
ORD008985,3,99.59,0.0,1.0,Sports,BOKE,Card,21.0,Female,New,May,317.14
ORD003976,5,33.53,0.0,2.0,Toys,Boke,MobileMoney,20.0,Male,New,November,171.2
ORD007680,5,371.47,0.0,2.0,Eletronics, Conakry,Cash,45.0,Male,Returning,July,1923.15
ORD009051,2,85.12,10.0,4.0,Sport,CONAKRY,,34.0,Female,NEW,January,157.75
ORD001000,3,30.24,0.0,4.0,Beuty,Kindia,CARD,39.0,Female,New,January,93.41
ORD003173,1,21.5,0.0,4.0,Beauty,Boke,,23.0,Female,Returning,February,21.12
ORD009173,2,30.96,20.0,4.0,Books,Kankan,Card,32.0,Male,Returning,February,55.5
ORD005185,-3,62.67,,3.0,Beauty,Conakry,Cash,28.0,Female,returning,October,234.48
ORD000996,3,29.2,0.0,6.0,BOOKS,BOKE,,41.0,Male,New,July,95.77
ORD002402,4,38.07,0.0,2.0,Beuty, Conakry ,Mobile Money,8.0,Male,New,August,169.4
ORD009599,4,56.31,10.0,4.0,Clothing,Conakry,Cash,,Male,NEW,March,182.68
ORD008952,3,,,5.0,Sports,Conakri,Mobile Money,34.0,Male,Returning,January,462.42
ORD001045,5,404.0,,6.0,electronics, Conakry,Mobile Money,180.0,Female,Returning,January,1928.91
ORD003822,5,7.39,5.0,3.0,Books,Labe,Cash Payment,34.0,Male,New,March,39.05
ORD002008,3,21.0,0.0,3.0,Food,conakry,Card,16.0,Male,Returning,December,60.9
ORD005289,4,28.25,20.0,,Toys,Kankan,Mobile Money,23.0,Male,Returning,May,101.87
ORD008666,3,398.12,10.0,3.0,ELECTRONICS,Conakri,,16.0,Male,New,March,1038.09
ORD004660,2,40.9,0.0,6.0,Beauty,Nzerekore,Card,26.0,Female,new,July,76.38
ORD008709,4,36.64,5.0,3.0,Toys,Labe,Card,42.0,Female,New,January,123.52
ORD003467,4,500000.0,0.0,,Home, Kindia ,Mobile Money,34.0,Female,Returning,December,551.74
ORD007215,3,55.33,,2.0,Sports,Labe,Card,29.0,Female,New,November,179.35
ORD008745,3,50.44,0.0,4.0,toys,Conakry,Card,16.0,Female,New,November,154.7
ORD004482,2,416.08,20.0,5.0,Electronics,Kindia,Mobile Money,22.0,Male,New,November,603.25
ORD007493,3,98.92,15.0,9.0,Clothing,Conakry,MOBILE MONEY,20.0,Female,Returning,June,232.45
ORD004619,1,207.49,0.0,7.0,Electronics,Kankan,CARD,33.0,Male,Returning,August,215.51
ORD000592,7,89.43,0.0,,Sports,Boke,Cash,29.0,Female,returning,October,657.39
ORD008865,4,500000.0,10.0,5.0,Toys,Kankan,Mobile Money,25.0,Female,New,February,83.21
ORD002226,3,,30.0,3.0,Food,Conakry,Card,31.0,Male,RETURNING,April,13.82
ORD000519,4,102.84,0.0,1.0,Sports,Conakry,Cash,29.0,Male,NEW,May,399.46
ORD007871,-3,29.56,20.0,,Food,Conakry,Mobile Money,41.0,Male,New,August,99.93
ORD005685,4,46.56,0.0,6.0,toys,KINDIA,card,25.0,Male,New,September,198.52
ORD004692,5,26.22,0.0,,Books,Kindia,MOBILE MONEY,34.0,Female,Returning,June,127.27
ORD003105,4,35.89,0.0,5.0,Beauty,Conakry,Card,36.0,Male,New,October,141.48
ORD008325,4,,10.0,150.0,Clothing,Conakry,Cash,37.0,Female,Returning,December,199.14
ORD004063,4,387.16,10.0,2.0,Electronics,Kindia,Mobile Money,30.0,MALE,Returning,May,1486.54
ORD006604,2,95.54,0.0,7.0,Sports,Boke,Cash,32.0,Female,Returing,November,205.7
ORD005983,3,36.73,10.0,4.0,Beauty,Labe,Card,33.0,Male,Returning,June,103.07
ORD001651,6,112.2,0.0,5.0,Electronics,Conakri,Mobile Money ,16.0,Female,New,November,717.28
ORD006057,6,51.82,0.0,3.0,Beauty,Kankan,Mobile Money,36.0,Male,New,November,307.44
ORD001817,3,346.76,0.0,6.0,Electronics,N'Zerekore,,22.0,female,Returning,November,877.85
ORD004852,3,13.15,10.0,6.0,Food,Kindia,CASH,47.0,male,New,November,34.61
ORD006899,3,418.19,0.0,,Electronics,Conakry,Mobile Money,41.0,Male,Returning,January,1358.14
ORD002635,6,51.88,0.0,5.0,Sports,KANKAN,Credit Card,46.0,Female,New,February,330.71
ORD001328,3,73.4,5.0,,Beauty, Conakry,CARD,46.0,Female,New,September,170.16
ORD004736,3,117.94,0.0,4.0,Home,Conakry,Cash,45.0,Female,New,August,393.95
ORD001054,2,20.39,0.0,4.0,Clothing,Conakry,Mobile Money,42.0,F,New,June,43.22
ORD000044,3,29.49,15.0,2.0,CLOTHING,labe,Mobile Money,25.0,Female,NEW,October,83.38
ORD000008,1,64.48,10.0,6.0,Clothing,KANKAN ,Card,23.0,Female,Returning,December,56.6
ORD007907,4,22.28,10.0,4.0,BEAUTY,Kindia,Cash,31.0,M,New,October,85.2
ORD005591,4,47.22,15.0,5.0,Toys,Conakry,Card,28.0,Male,New,January,177.73
ORD000472,5,50.28,30.0,5.0,Sports,KANKAN,Card,30.0,Male,new,December,174.48
ORD002323,4,,10.0,3.0,Sports,Conakry,,44.0,Female,New,November,148.42
ORD008092,7,32.16,0.0,4.0,Beuty,kindia,Cash,31.0,Female,New,November,195.88
ORD007644,9,50.3,5.0,5.0,Books,conakry,Mobile Money,32.0,Female,New,June,508.12
ORD004405,3,130.3,-20.0,4.0,Sports,Boke,Mobile Money,16.0,Male,NEW,July,482.82
ORD000465,4,49.49,,5.0,Beauty ,Conakry,Mobile Money,39.0,Female,New,August,186.58
ORD004564,4,32.56,0.0,3.0,Beuty,LABE,Cash Payment,27.0,Female,New,January,143.33
ORD001692,4,99.02,5.0,3.0,Sports,Boke,Card,32.0,Male,New,December,402.21
ORD002231,1,22.14,0.0,9.0,Toys,Labe,Card,33.0,Female,Returning,May,24.46
ORD007580,5,33.06,0.0,2.0,Books,Boke,Cash,35.0,MALE,returning,July,165.58
ORD000605,4,73.71,15.0,3.0,Clothing,Conakry,Cash,29.0,Male,new,October,242.46
ORD008258,5,52.83,10.0,3.0,Clothing,Kindia,Cash,43.0,Male,Returning,July,251.88
ORD001349,5,43.04,15.0,1.0,Beauty,Kankan,CARD,38.0,Male,New,September,174.28
ORD002481,3,78.89,30.0,7.0,sports,Boke,Mobile Money ,17.0,Female,Returning,June,148.76
ORD005529,1,37.02,15.0,3.0,Clothing,Conakri,Mobile Money,,Female,Returning,December,35.12
ORD002150,4,28.97,0.0,7.0,Beauty, Kankan ,Mobile Money,39.0,MALE,RETURNING,February,118.2
ORD002097,2,13.89,0.0,4.0,Foood,Conakry,CARD,30.0,M,Returning,March,28.74
ORD006189,4,14.02,10.0,,Books, Conakry,,33.0,F,New,February,46.62
ORD005092,4,51.0,0.0,4.0,Toys,Labe,Mobile Money,36.0,Male,New,August,211.12
ORD006468,3,58.6,,4.0,Sports,Nzerekore,Mobile Money,31.0,female,new,January,191.83
ORD008467,3,152.6,15.0,4.0,Home,Conakri,Cash,41.0,Male,Returning,March,335.26
ORD007234,3,9.91,0.0,2.0,Foood,Nzerekore,Cash,16.0,Female,New,January,34.45
ORD006206,2,31.42,0.0,6.0,Sports,Nzerekore,mobile money,50.0,Female,New,June,71.22
ORD008537,4,,0.0,7.0,food,Kankan,,16.0,Male,New,February,58.8
ORD004226,5,67.13,20.0,4.0,CLOTHING ,Kindia,Cash,35.0,Male,Returning,September,260.96
ORD004137,4,,15.0,5.0,Toys,Kankan,Mobile Money,19.0,Male,Returning,May,57.12
ORD000850,4,7.04,0.0,5.0,Books,Labe,,28.0,Female,Returning,April,28.76
ORD001822,2,4.83,10.0,6.0,Food,  Conakry ,Card,28.0,Female,Returning,July,8.71
ORD000418,2,20.74,0.0,5.0,Books,BOKE,Cash,44.0,MALE,Returning,August,42.6
ORD003719,2,13.08,5.0,1.0,Food,Boke,MobileMoney,43.0,Female,Returning,July,28.47
ORD008685,4,39.48,0.0,2.0,Beauty,Kindia,Cash,32.0,Male,Returning,August,146.97
ORD008803,4,,250.0,5.0,Hom,Kankan,Mobile Money,25.0,Female,Returning,April,384.52
ORD004174,6,500000.0,0.0,5.0,Books,Nzerekore,Cash,28.0,MALE,New,January,89.59
ORD001923,1,13.45,10.0,3.0,Toys,Conakry,Mobile Money,25.0,Male,New,October,10.25
ORD009338,3,18.58,20.0,4.0,Books,Kankan,Cash,,FEMALE,Returning,November,47.36
ORD009639,-3,66.99,0.0,6.0,Toys,Conakry,Cash Payment,32.0,Male,Returning,February,374.99
ORD005490,6,15.29,5.0,2.0,Foood,Kindia,Cash,,Female,NEW,August,88.47
ORD003762,2,24.04,0.0,7.0,Food,Boke,,46.0,Female,New,February,48.88
ORD002103,4,34.35,0.0,3.0,Toy,Nzerekore,Cash,33.0,Male,New,March,125.66
ORD008825,3,130.92,10.0,3.0,Home, Conakry,Mobile Money,18.0,Female,New,February,351.49
ORD004156,1,55.39,15.0,,Beauty,Conakri,MobileMoney,47.0,Male,NEW,May,45.67
ORD002233,3,71.48,0.0,8.0,Clothing,conakry,Cash,,M,New,December,222.79
ORD009456,6,573.61,0.0,7.0,Electronics,Conakry,,34.0,Male,Returning,February,3293.81
ORD009631,-3,48.15,25.0,1.0,toys,Conakry,Card,44.0,Male,New,May,78.8
ORD006302,1,63.62,10.0,4.0,Home,Conakry,Cash,36.0,FEMALE,New,February,50.15
ORD004932,3,22.69,0.0,9.0,Food,Conakry,CASH,34.0,Female,New,March,62.93
ORD000030,2,40.03,0.0,4.0,Clothing,Labe,Mobile Money,,Male,New,January,84.41
ORD001824,2,84.82,,7.0,Sports,Nzerekore,Mobile Money,25.0,Female,Returing,October,119.92
ORD006921,3,380.53,15.0,2.0,Electronic,Kankan,Mobile Money,30.0,Male,RETURNING,February,1028.48
ORD003698,7,58.85,10.0,2.0,BEAUTY,Kankan,Card,30.0,Female,New,April,362.45
ORD008419,6,415.67,,6.0,Electronics,Conakri,Cash,16.0,Male,New,March,1755.11
ORD003685,5,61.65,0.0,,Beauty,Boke,Mobile Money,44.0,Male,New,May,295.9
ORD003345,2,133.8,15.0,4.0,SPORTS,Conakry,MOBILE MONEY,,Male,new,February,205.47
ORD005969,4,45.41,0.0,5.0,clothing,Kankan,Cash Payment,16.0,F,New,April,210.1
ORD007994,3,125.36,0.0,9.0,Sports,Labe,,28.0,Male,NEW,July,386.5
ORD008680,5,296.02,10.0,3.0,Electronics,kankan,Mobile Money,32.0,Male,New,May,1327.5
ORD009083,3,38.75,5.0,7.0,Books,Kindia,Card,34.0,Female,Returning,January,110.12
ORD008793,1,37.46,20.0,5.0,books,Conakry,MOBILE MONEY,43.0,male,Returning,December,31.09
ORD006512,3,15.49,0.0,2.0,Food,Labe,CASH,18.0,Female,New,June,45.02
ORD003281,3,4.45,20.0,5.0,Books,Kindia,Cash,27.0,M,New,April,9.44
ORD006390,5,9.22,30.0,1.0,Book,Conakry,Card,24.0,Female,New,August,31.77
ORD002948,3,152.46,25.0,1.0,Home,Conakry ,Cash Payment,47.0,Female,New,August,308.37
ORD003168,4,73.56,15.0,4.0,Clothing,NZEREKORE,CARD,33.0,female,Returning,January,255.61
ORD008290,2,13.85,0.0,5.0,Food,NZEREKORE,Mobile Money,17.0,Male,New,May,28.31
ORD007005,3,14.59,5.0,,Toys,Nzerekore,,,Male,Returning,May,35.48
ORD002413,1,102.09,15.0,6.0,Home,Conakry,Cash,52.0,M,new,September,70.88
ORD006309,1,156.76,,8.0,home,Labe,,39.0,Male,New,September,129.31
ORD002246,6,80.9,0.0,3.0,Home,Nzerekore,MobileMoney,40.0,Male,Returning,May,489.55
ORD007585,3,166.74,25.0,4.0, Electronics,Kankan,cash,28.0,F,New,May,368.83
ORD004607,7,38.65,250.0,2.0,Beuty,Kindia,Cash,19.0,Male,New,July,246.91
ORD000448,4,77.96,0.0,4.0,Sports, Conakry,mobile money,26.0,Male,New,June,282.55
ORD005773,4,22.78,,4.0,Sports,Conakry,Card,45.0,Male,new,June,71.46
ORD005994,4,265.54,10.0,7.0,Electronics,boke,Card,31.0,Female,New,March,969.33
ORD006965,1,20.58,0.0,,Books,Conakry,Mobile Money,27.0,Male,New,June,20.84
ORD000015,5,20.84,0.0,1.0,BOOKS,boke,Card,32.0,Female,new,March,124.73
ORD004394,1,65.54,10.0,8.0,Home,Kindia,Cash,25.0,Female,New,January,55.6
ORD008513,4,29.18,5.0,3.0,Books,Conakry,Mobile Money,39.0,Female,New,May,102.46
ORD005664,3,116.92,0.0,2.0,Sports,Conakry,Card,26.0,Male,Returning,July,349.75
ORD005505,3,85.88,5.0,7.0,Sports,Kindia,Cash,32.0,Female,new,November,247.9
ORD003795,5,142.86,5.0,7.0,Home,Boke,CASH,25.0,Male,new,March,716.3
ORD006227,3,36.9,0.0,6.0,Book,Conakry,CASH,16.0,Female,Returning,July,112.37
ORD008171,3,,0.0,150.0,toys,kindia,Card ,23.0,Male,Returning,August,55.87
ORD009575,6,15.33,10.0,6.0,Food,Boke, Mobile Money ,31.0,Male,New,October,83.27
ORD002343,4,77.11,10.0,,Clothing,Nzerekore,,30.0,F,Returning,March,282.48
ORD000287,3,47.92,0.0,4.0,toys,BOKE,Cash,32.0,Female,Returning,October,151.92
ORD003844,4,22.87,0.0,7.0,Books,Conakry ,Mobile Money,21.0,Male,New,May,102.36
ORD004219,5,,0.0,4.0,sports,Nzerekore,Mobile Money,18.0,Female,New,December,528.78
ORD002313,1,86.3,,5.0,Sports,Conakry,,,Male,Returning,February,85.4
ORD005751,4,326.13,0.0,1.0, Electronics ,Kindia,Cash,34.0,Female,New,June,1188.4
ORD007271,6,19.12,15.0,3.0,Food,Boke,Mobile Money,22.0,Female,New,January,94.23
ORD004020,11,43.89,15.0,6.0,Toys,Kindia ,MobileMoney,32.0,Female,Returning,January,436.85
ORD002053,5,,30.0,6.0,Electronics,Boke,card,38.0,Male,New,August,806.4
ORD008552,-3,73.33,0.0,5.0,Sports,N'Zerekore,mobile money,,female,New,March,331.9
ORD006661,4,48.93,,8.0,Beauty,Conakry,card,19.0,Male,New,July,185.59
ORD005005,4,,0.0,,Sports,Conakry,Cash,29.0,Male,New,April,373.2
ORD004447,4,14.03,0.0,7.0,Books,Kankan,Mobile Money,33.0,Male,New,January,52.46
ORD009436,2,169.63,10.0,2.0,sports,Labe,Cash,35.0,Male,New,February,272.91
ORD000166,3,26.97,10.0,4.0,Toys,Conakry,mobile money,32.0,Female,Returning,November,72.77
ORD008517,4,32.99,0.0,2.0,Toys,Conakry,Card,31.0,FEMALE,RETURNING,February,123.75
ORD006392,9,71.6,,3.0,Clothing,Kindia,Mobile Money,,Male,New,February,618.79
ORD001340,4,500000.0,0.0,2.0,toys,BOKE,Mobile Money,28.0,Female,New,July,135.91
ORD007044,3,33.78,0.0,5.0,Sports,labe,Cash,,Female,new,September,99.61
ORD001139,6,108.21,0.0,8.0,Sport,Conakry,Cash,,Female,New,May,579.49
ORD006303,4,347.78,0.0,2.0,Electronics,Kindia,cash,,Female,New,January,1123.56
ORD007754,2,134.61,10.0,3.0,home ,Conakry,card,25.0,Female,Returning,August,244.2
ORD009537,4,229.71,0.0,3.0,Home,Conakry,MOBILE MONEY,31.0,Male,new,June,908.86
ORD002189,3,19.94,0.0,2.0,Clothing,N'Zerekore,Cash,21.0,Female,new,December,56.63
ORD003974,5,20.18,10.0,5.0,Food,Conakry,Mobile Money,27.0,Female,New,January,78.83
ORD005229,4,29.55,5.0,6.0,Beauty, Nzerekore ,cash,45.0,MALE,Returning,January,106.05
ORD000300,5,10.47,10.0,1.0,Food,Nzerekore,Mobile Money,27.0,Female,New,January,46.5
ORD000621,2,237.0,,,Sports,Conakry,Cash,27.0,Female,Returing,August,432.53
ORD006542,3,100.58,0.0,7.0,Home,Kindia,Mobile Money,18.0,Male,Returning,May,315.3
ORD001616,2,106.06,0.0,1.0,HOME,CONAKRY ,Mobile Money,27.0,F,New,May,241.14
ORD005328,6,,20.0,3.0,Toy,Boke,Cash,34.0,Female,New,July,121.22
ORD008942,6,,0.0,6.0,Electronics,Boke,MobileMoney,29.0,Female,New,May,2020.51
ORD005660,5,19.48,,6.0,Foood,KANKAN,Cash,17.0,M,New,May,95.91
ORD003082,7,158.43,0.0,6.0,Home ,BOKE,Mobile Money,,Female,new,March,1110.64
ORD003143,6,89.54,5.0,1.0, Sport ,Conakry,Credit Card,28.0,Female,New,August,522.87
ORD006067,4,11.59,20.0,3.0,BOOKS,Conakry,Cash,16.0,Female,Returning,September,36.7
ORD001428,5,49.08,0.0,3.0,Toys,conakry,,39.0,FEMALE,Returning,August,246.37
ORD005244,5,81.23,0.0,8.0,Clothing,Conakry,,34.0,Female,Returning,October,366.41
ORD005625,6,65.6,,1.0,Beuty,Conakry,Mobile Money,21.0,male,New,June,403.16
ORD004149,3,35.94,0.0,1.0,Beuty,Kindia,Card,50.0,Male,New,November,111.95
ORD000847,4,88.38,25.0,8.0,Home,Kankan,Card,35.0,F,New,August,245.07
ORD003035,2,41.37,25.0,1.0,Beuty,Nzerekore,Credit Card,31.0,Female,returning,September,58.06
ORD009481,3,87.92,5.0,4.0,Sports,Labe,Card,34.0,Male,RETURNING,September,245.83
ORD000032,4,16.65,0.0,6.0,Foood,Labe,Card,28.0,Female,new,August,64.91
ORD008699,4,290.74,5.0,5.0, Electronics ,BOKE,Mobile Money,41.0,Male,New,October,1083.57
ORD000812,3,60.18,25.0,2.0,toys,Kindia,,41.0,Male,NEW,April,136.19
ORD009098,1,49.24,0.0,4.0,Toys,Conakry,Card,34.0,Female,NEW,August,44.81
ORD001485,3,31.19,20.0,6.0,Books,Labe,cash,35.0,Male,returning,April,81.59
ORD003460,6,18.42,0.0,5.0,Books,Conakry,Cash,29.0,Female,Returning,April,104.89
ORD005856,4,,0.0,5.0,SPORTS,Labe,,36.0,Male,Returning,July,301.06
ORD002145,5,322.14,0.0,4.0,Electronics,Nzerekore,Card,47.0,Male,Returning,June,1586.67
ORD009526,3,32.82,0.0,4.0,Clothing,kindia,CARD,37.0,Male,Returning,August,108.73
ORD006453,3,68.45,0.0,6.0,Clothing,Conakry,Mobile Money,8.0,Female,New,December,209.54
ORD003192,3,,0.0,3.0,Clothing,Labe,Mobile Money,46.0,Female,RETURNING,October,106.89
ORD008617,2,64.26,0.0,6.0,Toys,Conakry ,Credit Card,41.0,M,New,October,124.11
ORD007811,4,54.71,0.0,3.0,Beauty,BOKE,Mobile Money,34.0,Male,Returning,May,252.24
ORD000331,3,96.32,,6.0,Clothing,Conakry,,20.0,Female,New,July,246.74
ORD003511,5,64.61,30.0,4.0,Sports,Kindia,Mobile Money,,Female,NEW,February,250.82
ORD009700,3,60.08,0.0,-8.0,clothing,Kindia,Cash,33.0,Male,New,July,195.18
ORD005612,3,29.38,15.0,10.0,TOYS ,KANKAN ,Mobile Money,16.0,Male,New,March,76.6
ORD006875,1,353.21,30.0,4.0,Electronics,Conakry ,Mobile Money ,33.0,Female,Returning,September,274.23
ORD001199,2,82.19,20.0,8.0,CLOTHING,Conakry,Cash,42.0,MALE,Returning,July,129.38
ORD005208,6,135.41,,8.0,Sports,Boke,cash,34.0,FEMALE,Returning,June,659.15
ORD004424,4,59.52,15.0,4.0,Beauty,Conakry,Card,23.0,FEMALE,New,April,203.19
ORD003952,1,345.82,0.0,4.0,electronics,Conakry,mobile money,26.0,MALE,Returing,March,369.14
ORD001089,5,14.24,15.0,5.0,books,Kindia,Card,37.0,Male,New,March,61.15
ORD009022,4,21.03,0.0,7.0,Toy,Kindia,,22.0,Male,New,July,93.01
ORD002516,8,,0.0,1.0,Sports,Kankan,Cash,31.0,Male,Returning,November,877.93
ORD008196,6,66.76,0.0,4.0,Home,Boke,Mobile Money,39.0,Male,New,September,362.99
ORD003725,5,-40.0,0.0,5.0,Beauty,Boke,Mobile Money,36.0,Female,Returning,December,115.29
ORD004041,4,90.54,0.0,3.0,SPORTS,CONAKRY,Cash,39.0,Male,New,June,316.6
ORD007924,3,24.11,0.0,8.0,Toys,Kindia,cash,26.0,M,New,May,78.51
ORD002460,4,190.03,0.0,4.0,Home,Kankan,Cash Payment,58.0,male,new,March,800.5
ORD000550,7,26.55,-20.0,8.0,Foood, Conakry,,36.0,MALE,New,December,141.0
ORD009231,6,30.8,0.0,5.0,clothing,Boke,CARD,34.0,Female,New,October,152.59
ORD005582,3,15.76,10.0,4.0,Books,Conakry,CASH,33.0,Male,New,July,41.96
ORD002301,4,32.36,0.0,7.0,Book,Conakry,,37.0,Male,New,February,129.49
ORD004361,6,56.47,10.0,6.0,Toys,Boke,CASH,16.0,Female,New,October,315.9
ORD003096,6,111.57,10.0,6.0,Home,Kankan,Cash Payment,34.0,Female,RETURNING,May,565.8
ORD008511,2,106.3,0.0,4.0,Sports,Boke,Card,34.0,Male,New,May,234.65
ORD008093,5,112.69,0.0,5.0,Sports,Conakry,Card,39.0,Male,New,April,558.98
ORD000919,5,616.16,0.0,5.0,electronics,Conakry,Cash,20.0,Female,Returning,May,2652.15
ORD005161,4,19.68,10.0,4.0,Food,CONAKRY,Card,,Female,New,January,78.0
ORD008908,2,125.58,0.0,5.0,Sports,CONAKRY,MobileMoney,40.0,Male,New,August,252.09
ORD002602,4,13.56,,5.0,Books,Conakry,Mobile Money,23.0,Female,New,March,44.87
ORD003634,5,49.81,10.0,150.0,Home,kindia,Card,35.0,Male,Returning,June,200.71
ORD005098,4,67.93,0.0,7.0,Home,Conakry,Mobile Money,27.0,Male,New,September,303.36
ORD004631,4,33.85,0.0,6.0,Toys,Kindia,Card,16.0,Male,New,December,154.03
ORD006795,4,116.12,0.0,3.0,Hom,KINDIA,Mobile Money,22.0,Male,Returning,August,351.3
ORD004171,7,111.74,0.0,4.0,Home,Kindia,Mobile Money,,Female,New,October,818.89
ORD001889,4,27.79,0.0,5.0,Books,Nzerekore,Card,23.0,Male,New,July,113.63
ORD008879,4,166.72,5.0,4.0,home,CONAKRY,Cash,40.0,Female,Returning,November,627.56
ORD005806,2,81.22,,3.0,Clothing,Conakry,Cash,34.0,Male,New,January,176.52
ORD004862,3,37.56,0.0,6.0,BOOKS, Conakry,Mobile Money,43.0,Female,RETURNING,September,120.24
ORD006121,3,28.45,250.0,2.0,Toys,Labe,,39.0,Male,New,April,90.97
ORD008214,4,230.8,,3.0,Home,boke,Cash,38.0,Male,New,January,787.14
ORD001205,7,4.13,0.0,2.0,Beauty,Kindia,cash,,MALE,New,June,30.08
ORD006525,4,40.01,10.0,,Beauty,Labe,mobile money,,Female,Returning,June,144.28
ORD002674,4,133.91,0.0,6.0,Sports,Conakry,Mobile Money,29.0,Female,New,September,447.85
ORD005626,3,50.53,5.0,6.0,Toys,Boke, card ,34.0,Female,Returning,March,142.47
ORD007358,1,19.16,15.0,6.0,Food,Conakry,Cash,39.0,Male,Returning,April,17.41
ORD006632,5,52.25,0.0,5.0,Beauty,Nzerekore,Card,32.0,Male,returning,November,251.89
ORD003248,6,219.51,0.0,7.0,Home,Boke,Cash,43.0,Female,New,July,1276.67
ORD009591,5,243.62,5.0,6.0,Electronics ,Nzerekore,card,,Male,Returning,February,1233.75
ORD004391,4,118.36,0.0,2.0,Clothing,Conakry,Mobile Money,,Female,New,June,546.1
ORD006074,6,28.85,10.0,3.0,toys,Nzerekore,Card,32.0,Female,Returning,April,161.16
ORD008529,3,51.66,0.0,5.0,Beauty,Conakry,CARD,30.0,MALE,Returning,July,145.77
ORD000811,5,31.04,0.0,4.0,Beauty,Kankan,Cash,43.0,Female,RETURNING,June,171.02
ORD006786,3,17.8,10.0,8.0,Toys,Boke,Cash,,Female,New,February,44.82
ORD002115,5,107.9,0.0,150.0,Sports,NZEREKORE,Card,33.0,Male,Returning,February,505.11
ORD001369,3,50.04,,2.0,Toys,Conakry, MobileMoney ,38.0,male,New,March,133.83
ORD001521,4,24.98,5.0,,Toys,Kankan,card,8.0,MALE,New,November,98.73
ORD009677,3,14.93,0.0,5.0,FOOD ,Nzerekore ,Cash,18.0,Female,Returning,June,50.13
ORD001206,4,89.73,5.0,7.0,Clothing,CONAKRY,Cash Payment,29.0,Female,Returning,May,329.93
ORD007239,3,120.3,0.0,4.0,Sports,Conakry,Mobile Money,18.0,Male,New,April,345.81
ORD002333,5,15.8,5.0,3.0,Food,Boke,Cash,26.0,FEMALE,New,May,68.18
ORD004035,4,,,4.0,SPORTS,Kindia,Card,33.0,Male,New,April,296.66
ORD003850,4,,0.0,150.0,Electronics,Boke,Cash ,52.0,Male,New,December,1186.98
ORD004227,6,51.07,10.0,3.0,Clothing,Conakry,Card,35.0,Male,Returning,February,272.04
ORD000860,2,163.56,20.0,3.0,Home,BOKE,Mobile Money,30.0,Male,Returning,September,230.17
ORD002034,6,16.33,10.0,5.0,Food,Conakry,Mobile Money,30.0,Male,NEW,December,89.32
ORD001316,250,256.83,20.0,4.0,Electronics,Kindia,Mobile Money,31.0,Male,New,May,986.06
ORD007123,5,,0.0,1.0,Sports, boke ,Mobile Money,38.0,Female,New,November,742.29
ORD004720,3,28.98,0.0,5.0,Toys,CONAKRY,MobileMoney,29.0,Male,Returning,June,84.77
ORD007639,5,93.61,5.0,3.0,Sports,kindia,Cash,,Male,Returning,December,399.43
ORD004785,1,48.43,,2.0,toys,Boke,,30.0,Male,Returning,May,39.16
ORD000056,4,20.64,0.0,3.0,Books,Kankan,Mobile Money,39.0,Male,Returning,December,80.64
ORD001367,5,117.4,0.0,4.0,home,boke,Cash,25.0,Male,New,December,558.99
ORD007294,6,51.22,0.0,3.0,Toys,Conakry,Mobile Money,24.0,Female,NEW,December,306.44
ORD003925,3,38.16,,4.0,Toys,Boke,card,30.0,Male,New,January,96.29
ORD007505,2,19.14,,3.0,Books,KINDIA,Cash,35.0,Male,New,August,43.05
ORD002507,2,46.84,10.0,4.0,CLOTHING,Labe,Mobile Money,16.0,Male,New,April,79.4
ORD007200,5,181.4,10.0,6.0,Electronics,Conakry,CASH,40.0,Male,New,October,752.32
ORD005876,4,26.7,,5.0,Toys,Boke,,,Male,New,August,103.4
ORD007459,5,194.7,20.0,5.0,HOME,Kindia,Card ,16.0,Female,New,June,656.53
ORD001574,2,105.56,0.0,7.0,Sports,Boke,Cash,22.0,Female,New,October,193.33
ORD004889,6,13.97,0.0,2.0,BOOKS,Labe,Cash,43.0,Male,New,January,97.85
ORD000309,3,44.2,5.0,,Books,Conakry,,40.0,Male,NEW,July,116.16
ORD006508,4,,5.0,6.0,Home,Labe,Cash,25.0,Female,New,July,611.85
ORD000580,6,45.55,0.0,6.0,Beauty,kindia,Cash,30.0,Male,Returning,October,268.1
ORD001706,2,62.3,10.0,5.0,Sports,Kindia,card,48.0,Female,New,May,116.6
ORD007277,3,53.47,10.0,1.0, sports ,Nzerekore , Mobile Money ,37.0,Male,Returning,June,138.46
ORD006652,8,94.59,0.0,9.0,Clothing,Conakry,Card,8.0,Male,New,October,676.4
ORD005108,6,47.49,0.0,6.0,Beauty,Kankan,Mobile Money ,33.0,Male,New,May,291.91
ORD008730,4,12.21,10.0,4.0,Food,kankan,MobileMoney,25.0,Male,new,April,42.15
ORD002995,3,36.66,0.0,4.0,Clothing, Nzerekore ,,18.0,M,New,January,99.62
ORD007179,2,11.4,0.0,,Toys,Kindia,Cash,21.0,Female,New,September,23.53
ORD005131,5,352.12,,7.0,Electronics,Conakry,Card,43.0,Male,New,January,1673.83
ORD005901,4,59.93,,1.0,Sports,Labe,Card,32.0,Male,Returning,October,187.93
ORD000697,1,37.45,0.0,8.0,BEAUTY,Kindia,Card,38.0,F,New,December,31.07
ORD006478,7,592.48,0.0,9.0,Electronics, Conakry ,CARD,33.0,Female,New,January,4280.31
ORD006956,5,25.45,5.0,2.0,Beauty, Kankan ,Mobile Money,24.0,Female,New,September,126.89
ORD006333,3,175.16,0.0,6.0,HOME,Conakry,Cash,16.0,Female,Returning,December,546.83
ORD008549,5,230.62,0.0,7.0, Electronics,Conakri,Cash,38.0,Female,New,April,1175.86
ORD007064,3,88.01,15.0,2.0,Cloting ,Labe,Card,,Male,New,February,248.86
ORD005804,6,22.94,0.0,6.0,books,Kindia,Cash Payment,40.0,Male,New,March,141.61
ORD000958,5,79.55,0.0,4.0,Clothing,kindia,Mobile Money,42.0,Male,RETURNING,August,384.91
ORD005915,4,10.53,0.0,7.0,Toy,Nzerekore,Mobile Money,47.0,female,Returning,August,37.85
ORD007007,5,147.59,0.0,2.0,sports,Labe,Cash,26.0,Male,returning,December,879.46
ORD005270,5,,5.0,8.0,FOOD,Boke,Card,45.0,Male,Returning,August,43.87
ORD006072,4,9.19,0.0,,Books,KINDIA,MobileMoney,,Male,Returning,September,39.27
ORD000354,2,28.97,15.0,4.0,Clothing,Conakry,Mobile Money,30.0,Female,New,April,46.74
ORD004828,5,41.69,0.0,6.0,Books,Conakry,Mobile Money,26.0,Female,New,December,195.11
ORD004799,4,107.03,10.0,6.0,Home,KINDIA,Mobile Money,25.0,Female,Returning,September,413.28
ORD009606,4,21.39,5.0,,Clothing,KANKAN,Card,34.0,Female,New,January,78.34
ORD006759,5,47.38,0.0,2.0,Toys,KINDIA,Mobile Money,52.0,Male,New,May,226.52
ORD008763,3,10.16,10.0,3.0,food,Kindia,Mobile Money,46.0,Male,New,February,28.68
ORD008677,4,32.05,0.0,8.0,Beuty,Conakry,Card,8.0,Female,New,December,117.86
ORD007282,6,37.14,0.0,4.0,Beuty,nzerekore,Cash,27.0,Female,Returing,December,242.97
ORD003247,5,170.22,0.0,7.0, Electronics ,Labé,mobile money,45.0,female,Returning,October,733.53
ORD000502,2,71.66,,3.0, Beauty ,Conakry,,26.0,Female,NEW,November,110.12
ORD009326,4,288.53,0.0,5.0,Electronics,Conakry,Mobile Money,29.0,Male,Returning,September,1128.5
ORD009661,1,,5.0,5.0,Home,Labe,Cash,34.0,Female,New,October,114.13
ORD001008,5,500000.0,0.0,4.0,Beauty,Nzerekore,Card,35.0,Male,New,February,161.86
ORD007153,1,128.25,0.0,,Clothing ,Conakry,MobileMoney,24.0,Female,Returning,February,114.82
ORD002172,8,423.33,10.0,6.0,Electronics,CONAKRY,Cash,16.0,Female,Returning,December,2947.07
ORD005384,2,238.46,,2.0,Electronics,Labe,Mobile Money,28.0,Female,New,July,458.4
ORD004465,5,,10.0,7.0,Sports,Conakry,card,31.0,Female,Returning,November,871.2
ORD009614,6,16.19,0.0,7.0,Food,Labé,Card,8.0,Male,New,January,92.53
ORD001319,3,,,10.0,Book,Nzerekore,Mobile Money,16.0,MALE,New,March,34.08
ORD004590,3,37.43,0.0,6.0,Toys,Conakry,Card,43.0,Male,New,February,94.78
ORD004430,3,,10.0,3.0,BOOKS,Conakry,Mobile Money,18.0,Female,NEW,November,34.3
ORD001476,4,55.99,0.0,,Clothing,Conakry,cash,,Female,New,March,217.81
ORD006933,2,50.24,0.0,5.0,Clothing,Kindia,Cash,34.0,Male,RETURNING,December,103.99
ORD005318,7,18.05,0.0,6.0,Food,BOKE,Credit Card,43.0,Male,New,February,126.26
ORD008039,5,42.08,0.0,3.0,Beauty,Kankan,Mobile Money,-12.0,Female,New,March,224.44
ORD009094,9,31.63,30.0,6.0, Clothing ,Kankan,Cash,36.0,Male,Returning,June,183.12
ORD005832,6,107.36,0.0,1.0,home,Nzerekore,Mobile Money,28.0,Female,Returing,July,647.84
ORD004164,3,51.71,,4.0,Beauty,Kankan,Card,16.0,Male,New,April,117.94
ORD008096,1,301.53,0.0,4.0,Electronics,Nzerekore,Cash,22.0,Male,Returing,June,298.33
ORD001614,7,13.15,10.0,,Food,CONAKRY,card,,Male,New,March,83.74
ORD005269,2,20.98,0.0,3.0,Food,Conakry,,31.0,Male,Returning,September,45.05
ORD000426,5,43.27,,3.0,Beauty,Kindia,Mobile Money ,26.0,Male,Returning,March,160.11
ORD007747,4,59.19,5.0,2.0,Clothing,Boke,,25.0,Female,returning,January,218.76
ORD008806,3,11.17,0.0,3.0,books,Boke,Cash,8.0,Male,Returning,November,30.65
ORD008392,5,-40.0,0.0,2.0,Toys,Labe,CASH,,Female,New,October,77.22
ORD008560,3,,20.0,4.0,Beauty,Kankan,Cash,23.0,Female,New,May,90.15
ORD000144,4,40.56,30.0,3.0,Toys,Boke,Cash Payment,42.0,Male,New,November,111.28
ORD003821,3,34.46,5.0,6.0,Home,Nzerekore,Card,44.0,MALE,Returning,June,95.67
ORD007725,3,180.83,-20.0,,electronics,Labe,Mobile Money,39.0,Female,Returning,December,523.63
ORD004346,4,24.53,10.0,4.0,Toys,Kankan,Mobile Money,40.0,Female,NEW,March,82.98
ORD008497,5,33.92,5.0,,Toys,Conakry,,31.0,Female,New,November,158.47
ORD004789,3,83.76,0.0,4.0,Sports,NZEREKORE,,25.0,Female,Returning,October,263.11
ORD007662,4,33.6,0.0,6.0,Sports,Conakry,CASH,19.0,Female,New,January,151.35
ORD004444,3,66.34,0.0,5.0,Clothing,KANKAN,,37.0,Female,New,March,194.91
ORD004682,8,183.5,0.0,4.0,Home,Conakry,cash,,Female,New,December,1643.48
ORD005370,6,56.76,0.0,4.0,Toys,Boke,Mobile Money,26.0,Female,Returning,May,318.99
ORD002310,6,22.22,0.0,4.0,Food,boke,Cash,,Female,Returning,September,133.51
ORD002113,7,32.17,20.0,,Books,Conakry,cash,25.0,Female,Returning,May,168.49
ORD000835,4,108.78,0.0,2.0,Home,Kindia,Cash,,Male,Returning,January,439.35
ORD000594,2,33.47,10.0,4.0,Books , Conakry,Cash,37.0,Male,New,August,47.61
ORD007733,4,25.02,0.0,5.0,Foood,Conakry,CARD,37.0,Female,New,March,96.17
ORD005009,2,20.8,20.0,3.0,Food,Conakry,Cash,28.0,Female,New,October,33.53
ORD002132,6,77.52,,6.0,Clothing,Kindia,Card,38.0,Female,Returning,May,535.18
ORD000766,4,11.39,0.0,1.0,Food,N'Zerekore,CARD,42.0,Male,Returning,August,44.87
ORD009223,7,111.59,15.0,7.0,Sports, Labe ,Card,29.0,Female,Returning,October,699.84
ORD000147,3,,5.0,7.0,Food,Kindia,Card,16.0,Female,new,May,62.53
ORD000395,1,98.16,0.0,7.0,Electronics,kankan,MOBILE MONEY,30.0,Male,New,September,98.4
ORD007702,3,14.62,0.0,,Toys,Labe,Card,32.0,Male,Returning,December,45.63
ORD003809,5,66.78,,6.0,Clothing,Conakry,Card,35.0,Male,returning,June,353.18
ORD008238,6,127.55,15.0,6.0,Sports,Conakry,Mobile Money,20.0,Male,New,August,650.96
ORD007722,3,27.49,0.0,6.0,BEAUTY,KANKAN,Cash,43.0,Female,New,April,80.76
ORD003495,2,157.08,0.0,,Home,Conakry,Cash Payment,,female,Returning,January,286.82
ORD002185,5,224.33,0.0,7.0,Electronic ,Nzerekore,Mobile Money,34.0,Female,New,July,1214.74
ORD003337,4,130.87,0.0,3.0,Home,Kankan,Card ,16.0,Female,Returning,October,520.22
ORD002160,5,500000.0,30.0,2.0,Toys,Kindia,MOBILE MONEY,23.0,M,Returning,November,90.68
ORD006733,3,38.47,0.0,6.0,Beauty,Conakry,Mobile Money,32.0,Female,Returning,April,113.44
ORD007486,3,117.27,0.0,5.0,Home,Labe,Cash Payment,39.0,Female,New,August,340.02
ORD005713,6,114.8,0.0,5.0,Hom,KANKAN,mobile money,26.0,Female,New,October,742.76
ORD003411,1,27.79,5.0,4.0,Clothing ,kankan,,16.0,Male,New,June,27.58
ORD009001,5,37.57,10.0,1.0, Toys ,Conakry ,Card,48.0,M,New,November,177.6
ORD003498,4,145.76,,7.0,Sports,kindia,Mobile Money,36.0,Female,Returning,April,607.96
ORD002072,1,115.5,5.0,2.0,Sports,Kindia,MOBILE MONEY,45.0,Female,Returning,November,117.28
ORD001368,4,139.58,0.0,4.0,Home,Conakry,Card,31.0,Female,new,May,624.05
ORD002365,5,9.64,0.0,3.0,Food,Nzerekore,Cash ,16.0,female,Returing,October,49.33
ORD007710,6,47.46,0.0,3.0,TOYS,Kankan,Mobile Money,32.0,Male,New,November,314.85
ORD007832,3,203.15,0.0,6.0,Home,Conakry,Card,35.0,female,New,April,603.57
ORD003513,2,20.76,15.0,3.0,Food,Conakri,Card,21.0,F,New,March,37.02
ORD006365,4,126.35,0.0,1.0,Home,kankan,Cash,21.0,Female,Returning,May,528.52
ORD003502,2,93.12,0.0,3.0,Home,Kindia,card,38.0,MALE,New,May,162.38
ORD004575,2,155.75,0.0,1.0,Home,Boke,Cash,54.0,Female,New,August,321.81
ORD003142,1,31.13,250.0,4.0,clothing,Kindia,Card,39.0,Female,Returning,February,27.32
ORD006042,4,114.44,30.0,5.0,Clothing, Conakry ,Mobile Money,23.0,Female,New,December,308.55
ORD001248,5,32.25,30.0,6.0,Beauty,Labe,Card,32.0,Male,New,October,101.79
ORD000075,2,137.89,0.0,3.0,Home,Kankan,Card,47.0,Male,Returning,May,284.65
ORD005861,4,117.39,5.0,4.0,Home,Conakry,Mobile Money ,31.0,M,New,December,434.42
ORD007335,6,-40.0,25.0,5.0,Food,Kankan,Card,27.0,Female,Returning,August,44.98
ORD002397,4,185.34,,6.0,Electronics,Kindia,Card,27.0,Male,New,April,665.26
ORD008306,2,57.43,0.0,5.0,Beauty,Kankan,MobileMoney,,Female,New,October,117.89
ORD000987,7,176.06,5.0,3.0,Home,Conakry,Cash,38.0,Female,Returning,November,1248.18
ORD008348,3,86.35,15.0,3.0,Beauty, Conakry,Card,33.0,Male,New,April,205.83
ORD004844,5,24.16,5.0,6.0,Books,Labe,Mobile Money,25.0,Female,New,February,103.92
ORD005960,3,24.15,0.0,6.0,Food,boke,MobileMoney,42.0,Female,Returning,July,75.75
ORD008415,4,10.58,0.0,8.0,Books,boke,mobile money,46.0,Female,RETURNING,September,42.43
ORD005599,3,8.43,30.0,3.0,Food,Nzerekore,Card,34.0,Female,New,December,17.29
ORD005762,4,6.93,10.0,5.0,Books,Conakry,Cash Payment,44.0,Male,Returning,September,24.71
ORD007700,3,42.6,0.0,6.0,Books,Conakry,Mobile Money,,Female,New,December,127.9
ORD004132,3,93.0,0.0,4.0,SPORTS,Boke,Card,39.0,Male,NEW,February,276.07
ORD001762,4,,0.0,3.0,Beauty,Kindia,Cash,16.0,Female,New,July,271.08
ORD004264,3,28.27,0.0,3.0,Beauty ,kankan,Mobile Money,16.0,Female,New,October,92.94
ORD004213,4,11.9,5.0,,Book,Kindia,Cash,49.0,Male,New,July,50.7
ORD004044,2,21.09,0.0,5.0,TOYS,Conakry,,,Female,New,June,39.44
ORD000531,6,33.81,10.0,6.0,Toys,Kindia,Cash,34.0,Male,New,April,175.14
ORD009622,4,21.28,0.0,9.0,Beauty,boke,Mobile Money,38.0,F,Returning,April,85.43
ORD005125,4,33.45,0.0,3.0,Books,Conakry,Mobile Money,30.0,Female,RETURNING,October,139.13
ORD003955,4,12.88,0.0,8.0,Foood,Nzerekore,Cash,42.0,female,Returning,May,59.58
ORD007815,6,41.28,5.0,2.0,Toys,Boke,Card,21.0,M,Returning,June,227.05
ORD005064,2,24.33,0.0,6.0,Food,CONAKRY,Mobile Money,42.0,Female,Returning,November,46.17
ORD005721,3,27.54,,2.0,Toy,Conakry,Mobile Money,16.0,Female,New,October,64.69
ORD000224,2,117.55,15.0,6.0,Home,Kankan,Card,33.0,Female,new,December,215.84
ORD007908,6,27.46,15.0,9.0,Books,Conakry,Mobile Money,32.0,Female,Returning,November,133.37
ORD006885,3,23.58,10.0,,Books,Conakry,Mobile Money,34.0,Female,new,May,62.1
ORD001780,4,77.55,0.0,3.0,Clothing,Kindia,Cash,30.0,Female,New,June,295.11
ORD001026,3,54.1,,4.0,Clothing,Boke,,34.0,Female,Returning,November,146.78
ORD006569,4,34.95,0.0,2.0,Clothing,Conakry,Card,44.0,Male,New,June,154.08
ORD003779,5,9.13,0.0,3.0,food,Boke,MOBILE MONEY,30.0,Female,New,November,51.46
ORD008274,2,165.71,5.0,1.0,Electronics,Kindia,Mobile Money,17.0,Female,New,November,274.24
ORD008772,4,61.42,10.0,5.0,Toys,Conakry,,16.0,Male,Returning,December,212.25
ORD002717,3,25.08,10.0,5.0,Beauty,LABE,Cash,30.0,male,Returing,November,65.23
ORD006207,6,18.15,15.0,8.0,Food, Conakry,Cash,16.0,Male,New,October,86.67
ORD008703,4,8.53,5.0,8.0,FOOD,boke,Card,32.0,Female,Returning,June,28.82
ORD006994,3,120.6,10.0,1.0,Sport,Kindia,Cash,34.0,Male,Returning,March,350.16
ORD003483,4,202.96,0.0,7.0, Eletronics ,Kankan,Card,27.0,Female,New,November,709.21
ORD004654,3,155.04,0.0,4.0,Home,Conakry,Card,35.0,FEMALE,New,September,401.38
ORD003403,4,32.45,0.0,4.0,Toys, Labe ,Card,41.0,Female,New,May,139.56
ORD006254,4,247.78,15.0,4.0,Electronics,kindia,Cash,22.0,F,New,May,873.98
ORD005726,2,381.55,0.0,5.0,Electronic,Conakry,Mobile Money,43.0,Male,New,August,732.17
ORD006795,4,116.12,0.0,3.0,Hom,KINDIA,Mobile Money,22.0,Male,Returning,August,351.3
ORD003870,1,86.35,0.0,9.0,Sports,Kindia,Cash,21.0,Male,New,January,82.94
ORD005742,1,171.01,0.0,5.0,Home,Boke,Cash,28.0,Female,New,May,180.02
ORD005801,9,31.19,0.0,4.0,Clothing,Conakri,Card,38.0,Female,New,May,269.93
ORD001379,6,230.7,,7.0,Electronics,Kindia,MOBILE MONEY,29.0,Female,Returning,April,1414.19
ORD007399,3,57.55,25.0,9.0,Toys,conakry,CARD,44.0,F,New,May,136.33
ORD001552,2,452.3,0.0,6.0,Electronics,Conakry,Card,180.0,Female,Returning,March,899.01
ORD003137,3,26.55,10.0,3.0,Toys,kankan,MOBILE MONEY,31.0,Female,Returing,October,72.56
ORD008504,2,138.96,0.0,5.0,Sports,Conakry ,Card ,30.0,Male,Returning,May,258.19
ORD001632,4,44.0,0.0,4.0,Toys,Labe,Credit Card,45.0,Male,NEW,September,189.52
ORD004261,2,-40.0,0.0,2.0,Clothing,Nzerekore,Card,42.0,Male,Returning,August,100.97
ORD004454,4,417.55,0.0,9.0,Electronics,Kankan,MOBILE MONEY,,Male,Returning,November,1753.45
ORD006505,-3,33.18,10.0,3.0,Books,Conakry,Card,41.0,male,Returning,June,84.88
ORD003811,3,56.86,0.0,3.0,Clothing,Kankan,Mobile Money,41.0,Female,New,January,143.89
ORD005467,6,101.71,0.0,4.0,Sports,Labe,Mobile Money,47.0,Female,Returning,November,604.31
ORD008925,5,,0.0,5.0,Home,Conakry,,30.0,Female,Returning,August,727.11
ORD005924,5,16.21,250.0,4.0,food,Labe,CASH,30.0,FEMALE,New,August,63.99
ORD000129,2,35.48,10.0,2.0,toys,Labé,cash,26.0,Female,New,May,66.79
ORD001010,4,46.94,250.0,2.0,BEAUTY,Boke,Mobile Money,18.0,Male,Returning,October,177.02
ORD001291,3,14.23,0.0,7.0,Food,Nzerekore,CARD,48.0,Male,Returning,June,40.48
ORD005343,6,80.36,10.0,4.0,Sports,Kankan,Card,37.0,Male,Returning,April,453.6
ORD000202,5,50.01,25.0,150.0,Sports ,Kindia ,Card,180.0,Female,New,October,205.01
ORD003696,7,204.04,0.0,,Sports,Conakry,CARD ,56.0,Female,New,December,1567.44
ORD007441,5,20.92,0.0,,Food,Kindia,Card,36.0,Female,Returning,August,97.56
ORD005752,4,34.8,0.0,3.0,TOYS,BOKE,CASH,31.0,Female,Returning,August,134.01
ORD005518,2,15.96,0.0,6.0,FOOD,Kindia,Mobile Money,33.0,Male,New,December,30.45
ORD005914,4,14.95,0.0,1.0,FOOD,Kankan,Cash,31.0,Female,new,August,56.74
ORD000955,6,43.95,5.0,5.0,Books,conakry,mobile money,30.0,F,Returning,June,263.54
ORD004021,2,10.8,25.0,10.0, Foood ,boke,card,32.0,Female,Returning,December,16.22
ORD002362,4,11.35,5.0,4.0,Food,boke,Mobile Money,43.0,Male,NEW,November,41.56
ORD008150,5,34.41,0.0,9.0, Toys ,Kankan,mobile money,40.0,Female,New,December,165.19
ORD004690,4,95.38,0.0,6.0,Home,Kindia,Cash Payment,24.0,Female,Returning,May,404.72
ORD008395,4,43.35,0.0,7.0,Clothing,Labe,Card,22.0,Male,new,August,152.34
ORD008022,5,67.55,10.0,,Clothing,Labe,Cash Payment,36.0,Male,New,August,292.86
ORD000983,3,57.25,0.0,5.0,Toys,conakry,Mobile Money,29.0,female,New,July,176.33
ORD003697,4,25.69,0.0,4.0,Food,Conakry,MobileMoney,30.0,male,Returning,January,106.86
ORD006143,7,59.8,0.0,4.0,Clothing,Boke,Credit Card,,Female,Returning,May,421.96
ORD006077,7,152.94,0.0,6.0, Electronics  ,Nzerekore ,Credit Card,47.0,Male,New,April,1172.74
ORD002381,5,500000.0,,,Electronics,Labe,Card,32.0,Female,New,July,1169.71
ORD002487,2,108.86,0.0,4.0,Sports,Kindia,Cash,46.0,Female,New,July,246.36
ORD006471,3,58.35,0.0,3.0,clothing,KANKAN,Card,57.0,Female,Returning,June,169.62
ORD003207,2,428.71,10.0,8.0,Electronics ,Labe,Cash,25.0,Female,Returning,September,797.97
ORD005959,2,,0.0,3.0,Sports,Boke,CASH,16.0,Female,Returning,January,91.96
ORD003090,3,39.04,25.0,2.0,toys,boke,Mobile Money,30.0,Female,New,December,100.69
ORD006167,2,39.53,0.0,6.0,Beauty,Boke,Card,21.0,Female,Returning,November,78.5
ORD001188,3,56.96,0.0,2.0,Clothing,Labe,,28.0,Female,New,September,168.45
ORD006426,5,6.67,15.0,,Food,Kindia,Card,35.0,Female,Returning,September,29.29
ORD006439,1,86.87,0.0,4.0,Clothing,Kindia,,37.0,Male,Returning,May,71.74
ORD004448,6,408.27,0.0,2.0,Electronics,Labe,card,,Male,New,October,2458.46
ORD007500,4,70.17,10.0,1.0,Clothing, N'Zerekore ,Cash ,46.0,Male,Returning,August,225.87
ORD003920,3,597.17,10.0,6.0, Electronics , Boke ,Cash,36.0,Female,Returning,September,1776.36
ORD001596,4,47.4,10.0,7.0,BEAUTY,Conakry,Card ,16.0,Female,New,May,182.66
ORD004093,2,42.04,10.0,2.0,Toys,Labe,Cash,16.0,Female,New,August,78.7
ORD008235,6,19.9,10.0,5.0,Food,Conakry,Card,33.0,Male,Returning,November,108.02
ORD007200,5,181.4,10.0,6.0,Electronics,Conakry,CASH,40.0,Male,New,October,752.32
ORD006246,5,131.4,0.0,3.0,Home,Boke,MobileMoney,,Female,New,November,618.7
ORD003348,6,68.11,20.0,6.0,Toys,Conakry,Mobile Money,16.0,Male,New,September,303.77
ORD009538,7,33.85,5.0,4.0,Toys,Labé,Card,,Male,Returning,September,216.12
ORD005169,2,96.98,0.0,6.0,Sports,Boke,,,Male,New,January,195.66
ORD001274,5,,10.0,1.0,Home,Boke,Mobile Money,16.0,Female,Returning,November,586.18
ORD000575,5,44.73,25.0,5.0,Toys,Conakry,Cash,20.0,Male,NEW,May,181.93
ORD000145,6,153.78,10.0,6.0,Home,Labe,cash,29.0,Male,Returning,February,921.8
ORD006273,4,,-20.0,5.0,FOOD,Labé,Cash,16.0,female,Returning,November,82.74
ORD008062,6,317.59,5.0,4.0,Electronic,Conakry,Card,,Male,Returning,January,1901.97
ORD006144,5,51.5,,8.0,Clothing,labe,Card,,Female,New,March,256.32
ORD002621,3,77.27,0.0,,Clothing,Conakry,Credit Card,26.0,Male,New,July,223.43
ORD004915,4,18.79,,6.0,Toys,Kindia,Cash,36.0,Female,New,December,74.08
ORD005995,2,55.74,10.0,3.0,Clothing,Conakry,Card,40.0,Female,New,May,87.31
ORD009656,3,26.16,5.0,4.0,Beauty,Kankan,,16.0,Male,New,May,64.77
ORD004972,3,57.49,25.0,,HOME,LABE,,50.0,Female,Returning,August,122.14
ORD002771,2,,0.0,5.0,Beauty,Kindia,Mobile Money,27.0,Male,New,July,87.4
ORD004890,4,15.35,5.0,2.0,Food,Conakry,cash,18.0,male,Returning,September,62.9
ORD007323,3,136.68,0.0,5.0, home ,Labe,cash,47.0,Male,Returning,January,344.26
ORD007506,6,215.73,5.0,5.0,Electronics,Conakry,Mobile Money,27.0,Female,New,August,1246.28
ORD000989,4,388.28,10.0,6.0,Electronics,Kankan,Card,8.0,F,Returning,May,1238.85
ORD009433,3,133.3,10.0,7.0,sports,Kindia,,30.0,Female,New,January,343.06
ORD004481,2,12.14,0.0,,Food,Kindia,MOBILE MONEY,29.0,male,Returning,July,26.51
ORD007978,5,115.59,10.0,8.0,Sports,Kindia,Card,33.0,Male,Returning,October,529.88
ORD003851,4,23.24,0.0,5.0,Food,Conakry,Mobile Money,33.0,F,returning,August,90.07
ORD006223,4,17.25,0.0,4.0,Books,Boke,Mobile Money,35.0,Male,Returning,September,71.24
ORD006685,5,98.8,250.0,3.0,Sports,CONAKRY,cash,22.0,MALE,Returning,July,502.76
ORD003566,5,129.03,15.0,3.0,Sports,Conakry,Card,,Male,Returning,November,563.09
ORD006504,5,115.78,10.0,3.0,Home, Boke ,Credit Card,25.0,Male,returning,September,534.33
ORD003888,4,67.26,10.0,4.0,Beauty,Conakry,Card,40.0,female,New,April,255.64
ORD003297,2,400.51,0.0,5.0,electronics,Boke,Card,38.0,Female,Returning,August,681.84
ORD004404,3,76.91,0.0,,Sports,Kindia,Cash,16.0,Male,New,April,216.36
ORD003462,3,70.98,15.0,,Home,Nzerekore,CASH,40.0,MALE,New,November,177.66
ORD004910,4,10.16,,5.0,BEAUTY,BOKE,Mobile Money,39.0,Female,returning,August,31.91
ORD004138,4,34.24,5.0,1.0,Beauty,KINDIA,CARD,33.0,Female,New,August,140.73
ORD008698,2,,0.0,5.0,Clothing,Kankan,Cash,24.0,Male,Returning,January,128.63
ORD007957,-3,17.99,20.0,4.0,Toys,Kindia,Card,42.0,Female,new,June,82.33
ORD008786,2,130.03,15.0,5.0,Clothing,Conakry,CASH,29.0,Female,New,September,222.44
ORD008029,5,17.45,10.0,,Food,kankan,Cash,16.0,M,new,December,79.81
ORD004795,3,128.13,25.0,4.0,Home,Conakry,Card,,Male,New,July,277.92
ORD000726,1,75.89,0.0,,Sports,Boke,Mobile Money,28.0,Male,New,April,63.23
ORD006064,3,15.12,20.0,4.0,food,Boke,,16.0,Male,Returning,August,30.34
ORD002052,9,,0.0,1.0,Beauty,Conakry,Mobile Money,27.0,Female,New,May,604.85
ORD005784,1,111.86,0.0,150.0,Sports,Kindia,Cash,28.0,Female,Returning,October,124.07
ORD004312,5,27.96,20.0,4.0,TOYS,Boke,MobileMoney,28.0,FEMALE,Returning,January,121.61
ORD002147,4,65.53,0.0,5.0,Clothing,BOKE,MOBILE MONEY,19.0,Female,Returning,April,251.8
ORD002697,3,88.06,0.0,4.0,Home,Nzerekore,Card,22.0,Male,Returning,March,230.1
ORD002483,3,14.55,15.0,6.0,Food,kankan,Credit Card,27.0,Male,Returning,October,37.36
ORD001371,3,35.66,5.0,3.0,Beauty,Conakry,,,male,RETURNING,December,104.36
ORD001567,4,93.06,0.0,1.0,Sports,Kankan,Cash Payment,29.0,Male,Returning,November,364.11
ORD007417,4,,0.0,6.0, Electronics ,Kindia,Mobile Money,43.0,MALE,NEW,July,1144.38
ORD005656,7,15.08,,,Food,Conakry,Cash,26.0,Male,New,May,104.1
ORD001517,5,83.36,0.0,7.0,Sports,Nzerekore,Cash ,17.0,FEMALE,New,January,448.45
ORD006845,5,,0.0,6.0,Toys ,Conakry,mobile money,32.0,Male,New,December,195.44
ORD005863,3,19.63,20.0,4.0,Food,Kankan,,33.0,Female,New,November,46.06
ORD003628,4,48.65,0.0,5.0,BEAUTY,Labe ,Card,,Female,New,September,222.68
ORD003309,4,91.59,0.0,7.0,HOME,Boke,card,43.0,Male,New,June,362.41
ORD003732,3,66.99,0.0,4.0,Clothing,Conakry,CASH,43.0,Male,Returning,May,208.93
ORD001038,4,23.36,0.0,8.0,BOOKS,Boke,Cash,39.0,MALE,Returning,June,86.12
ORD002438,2,64.95,5.0,3.0,Clothing,Conakry,Cash Payment,42.0,Female,New,June,119.37
ORD003000,-3,71.6,0.0,4.0,Clothing,Conakri,Mobile Money,37.0,FEMALE,New,April,216.2
ORD001511,4,4.25,10.0,4.0,Toys,kankan,Card,26.0,Male,Returning,March,15.76
ORD000412,3,71.95,20.0,5.0,Beauty,Boke,Card,38.0,Male,New,June,187.3
ORD006917,5,,0.0,8.0,Beauty,BOKE,Cash,21.0,Female,New,November,173.93
ORD007775,4,15.69,0.0,5.0,Food,Kindia,Card,,Female,New,May,56.44
ORD003260,6,117.82,0.0,9.0,Home,Kankan, Cash ,39.0,Male,New,October,721.17
ORD005393,5,88.23,10.0,1.0,home,Labé,Cash Payment,43.0,Male,Returning,November,385.24
ORD001318,2,99.04,15.0,3.0,Home ,Nzerekore,Cash,42.0,Female,New,December,181.08
ORD007572,2,64.63,0.0,5.0,Home,Nzerekore,Cash,20.0,Female,Returning,March,123.31
ORD003070,3,238.33,0.0,7.0,Electronics,Conakry,CARD,34.0,Female,New,June,655.09
ORD006646,5,181.33,0.0,7.0,Home,Kindia,Card,28.0,Female,Returning,January,1000.28
ORD004672,5,46.17,0.0,5.0,Clothing,Kankan,MobileMoney,53.0,Female,Returning,December,224.7
ORD007988,3,53.86,0.0,6.0,Home,Conakry,Mobile Money,45.0,Male,Returning,February,122.31
ORD004855,3,329.74,10.0,1.0,Electronics,Labe,Cash,32.0,male,Returning,November,693.91
ORD004891,4,29.11,5.0,9.0,Toys,Kindia, Cash ,29.0,Male,New,October,99.16
ORD008218,250,11.75,0.0,5.0,Food,KANKAN,Mobile Money,50.0,Female,New,February,58.99
ORD003393,4,69.68,0.0,7.0,Beauty,Kindia,Cash,19.0,Male,Returning,February,235.02
ORD005223,5,37.26,10.0,5.0,Beauty,Nzerekore,Card,30.0,Female,new,April,166.17
ORD007674,5,67.66,10.0,2.0,home,Labe,Card,20.0,Male,Returning,January,366.94
ORD000506,3,174.07,10.0,5.0,Home,Conakry ,MOBILE MONEY,32.0,Female,New,October,474.65
ORD001561,5,53.94,15.0,1.0,CLOTHING,nzerekore,Mobile Money,40.0,Male,New,October,256.29
ORD007539,4,30.15,0.0,7.0,Toys,Kindia,,45.0,Male,Returing,October,121.06
ORD006611,2,15.05,0.0,8.0,Food,Kindia,,,Male,Returning,October,28.14
ORD007617,2,41.69,15.0,5.0,Books,Conakri,Credit Card,31.0,Female,New,April,71.02
ORD006405,3,168.32,5.0,3.0,Home, Conakry,MOBILE MONEY,,Male,Returning,January,426.86
ORD008811,3,47.25,,1.0,Beauty,conakry,Card,,Male,Returning,March,126.77
ORD001121,4,165.47,0.0,8.0,Sports, Conakry,Card,37.0,Female,New,July,595.95
ORD006037,3,36.27,10.0,8.0,Beauty,Kankan,CARD,,Female,Returning,January,103.31
ORD004683,4,263.06,0.0,4.0,Electronics,Kindia,Mobile Money,47.0,male,Returing,May,1059.08
ORD004708,3,500000.0,25.0,4.0,Electronics,Labe,,36.0,Male,New,June,775.8
ORD007283,4,20.7,20.0,3.0,Books,NZEREKORE,Card,39.0,Female,New,May,79.66
ORD006570,3,45.92,0.0,3.0,Beauty,Boke,mobile money,28.0,Female,New,October,149.7
ORD003942,5,259.97,0.0,,Electronics,Kankan,Cash,23.0,F,New,February,1517.92
ORD002738,3,23.75,15.0,3.0,Food,Conakry,Card,17.0,Female,Returning,March,53.55
ORD005632,3,11.44,0.0,5.0,Books,Conakry,Card,29.0,FEMALE,New,April,31.18
ORD008541,2,13.34,15.0,5.0,Food,KANKAN,card,46.0,Female,New,January,21.19
ORD004982,5,46.0,0.0,2.0,Toys,Conakry,Cash,16.0,Male,New,March,216.65
ORD009323,4,19.85,0.0,5.0,Books, Conakry,Cash,35.0,Male,Returning,May,71.76
ORD004879,3,19.75,15.0,4.0,Books,Kankan,Card,48.0,F,New,July,47.92
ORD002518,4,63.18,0.0,6.0,Beauty,conakry,card,23.0,Female,New,January,286.56
ORD007190,2,69.77,,5.0,beauty, Conakry ,Card,33.0,Female,New,November,132.28
ORD002549,3,27.4,20.0,6.0, Books ,Conakry,,36.0,Male,New,June,62.87
ORD008862,3,132.52,15.0,5.0,Sports,Kindia,Card,25.0,Female,New,July,336.67
ORD006554,4,124.49,0.0,,home, Conakry,Cash,30.0,Male,Returning,December,456.17
ORD000409,4,,0.0,4.0,Book,Kankan,MOBILE MONEY,21.0,Male,Returning,February,76.83
ORD003392,5,135.99,25.0,,HOME,Conakri,mobile money,22.0,Male,new,April,483.08
ORD008357,3,65.75,10.0,4.0,Clothing,Labé,CASH,24.0,Male,New,February,186.42
ORD002292,4,25.94,20.0,6.0,Books,Labe,Mobile Money,40.0,female,new,August,84.69
ORD002337,6,11.83,0.0,5.0,Food ,Conakry,CARD,38.0,Male,New,October,71.33
ORD007823,3,1.3,0.0,3.0,Books,Conakry,,29.0,female,Returning,November,4.0
ORD006069,2,36.94,0.0,3.0,Beauty,Kankan,CASH,27.0,Female,New,July,68.97
ORD005819,5,23.45,15.0,5.0,Books,Kankan,Mobile Money,32.0,M,Returning,November,97.14
ORD005282,4,31.37,20.0,2.0,Books,Conakri,Card,30.0,Female,Returning,March,111.8
ORD003771,5,68.0,0.0,5.0,HOME ,Nzerekore,Mobile Money,27.0,Female,returning,August,349.78
ORD007236,5,83.45,0.0,5.0, Clothing , Conakry ,Card,26.0,male,Returning,May,434.85
ORD005964,4,34.42,0.0,,toys,labe,Card,38.0,Male,New,April,154.93
ORD005851,9,84.6,0.0,3.0,Beauty,conakry,Cash ,22.0,Male,New,January,660.65
ORD007471,3,15.13,10.0,1.0,Books,Kindia,,27.0,M,New,January,39.63
ORD005062,2,25.25,0.0,,Books,conakry,Cash,,FEMALE,Returing,March,43.44
ORD002861,8,41.95,5.0,5.0,Toys,Kankan,,29.0,Female,Returning,August,335.57
ORD002364,4,114.8,0.0,4.0,Home,Conakry,Cash,58.0,Female,NEW,December,483.81
ORD004625,3,95.45,,2.0,Beauty,Conakri,Card,39.0,Male,Returning,January,227.65
ORD007322,3,28.73,0.0,3.0,Toys,Nzerekore,Credit Card,25.0,Female,Returning,September,76.94
ORD006065,2,13.5,0.0,5.0,Foood,Labe,MobileMoney,23.0,Female,New,October,27.39
ORD004124,4,,0.0,,Books,Labe,Card,42.0,Female,Returning,April,98.99
ORD000275,5,13.98,0.0,9.0,Books,Boke,Card,32.0,Female,New,November,73.17
ORD007999,4,75.92,0.0,6.0,Beuty,KINDIA,Mobile Money,-12.0,Male,New,October,296.12
ORD006277,5,178.36,0.0,5.0,Sports,Conakry,Card,23.0,Female,New,November,758.66
ORD007814,3,43.03,0.0,8.0,BEAUTY,Conakry,MobileMoney,25.0,M,New,February,124.45
ORD006399,3,,0.0,2.0,Clothing ,boke,Card,54.0,Female,New,July,152.34
ORD003383,4,18.07,20.0,,books, N'Zerekore ,card,43.0,M,new,November,57.92
ORD006734,5,89.22,10.0,5.0,clothing,Conakry, Cash ,29.0,Female,New,August,387.47
ORD009284,3,18.39,5.0,7.0,Books ,Kankan,Card,21.0,Male,New,May,49.46
ORD003705,3,21.14,15.0,3.0,Food,Nzerekore,Cash,42.0,Male,Returning,May,52.41
ORD000586,4,81.14,0.0,,home,nzerekore,,33.0,Male,new,November,324.82
ORD000838,3,70.51,,5.0,clothing,conakry,CARD,42.0,Female,New,January,163.25
ORD004807,5,122.38,10.0,3.0,Sport,Boke,card,24.0,Male,Returning,January,502.15
ORD004400,8,24.63,,7.0,Books,Conakry,card,45.0,Female,Returning,July,214.66
ORD002616,6,79.94,5.0,7.0,Clothing,nzerekore,,31.0,Female,New,July,440.58
ORD005347,4,103.61,25.0,3.0,Sports,Kindia,Mobile Money,37.0,Male,New,February,310.3
ORD007244,4,63.43,0.0,5.0,Beauty,Kindia,Cash,41.0,Female,New,November,210.61
ORD001554,5,22.93,30.0,5.0,Foood,Labe,cash,16.0,Male,Returning,November,69.25
ORD000817,5,15.71,0.0,4.0,Food,Kankan,Mobile Money,34.0,Male,New,June,68.19
ORD000303,5,82.52,0.0,3.0,Home,LABE,Card,22.0,Female,New,May,379.46
ORD002620,5,147.08,0.0,7.0,Sports,Conakry,CASH,22.0,Female,Returning,February,710.29
ORD008142,5,9.37,,7.0,Food,kankan,Cash,23.0,female,Returning,June,52.84
ORD002486,7,383.7,25.0,3.0,Electronics, Conakry,Card,,Male,Returning,November,2126.24
ORD000567,5,544.52,10.0,8.0,Electronics,Conakry,Cash,21.0,Female,RETURNING,July,2573.83
ORD001064,6,209.32,0.0,4.0,Electronics,Conakry,Cash,38.0,Female,New,May,1281.74
ORD002820,1,39.86,0.0,6.0,Toys,Conakry,Card,33.0,Female,New,June,37.16
ORD000953,5,87.88,0.0,,HOME,Kankan,Cash ,40.0,Female,new,March,386.25
ORD000160,5,,10.0,8.0,clothing,Conakry,card,24.0,Female,Returning,December,430.39
ORD000924,3,66.02,25.0,8.0,Beauty,Conakry,,53.0,Male,Returning,February,134.17
ORD007019,4,23.8,5.0,,Books,Conakry,Cash ,50.0,Male,New,July,98.73
ORD009471,5,15.68,0.0,8.0,Food,Conakry,Mobile Money,24.0,Male,New,December,85.66
ORD003943,4,38.21,20.0,4.0,Beuty,Kankan,Card,,Female,New,October,136.44
ORD007900,2,23.64,0.0,2.0,Beauty,Boke,Cash Payment,,Male,New,August,51.57
ORD001840,5,65.07,10.0,6.0,Clothing ,Nzerekore,Card,20.0,Female,Returning,October,293.38
ORD002057,5,16.23,0.0,3.0,FOOD,Kindia,Mobile Money,24.0,Male,New,October,67.37
ORD008682,2,48.24,0.0,,Clothing,Nzerekore,Card,24.0,Female,New,October,90.28
ORD003714,6,,0.0,7.0,Sports,Nzerekore,Mobile Money,35.0,Female,RETURNING,September,695.06
ORD004926,1,325.38,10.0,1.0, Electronics,Boke,,41.0,Female,new,September,275.05
ORD000386,3,12.02,10.0,1.0,Books,Boke,Card,,MALE,New,May,32.98
ORD002284,2,216.9,,4.0,Home,Conakry,Cash,41.0,Male,Returning,March,430.96
ORD001825,2,99.73,5.0,6.0,Sport,conakry,Mobile Money,37.0,Female,Returning,March,189.31
ORD005485,4,249.33,0.0,3.0,Home,Conakry,cash,32.0,Female,Returning,February,893.36
ORD004420,3,,,1.0,Beauty,Kindia,Credit Card,,Male,new,November,118.9
ORD001589,2,44.23,5.0,5.0,toys,Nzerekore,Mobile Money,40.0,Female,Returning,December,75.92
ORD002872,4,18.36,0.0,8.0,Food,Conakry,Mobile Money,31.0,Male,New,June,71.7
ORD003349,5,,0.0,5.0,TOYS,Kindia,,43.0,Female,New,May,229.95
ORD005401,7,14.19,0.0,4.0,Food,Kindia,,42.0,female,new,January,119.31
ORD004090,4,72.3,0.0,5.0,Beauty, Conakry ,Card,25.0,Male,Returning,February,289.43
ORD005889,4,312.95,5.0,9.0,Electronics,NZEREKORE,Mobile Money,,Male,Returning,April,1194.23
ORD002208,5,76.88,5.0,8.0,Clothing, Labe ,CASH,32.0,Female,New,May,435.97
ORD002797,3,500000.0,5.0,4.0,Home, Conakry ,card,57.0,Female,new,January,669.07
ORD003161,5,702.6,,6.0,Electronics,Conakry,,28.0,Male,New,May,3701.13
ORD000964,3,137.36,0.0,2.0,Home,Conakry,Mobile Money,,Female,New,June,460.53
ORD000353,4,18.25,0.0,10.0,Book,Nzerekore,card,17.0,FEMALE,New,November,77.56
ORD008991,4,9.29,10.0,6.0,Books,Kankan,Card,32.0,male,Returning,November,36.85
ORD006587,2,19.34,0.0,5.0,Cloting,Kankan,Card,36.0,Male,New,October,34.89
ORD008194,3,105.41,0.0,2.0,Sports,Kindia,Card,180.0,Female,Returning,October,307.86
ORD009014,4,,,4.0,SPORTS,Conakry,,27.0,Male,returning,November,565.92
ORD000069,2,111.26,0.0,4.0,HOME,Conakry,,25.0,Female,New,September,236.05
ORD008596,5,56.25,25.0,150.0,Clothing,Conakry,Mobile Money,39.0,Female,New,June,201.85
ORD008117,7,327.61,5.0,,electronics,Conakri,Cash,49.0,Male,Returning,November,2321.06
ORD007195,3,31.31,0.0,6.0,Beauty,Boke,Cash,18.0,Female,New,January,89.61
ORD001162,3,,20.0,4.0,Toys,Conakry,Credit Card,24.0,Female,Returning,November,100.13
ORD000219,-3,,10.0,4.0,Books,conakry,Card,29.0,Male,New,February,57.02
ORD004274,3,28.24,5.0,4.0,Books,Conakry,Cash Payment,31.0,Female,Returning,March,70.16
ORD001201,4,22.18,0.0,8.0,Food,Conakry,Card,32.0,M,New,October,74.79
ORD006073,4,42.89,250.0,7.0,Toys,Kindia,Mobile Money,33.0,Male,New,June,183.9
ORD002916,3,25.86,,7.0,Beauty, Kindia ,Mobile Money,41.0,Female,New,March,75.3
ORD001757,5,680.61,0.0,6.0,Electronics,Conakry, Cash ,19.0,Female,New,October,3505.12
ORD003487,1,69.5,30.0,4.0,Cloting,Boke,Cash ,16.0,M,New,June,53.56
ORD006703,8,77.41,25.0,5.0,Clothing,Conakri,,22.0,Female,Returning,March,497.99
ORD002720,2,122.44,10.0,3.0,Sports,Kindia,Cash,31.0,male,Returning,February,219.01
ORD002242,5,25.14,0.0,5.0,Book,Boke,cash,34.0,Female,New,May,125.04
ORD006025,4,14.39,0.0,7.0,Toy,Labe,Card,30.0,Female,Returning,February,50.46
ORD005594,2,55.16,15.0,5.0,Clothing,Kankan,Card,38.0,Male,New,July,102.51
ORD003750,6,45.05,25.0,3.0,toys, Boke ,CARD,,Male,Returning,April,195.47
ORD009207,-3,97.03,,8.0,Sports,Kankan,,50.0,Female,New,April,550.36
ORD000539,6,60.35,0.0,2.0,home,Boke ,Cash,31.0,Male,new,June,405.84
ORD001331,3,9.43,5.0,9.0,Food,NZEREKORE,Card,44.0,Female,Returning,November,28.29
ORD002304,3,78.89,0.0,5.0,Beuty,CONAKRY,Card,37.0,Female,Returning,March,265.14
ORD001613,4,1.3,,4.0,Books,CONAKRY, Card ,23.0,Male,returning,September,5.35
ORD001489,5,21.92,0.0,7.0,Books,Nzerekore,Cash,33.0,Male,Returning,July,106.73
ORD001745,3,19.32,0.0,3.0,Food,kankan,Card,23.0,Female,Returning,November,64.53
ORD009406,5,57.99,0.0,7.0,Beauty,Kankan,,16.0,Female,Returning,November,283.98
ORD000098,3,57.24,0.0,4.0,Clothing,kankan,Mobile Money,25.0,FEMALE,Returning,June,196.62
ORD001394,3,427.1,20.0,4.0,Electronics ,Kindia,Mobile Money,36.0,Male,Returning,April,899.88
ORD005406,6,18.59,0.0,6.0,Clothing,nzerekore,Mobile Money,33.0,Female,returning,November,105.76
ORD003646,7,24.39,5.0,4.0, Books ,Kindia,CASH,29.0,female,New,January,180.85
ORD005963,3,230.35,5.0,,Electronics,Boke,Credit Card,39.0,Female,Returning,May,624.5
ORD003801,5,49.59,15.0,6.0,Beauty,Conakry,Mobile Money,16.0,Female,NEW,May,223.56
ORD009240,3,,,1.0,Beauty,Kankan,Card,16.0,Female,NEW,December,76.14
ORD002813,5,,10.0,10.0,Toys,Boke,Card,23.0,Male,New,April,153.17
ORD002670,2,139.09,0.0,8.0,sports, Conakry,Mobile Money,38.0,Male,New,January,265.25
ORD009110,7,96.06,20.0,2.0,Clothing,CONAKRY,Mobile Money,26.0,F,New,January,490.46
ORD007845,5,112.06,10.0,,home,Kankan,Card,46.0,Male,New,February,517.84
ORD005214,2,26.59,0.0,4.0,toys,BOKE,MobileMoney,45.0,Male,Returning,November,53.6
ORD003249,4,68.25,0.0,6.0,Cloting,KANKAN,,39.0,Male,Returning,November,256.34
ORD006864,4,77.43,0.0,5.0,Sports,labe,Cash,,Female,New,September,323.85
ORD000574,4,,0.0,1.0,beauty,Labe,CASH,29.0,Male,New,July,207.64
ORD007749,5,58.34,,4.0,Beauty,Conakry,Card,26.0,Female,new,January,307.56
ORD008889,3,75.1,0.0,3.0,Home,Conakry,Cash,29.0,Female,New,February,241.64
ORD005508,4,40.47,0.0,8.0,Toys,Kankan,MobileMoney,47.0,F,Returning,December,156.65
ORD001557,5,57.3,0.0,3.0,Toys,Conakry,Card,180.0,Male,Returning,March,305.98
ORD007266,6,24.23,5.0,3.0,Toy,Conakry,Mobile Money,,Male,Returning,August,135.9
ORD002599,5,,5.0,6.0,Books,Nzerekore,Mobile Money,,Male,Returning,March,60.99
ORD005168,2,16.96,20.0,3.0,Books,boke,Cash,16.0,Female,New,March,30.89
ORD004158,9,,25.0,4.0,Sport,Boke,Card,21.0,Male,Returning,November,572.42
ORD002188,9,12.19,0.0,5.0,Food,Nzerekore,Mobile Money,32.0,Female,Returning,April,114.63
ORD004023,8,28.12,20.0,,FOOD,Conakry,,26.0,Female,new,April,149.19
ORD008454,6,42.2,5.0,3.0,Toys,KANKAN,Mobile Money,36.0,male,Returing,May,239.09
ORD008475,3,188.69,0.0,2.0,Home,Conakry,,29.0,Male,NEW,October,536.09
ORD000259,3,,0.0,5.0,Home,Nzerekore,Cash,28.0,Male,New,July,245.14
ORD002665,3,23.95,5.0,3.0,Clothing,Boke,Mobile Money,21.0,Male,New,September,59.4
ORD009136,4,67.18,10.0,3.0,Sports,Boke,Mobile Money ,,Female,New,July,254.52
ORD003234,3,181.59,0.0,2.0,Home,KINDIA,Card,33.0,Male,New,July,544.06
ORD008918,7,14.28,20.0,4.0,Books,Kindia ,Card,34.0,Female,New,July,78.14
ORD007015,8,21.02,10.0,7.0,FOOD,KANKAN,MOBILE MONEY,30.0,Male,New,December,129.39
ORD009048,4,64.59,0.0,9.0,Clothing,Kankan,Cash Payment,,Female,Returning,October,197.19
ORD005249,4,63.22,10.0,2.0,Clothing,Kankan,Mobile Money,16.0,Male,Returning,March,203.33
ORD005443,2,129.69,5.0,,sports,Boke,Mobile Money ,25.0,Male,Returning,February,225.4
ORD008248,9,523.85,0.0,4.0,Electronics,Conakry,Credit Card,35.0,Female,New,December,4643.38
ORD003615,4,65.19,0.0,4.0,Beauty,Conakri,Card,41.0,female,Returning,February,297.41
ORD009265,3,40.5,0.0,,Clothing,Nzerekore,Mobile Money,38.0,Female,Returning,April,125.04
ORD002215,3,372.44,0.0,4.0,Electronics,Labe,Mobile Money,32.0,FEMALE,New,July,1138.94
ORD005458,3,118.51,0.0,7.0,Sports,Kindia,Card,39.0,Female,New,June,347.09
ORD002936,6,39.66,5.0,4.0,Toys,Kindia,,19.0,Male,Returning,July,250.05
ORD000889,3,76.48,0.0,6.0,Cloting,Conakry,,30.0,Male,Returning,March,265.32
ORD002955,5,170.88,0.0,2.0,Home,Conakry,mobile money,30.0,Male,New,June,847.59
ORD001688,5,103.42,20.0,6.0,HOME, Kankan ,cash,,M,Returning,November,449.35
ORD001820,3,8.5,0.0,7.0,BOOKS,KINDIA,Card,22.0,Male,New,July,24.47
ORD003704,5,21.99,10.0,7.0,Books,Conakry,CARD,33.0,male,Returing,July,89.06
ORD001973,6,33.02,25.0,3.0,toys,Kankan,,36.0,Male,New,May,145.77
ORD008114,4,-40.0,20.0,4.0,Electronics,Conakry,Cash,24.0,female,New,January,476.23
ORD008188,3,305.46,0.0,6.0,Electronics ,Conakry,Card,28.0,Female,Returning,December,953.74
ORD008907,6,60.41,0.0,5.0,Clothing,Boke,Mobile Money,39.0,F,New,July,355.73
ORD005153,3,9.26,10.0,,Books,kankan,Mobile Money,16.0,Male,New,April,24.33
ORD007872,3,15.79,0.0,7.0,Food,Nzerekore,Mobile Money,,Female,New,September,47.12
ORD009066,3,13.67,20.0,5.0,Books,NZEREKORE,Mobile Money,40.0,Male,NEW,April,32.6
ORD004714,4,8.86,15.0,2.0,Books,Kindia,Cash,,Female,New,April,33.41
ORD008316,7,26.19,,2.0,Books,Kankan,Mobile Money,44.0,Male,Returning,January,197.05
ORD009244,3,23.99,,3.0,Books,Conakry,Mobile Money,33.0,M,Returning,July,63.56
ORD009316,2,119.74,5.0,4.0,Sports,Kindia,Cash Payment,24.0,Female,New,August,230.68
ORD000981,5,24.02,0.0,2.0,Book,Nzerekore,,20.0,Female,New,April,128.63
ORD007833,1,54.28,0.0,6.0,Beauty, Conakry , mobile money ,36.0,M,Returning,May,50.59
ORD005504,7,20.04,0.0,5.0,Food,Kankan,Cash,27.0,Male,New,April,140.75
ORD007262,5,448.73,15.0,3.0,Electronics,Conakry,Mobile Money,40.0,Female,New,February,1560.93
ORD007224,4,,0.0,,Eletronics,Conakry,Cash,,Female,Returning,July,168.08
ORD008368,3,32.83,0.0,2.0,Books,Labe,Cash,42.0,F,New,April,92.78
ORD000582,4,27.65,30.0,3.0,Books,Boke,Card,25.0,Male,Returning,July,72.2
ORD005291,4,52.29,25.0,7.0,Beauty ,Conakry,,27.0,Male,New,October,147.69
ORD002877,2,240.25,0.0,6.0, Electronics ,Kankan,Card,34.0,Female,NEW,October,462.85
ORD007136,3,500000.0,20.0,5.0,Home,Kindia,MobileMoney,29.0,Male,New,February,299.24
ORD009192,4,38.2,10.0,1.0,Clothing,Kankan,CARD,27.0,Female,New,October,132.89
ORD005976,3,62.16,0.0,3.0,Home,Nzerekore,,32.0,Female,Returning,October,203.32
ORD001862,3,39.69,25.0,7.0,Beauty,NZEREKORE,Card,30.0,Female,Returning,February,88.61
ORD005447,2,215.31,0.0,7.0,Electronics,Conakry,Card,42.0,Male,New,August,446.07
ORD003576,4,132.9,15.0,5.0,Home,Kindia,Card,24.0,Female,New,May,429.26
ORD002811,5,82.84,0.0,8.0,BEAUTY,Conakry,Mobile Money,27.0,MALE,new,September,465.72
ORD004506,8,147.96,5.0,4.0,Sport,Conakry,Cash,37.0,Male,New,January,1026.92
ORD004772,3,314.38,0.0,5.0,Electronics ,N'Zerekore,cash,43.0,Male,New,December,849.67
ORD000298,3,19.43,15.0,2.0,Toy,Kankan,CASH,42.0,Male,New,June,51.99
ORD000926,3,25.64,15.0,5.0, BOOKS ,Labe,Card,40.0,Male,New,July,78.07
ORD001591,5,144.86,15.0,3.0,Home,Boke,Credit Card,34.0,Male,Returning,December,654.82
ORD007766,6,13.79,0.0,5.0,food,Kindia,Cash,32.0,Female,new,April,78.33
ORD007491,3,12.91,,4.0,Books,N'Zerekore,,46.0,Female,RETURNING,January,36.55
ORD001308,1,126.57,10.0,2.0,Sports,CONAKRY,Cash Payment,38.0,Male,Returning,August,104.13
ORD007038,7,77.93,0.0,2.0,SPORTS,Conakry,Mobile Money,38.0,Female,Returning,November,538.82
ORD004768,4,92.41,20.0,4.0,Sports,labe,CARD,18.0,Male,Returing,October,269.52
ORD001673,2,500000.0,10.0,,Books,conakry,mobile money,46.0,Male,Returning,February,56.73
ORD002230,6,137.74,0.0,4.0,Sports,Kindia,MOBILE MONEY,180.0,Female,New,August,876.1
ORD009478,250,92.77,0.0,5.0,Home ,Kankan,Mobile Money,37.0,F,New,October,169.93
ORD000294,3,41.74,15.0,4.0,Beauty,Nzerekore,Card,42.0,Male,Returning,September,114.91
ORD006346,1,141.08,0.0,,home,Boke,Card,25.0,Female,New,November,146.88
ORD004223,3,28.57,0.0,4.0,Beauty,Kindia,Cash,38.0,Female,New,October,82.91
ORD002580,4,67.76,0.0,1.0,Beauty,Kindia,Cash,23.0,Male,Returning,December,255.54
ORD007576,2,134.62,0.0,5.0,HOME,Kankan,Mobile Money,38.0,male,NEW,March,280.99
ORD006344,3,15.7,0.0,7.0,BOOKS,boke,Cash,38.0,male,New,August,42.44
ORD008315,4,22.84,0.0,1.0,Beauty,Kankan,Card,39.0,Female,New,February,93.08
ORD000693,2,500000.0,0.0,3.0,Beauty,KINDIA,Card,34.0,Male,New,March,57.82
ORD000687,250,290.91,0.0,3.0,Eletronics,Labe,Cash,20.0,M,Returning,January,1126.65
ORD000818,5,68.85,0.0,8.0,Sports,Boke,Cash,29.0,Female,New,March,316.25
ORD000217,3,84.6,20.0,2.0,clothing,Boke,,35.0,Male,Returning,January,210.99
ORD007935,2,11.42,20.0,5.0,Food,Boke,CASH,39.0,Male,New,September,19.16
ORD003890,2,592.9,0.0,4.0,Electronics,Conakry,Cash,35.0,female,New,July,1129.84
ORD000323,4,-40.0,5.0,4.0,Sports,Nzerekore,Mobile Money,21.0,Female,new,January,391.75
ORD006105,2,21.27,0.0,,Books,Conakri,Credit Card,38.0,Male,New,July,42.38
ORD000479,6,38.47,0.0,7.0,Cloting,Labe,,17.0,Female,RETURNING,September,221.27
ORD005379,6,,5.0,,Sports,Kankan,,41.0,Female,new,November,398.92
ORD005701,7,76.07,10.0,5.0,Sports,Kankan,MOBILE MONEY,28.0,female,New,July,471.46
ORD001890,4,16.99,0.0,5.0, Food ,Conakry,Mobile Money,16.0,FEMALE,New,June,70.8
ORD005763,7,79.44,0.0,, home ,Nzerekore,Card,29.0,Female,New,December,602.32
ORD000813,2,74.41,15.0,2.0,Beauty,BOKE,Card,19.0,male,NEW,July,130.94
ORD007434,3,20.62,0.0,3.0,Books,Boke, Cash ,24.0,Female,RETURNING,January,56.93
ORD004347,6,88.16,30.0,4.0,Home,Labé,Mobile Money,35.0,Female,Returning,February,366.71
ORD006222,7,71.43,0.0,5.0, Clothing ,Labe,CASH,,Female,Returning,July,473.97
ORD003057,2,22.75,0.0,5.0,Beauty,Conakri,Card,31.0,female,New,February,51.92
ORD002376,2,62.35,15.0,1.0,Sport, Conakry,Mobile Money,18.0,Female,Returning,March,120.52
ORD004070,4,,0.0,2.0,toys,Labe,Cash,18.0,Female,New,November,177.35
ORD002033,5,60.83,0.0,3.0,Clothing,Conakry,Mobile Money,43.0,Male,Returning,March,343.79
ORD000968,4,115.62,0.0,3.0,Clothing,Conakry,cash,41.0,Female,new,January,399.82
ORD009374,3,69.42,15.0,5.0,Beauty,Kindia,Cash,16.0,Female,Returning,August,173.76
ORD000973,5,47.88,0.0,3.0,Toy ,Kindia,Mobile Money,39.0,Male,Returning,October,220.84
ORD006332,6,25.38,250.0,2.0,Books,Conakry,MOBILE MONEY,43.0,Male,Returning,February,146.39
ORD002705,7,56.57,0.0,6.0,beauty, Conakry ,Mobile Money,31.0,Female,new,May,442.18
ORD006300,4,45.31,15.0,,Toys,Conakry,Cash ,28.0,Female,Returning,December,173.37
ORD007861,2,78.36,5.0,6.0,Sports,CONAKRY,Cash,21.0,Female,New,December,151.46
ORD003375,3,116.23,0.0,7.0,Sports,Kankan,Cash,37.0,M,RETURNING,July,354.97
ORD009082,10,121.76,20.0,4.0,Sports, Conakry,Card,38.0,F,New,August,1023.82
ORD005602,1,19.06,15.0,3.0,Foood,BOKE,MOBILE MONEY,27.0,Female,New,January,13.61
ORD002952,2,76.67,5.0,8.0,Toys,Conakry,CARD,33.0,Male,New,March,143.34
ORD008702,3,31.31,10.0,6.0,Toys,Kindia,CARD,36.0,M,Returning,April,75.87
ORD000123,5,50.85,10.0,5.0,Toys,Conakri,Card,36.0,Male,New,October,239.95
ORD007217,4,38.99,0.0,5.0,Sport,Conakry,Card,21.0,Female,Returning,January,149.2
ORD007545,3,168.0,0.0,1.0,Home,Labe,Cash Payment,45.0,Male,New,September,544.97
ORD002101,4,22.53,0.0,8.0,Toys,kankan,Card,40.0,Female,New,August,94.76
ORD000870,2,28.39,10.0,4.0,BEAUTY,Boke,Card,20.0,Male,New,August,51.55
ORD006791,3,15.42,20.0,5.0,Food,Labe,cash,33.0,Female,Returning,September,40.05
ORD001999,3,71.54,15.0,7.0,Sports,Nzerekore,MOBILE MONEY,22.0,Female,Returning,October,178.0
ORD003591,1,417.33,,4.0,Electronics ,KANKAN,Mobile Money,48.0,Female,new,November,350.24
ORD001157,5,19.65,0.0,6.0,Books,Conakry,,22.0,Female,Returning,June,98.17
ORD003157,6,26.44,10.0,5.0,Toys,Nzerekore,card,40.0,Male,Returning,January,150.58
ORD004429,2,100.5,5.0,3.0,Electronics,KINDIA,Cash,180.0,Female,New,April,202.22
ORD005689,2,240.96,10.0,4.0,ELECTRONICS,Boke,Card,33.0,Female,Returning,July,372.02
ORD006481,6,45.57,,3.0,beauty,Labe,Cash,31.0,Female,Returning,January,251.56
ORD001576,8,66.47,5.0,4.0,CLOTHING,Conakry,Mobile Money,41.0,F,Returning,May,535.31
ORD009672,5,67.26,,6.0,Clothing,KINDIA,Cash,42.0,Male,New,December,326.69
ORD008254,3,260.97,0.0,9.0,Electronics,Conakry,cash,21.0,Female,Returning,November,896.08
ORD000473,6,61.69,0.0,7.0,BEAUTY, Conakry,Cash,16.0,Male,NEW,July,361.69
ORD004998,4,22.4,,7.0,Books,Conakry,card,,Female,New,August,82.64
ORD003584,3,122.12,0.0,7.0,Sports,Conakry,Credit Card,24.0,Male,RETURNING,June,402.3
ORD002933,6,13.88,,2.0,Food,Boke,Credit Card,34.0,Male,Returning,October,69.18
ORD005426,2,123.9,20.0,5.0,Clothing,Conakry,Card,23.0,F,Returning,June,180.6
ORD008752,5,299.37,5.0,,Eletronics,KANKAN,Card,20.0,Male,New,December,1636.42
ORD003389,4,39.82,0.0,2.0,Beuty,KINDIA,Cash,30.0,Male,New,June,167.16
ORD002181,3,365.86,-20.0,1.0,Electronics,conakry,Mobile Money,18.0,Female,Returning,June,906.38
ORD004744,5,36.85,0.0,7.0,Clothing,Conakry,card,48.0,Male,New,May,204.51
ORD009420,3,55.41,10.0,7.0,Beuty, Conakri ,,16.0,M,Returning,November,146.88
ORD007126,4,12.55,15.0,4.0,Food,KINDIA,Cash,37.0,Female,New,April,43.04
ORD005489,2,33.36,20.0,3.0,TOYS, kankan ,Card,42.0,M,Returning,January,56.01
ORD001150,3,464.83,0.0,3.0,Electronics,Boke,Mobile Money,,Male,Returning,December,1428.22
ORD001161,5,-40.0,0.0,2.0,Sports,Conakri,CASH,27.0,M,New,July,776.08
ORD008001,2,41.46,10.0,3.0,Beauty,NZEREKORE,Card,27.0,Female,New,June,85.4
ORD000257,2,72.34,15.0,3.0,Clothing,Labe,Card,34.0,Male,New,March,136.45
ORD000794,4,114.96,0.0,5.0,Clothing,Conakry,,43.0,female,New,May,458.65
ORD004874,6,15.52,10.0,5.0,BOOKS,Boke,Cash,24.0,Female,New,October,98.54
ORD006198,8,177.7,5.0,,Electronics,Conakri,Cash,45.0,Female,Returning,June,1423.72
ORD003856,4,267.38,0.0,6.0,Electronics,Conakry,Cash,45.0,Male,new,July,1037.62
ORD000558,4,66.06,5.0,6.0,Sports,Boke,CASH,22.0,Female,Returning,June,231.66
ORD002900,3,14.61,10.0,2.0,Food,Kindia,Card,,male,Returning,April,40.65
ORD003221,3,147.82,,4.0,Sports,Boke,Cash,35.0,Female,Returning,October,414.55
ORD000262,5,457.89,10.0,3.0,Electronics,Conakry,CASH,32.0,Male,Returning,August,2093.03
ORD003741,6,,0.0,5.0,toys,Kindia ,Mobile Money,26.0,Female,New,February,98.74
ORD006763,3,352.44,15.0,, Electronics ,Labe,Card,42.0,MALE,Returning,January,930.55
ORD008820,5,,0.0,4.0,Books,Nzerekore,CASH,,Female,New,November,69.98
ORD007228,3,169.71,10.0,6.0,Sports,Conakry,Card,28.0,Female,Returning,June,405.07
ORD004306,2,560.52,0.0,6.0,Electronic,Kindia,Cash,61.0,Female,New,August,1238.12
ORD004305,6,500000.0,10.0,8.0, Beauty ,kindia,MOBILE MONEY ,,Female,New,February,359.7
ORD005245,1,97.41,10.0,1.0,Home,Labe,Cash,38.0,Female,New,August,82.53
ORD008801,1,25.5,0.0,3.0,Books,KINDIA,,,Female,New,September,24.41
ORD006823,6,38.45,15.0,8.0,Books,Conakry,Cash,34.0,Male,Returning,October,202.16
ORD000210,6,31.8,20.0,3.0,Beauty,Kindia,Credit Card,22.0,Male,New,August,157.81
ORD003799,5,15.69,5.0,5.0,Food,Boke,Mobile Money,41.0,Male,New,August,72.21
ORD003540,5,,-20.0,1.0,Electronics,Kankan,,39.0,Female,NEW,December,1615.21
ORD000154,2,207.66,15.0,8.0,Electronics,Conakry,Cash,29.0,Female,New,November,374.24
ORD001148,4,122.42,0.0,3.0,Hom,Kankan,Mobile Money,49.0,MALE,Returning,January,467.06
ORD001968,6,11.07,0.0,1.0,food,boke,Mobile Money,29.0,Female,Returing,August,65.28
ORD008154,3,47.62,0.0,3.0,Clothing,Nzerekore,Cash,21.0,Male,New,August,140.42
ORD002434,6,,,5.0,Beauty,Conakry,Card,54.0,Female,New,August,343.51
ORD000598,2,51.56,0.0,6.0,Beauty,Labe,Card,36.0,Male,New,April,98.92
ORD003138,6,33.29,0.0,6.0,Beauty,Nzerekore,Cash,38.0,Male,NEW,January,213.43
ORD006028,4,,15.0,4.0,Home,Conakry,Mobile Money,-12.0,Male,Returning,September,333.57
ORD004777,4,83.5,0.0,5.0,Clothing,KANKAN,MobileMoney,39.0,Male,New,January,306.85
ORD009268,4,56.46,0.0,5.0,Toys,Conakry,Card,42.0,Male,Returning,November,208.07
ORD001566,6,56.3,0.0,4.0,Beauty,LABE,CASH,,Male,Returning,December,331.89
ORD006247,4,115.04,0.0,150.0,Home,kindia,Cash,41.0,Female,New,July,407.21
ORD007404,5,31.36,0.0,4.0,BEAUTY,Kindia,,,Female,new,July,164.0
ORD006449,3,532.14,10.0,,Eletronics,Boke,MOBILE MONEY,39.0,Male,New,June,1584.82
ORD009179,4,18.82,0.0,7.0,Foood,BOKE,,40.0,Male,New,October,76.17
ORD007305,8,209.28,0.0,5.0,Home,conakry,MobileMoney,23.0,Female,New,November,1580.24
ORD008418,3,10.36,0.0,4.0,FOOD,Conakry,Card,51.0,Female,New,December,31.87
ORD009430,3,14.93,15.0,8.0,Books,Kankan,Mobile Money,49.0,Female,new,March,34.87
ORD002244,3,101.08,0.0,,Clothing,Conakry,cash,27.0,Male,New,March,293.39
ORD001361,6,16.45,0.0,5.0,Food,Kindia,,31.0,Female,returning,September,110.18
ORD003305,2,11.45,20.0,8.0,Food,Boke,mobile money,16.0,Male,Returning,November,19.13
ORD002325,2,12.78,0.0,6.0,Beauty,Conakry,,31.0,F,Returning,July,20.83
ORD008041,3,46.73,,6.0,Beauty,conakry,CASH,17.0,Female,Returning,April,99.39
ORD001481,2,81.62,10.0,7.0,Home ,Nzerekore,Card,49.0,Male,Returning,July,148.01
ORD001834,5,59.57,0.0,3.0,BEAUTY,conakry,Cash,25.0,Female,Returning,March,334.44
ORD003662,6,287.02,0.0,5.0,Electronics,Conakry,Mobile Money,20.0,MALE,Returning,September,1772.83
ORD007695,4,51.59,0.0,8.0,Beauty,Labe,Mobile Money,20.0,FEMALE,New,July,199.58
ORD005124,6,126.75,0.0,4.0,Sports,KINDIA,Mobile Money,32.0,Male,Returning,February,804.42
ORD004188,7,17.86,25.0,4.0,Books,CONAKRY,Mobile Money,33.0,Male,New,September,92.59
ORD007472,3,279.75,20.0,6.0,Electronics,Nzerekore,Mobile Money,34.0,Female,New,May,675.49
ORD007655,-3,229.25,0.0,4.0,Electronics,Kankan,Cash,32.0,Male,returning,February,435.57
ORD008886,5,24.06,15.0,5.0,Books,Kindia,,47.0,Female,Returning,November,104.96
ORD005242,3,51.28,0.0,6.0,Sports,Nzerekore,Cash,28.0,Female,New,October,168.11
ORD009532,3,116.57,0.0,6.0,home,Nzerekore,Mobile Money,38.0,Male,RETURNING,May,364.33
ORD005835,2,41.69,0.0,7.0,Beauty,Kindia,Cash,23.0,Male,New,May,80.24
ORD001187,2,43.38,0.0,5.0,Clothing,kankan,Card,37.0,Female,New,June,74.4
ORD001908,1,16.43,0.0,2.0,Books,Boke,Credit Card,33.0,M,Returning,September,17.47
ORD004089,2,353.91,30.0,4.0,Electronics,Conakry,Cash,42.0,Male,New,October,484.52
ORD002478,1,14.34,0.0,3.0,Food,kindia,CASH,37.0,Male,New,November,16.83
ORD008209,2,16.95,0.0,3.0,Beauty,Labe,Mobile Money,29.0,Female,Returning,November,35.02
ORD009605,3,19.8,0.0,4.0,Food ,Conakry,Cash,30.0,Male,New,June,61.69
ORD006848,5,28.25,10.0,3.0,Book,Conakry,Card,41.0,Male,New,May,131.65
ORD001487,5,159.76,0.0,3.0,Home,Conakry,Cash,38.0,Male,Returning,June,736.09
ORD001677,3,32.17,5.0,6.0,Books,Conakry,,16.0,Female,Returning,December,101.06
ORD002354,2,103.96,0.0,2.0,HOME,Boke,Mobile Money ,48.0,Female,New,July,208.65
ORD008849,6,290.45,0.0,7.0,Electronics,Labe,Cash ,41.0,Female,New,March,1581.18
ORD001572,-3,169.43,20.0,4.0,Home,Conakry,Credit Card,27.0,Female,Returning,December,264.86
ORD005516,4,24.44,0.0,1.0,Beauty,kindia,Card,28.0,Female,New,January,103.17
ORD004496,3,69.48,0.0,5.0,beauty,Kankan,MOBILE MONEY,30.0,Male,New,November,213.73
ORD000619,5,11.03,15.0,5.0,Food,LABE,card,27.0,Male,Returning,June,43.78
ORD006224,7,,15.0,5.0,SPORTS,Labe,Card,31.0,F,Returning,February,416.76
ORD006881,6,346.74,10.0,1.0,Electronics ,Boke,Cash,16.0,Male,New,November,1603.77
ORD002848,3,19.01,5.0,9.0,Foood,Kankan,Cash,37.0,Male,Returning,February,55.22
ORD000868,3,296.68,0.0,7.0,Electronics,Boke,Card,31.0,Male,New,May,851.33
ORD002508,7,250.02,0.0,6.0,Electronics,kindia,Card,21.0,male,Returning,January,1842.42
ORD004983,4,16.66,10.0,5.0,BOOKS, Kindia ,Card,21.0,Male,New,May,53.33
ORD004696,5,14.52,0.0,4.0,Books,KINDIA,Card,,Male,New,May,76.64
ORD008040,6,133.92,15.0,8.0,HOME,KINDIA,Card,34.0,Female,New,March,694.85
ORD004419,1,22.07,0.0,8.0,Food,Conakry,MobileMoney,31.0,female,New,May,23.93
ORD007004,8,32.06,0.0,,Clothing,Kankan,CASH ,35.0,Female,New,August,232.28
ORD008650,4,18.04,20.0,4.0,Books,Kankan,Cash,42.0,Female,New,May,58.89
ORD007707,4,40.25,0.0,5.0,Toys,kindia,Mobile Money,22.0,Female,New,January,160.06
ORD000791,3,17.56,0.0,4.0,FOOD,Conakry,cash,17.0,Female,Returning,January,56.99
ORD007786,4,36.08,0.0,6.0,TOYS,Kankan,card,25.0,Male,New,July,151.61
ORD007451,7,,0.0,2.0,Cloting,LABE,Mobile Money,36.0,Male,New,November,432.69
ORD003823,6,331.0,15.0,5.0,Electronics,Labé,Cash,25.0,Female,New,November,1551.8
ORD007516,5,,5.0,6.0,Home,kindia,mobile money,46.0,Male,New,June,659.5
ORD007830,6,16.43,0.0,3.0,BOOKS,Conakry,Card,42.0,Female,Returning,August,87.2
ORD009577,6,20.8,0.0,6.0,Beuty,Nzerekore,Card,38.0,Male,Returning,September,127.94
ORD002809,4,12.34,5.0,6.0,Foood,Kindia,Mobile Money,41.0,Female,Returing,August,43.46
ORD005051,5,369.81,,6.0,Electronics,Labe,Mobile Money,42.0,Female,New,September,1499.13
ORD003519,2,13.6,15.0,4.0,Food,Labe,Cash,30.0,Male,New,September,20.01
ORD008926,4,55.42,30.0,5.0,Toys,Conakry,Mobile Money,32.0,Male,Returning,November,151.79
ORD003959,4,372.17,0.0,4.0,Electronics ,BOKE,Card,48.0,FEMALE,New,December,1620.64
ORD007345,7,32.86,10.0,,Toys, kindia ,Card,20.0,Male,Returning,July,214.02
ORD002134,4,,5.0,3.0,Beauty,Kankan,Card,30.0,Male,Returning,March,135.23
ORD005053,5,14.64,-20.0,6.0,Toys,Labe,Mobile Money,26.0,Male,NEW,November,70.36
ORD008405,5,82.9,,5.0,Sports,Kindia,Mobile Money,33.0,Female,New,March,414.75
ORD002280,4,41.11,10.0,4.0,toys,Labe,Mobile Money,36.0,Male,New,April,130.48
ORD000660,2,28.27,20.0,4.0,Books,Conakry,Card,24.0,Male,New,March,40.19
ORD002431,5,126.22,0.0,3.0,Home,Boke,Card,40.0,Male,New,January,619.41
ORD003752,2,13.87,0.0,3.0,Home,Boke ,Cash,24.0,Female,Returning,July,28.94
ORD009520,1,62.55,0.0,4.0,Clothing,Kindia,Credit Card,37.0,Male,New,July,62.3
ORD002592,4,85.63,0.0,4.0,Clothing,Conakry,,,Female,New,July,319.8
ORD006316,8,27.17,0.0,5.0,HOME,Labe,Cash ,34.0,Male,Returning,March,214.01
ORD000643,5,,0.0,6.0,Sports,Labe,Cash Payment,8.0,Male,New,August,381.69
ORD000169,3,46.55,5.0,6.0,Cloting,Conakry,CARD,22.0,FEMALE,Returning,December,137.1
ORD001801,250,93.08,0.0,4.0,Sports,Conakry,Cash Payment,,Female,New,November,387.19
ORD003395,2,10.9,0.0,4.0,Food,Nzerekore,Card,46.0,Female,Returning,June,24.25
ORD001918,5,23.35,0.0,8.0,Foood, Conakry,,8.0,Female,Returning,March,125.31
ORD000273,7,7.39,0.0,3.0,Food,Nzerekore,Mobile Money,,female,New,April,47.62
ORD004339,4,98.02,,9.0,HOME,LABE,CARD,37.0,Male,Returning,November,375.53
ORD000495,5,70.37,0.0,1.0,Sports,Nzerekore,Mobile Money,35.0,Female,Returning,April,356.79
ORD006789,5,256.76,0.0,6.0,Electronics,Labe,Card,53.0,Male,Returning,May,1316.35
ORD001913,3,,0.0,5.0,ELECTRONICS,Kankan,Cash,40.0,Female,Returning,November,605.81
ORD003647,2,362.7,10.0,3.0,Electronics,boke,Card,34.0,Female,returning,April,613.68
ORD008231,4,,15.0,1.0,Food,Labe,Card,39.0,Female,Returing,August,50.51
ORD000307,2,6.98,0.0,6.0,Books,Kankan,Mobile Money,30.0,Female,Returning,September,14.52
ORD004103,2,88.18,5.0,2.0,Clothing,Kindia,card,32.0,Male,New,March,107.69
ORD000782,4,66.04,0.0,,Clothing,Kindia,Mobile Money,21.0,Male,Returning,July,281.8
ORD005287,1,20.82,5.0,2.0,Book,KANKAN,Mobile Money,38.0,MALE,New,November,20.94
ORD000535,3,36.52,0.0,5.0,BEAUTY, Conakry,mobile money,36.0,Male,Returning,August,84.54
ORD000584,2,27.14,0.0,8.0,Toys,Conakry,Cash,28.0,Male,New,September,53.53
ORD001301,3,36.61,0.0,6.0,Clothing,Conakry,,26.0,F,New,November,116.96
ORD007061,1,17.76,0.0,4.0,Food,Labe,,28.0,Female,New,February,16.01
ORD007496,2,20.08,0.0,,Toy, Kindia ,,30.0,male,Returning,June,37.76
ORD008242,3,58.5,25.0,7.0,Toys ,Kindia,mobile money,18.0,Female,New,May,126.63
ORD000317,5,23.08,0.0,3.0,toys,Boke,Mobile Money,16.0,FEMALE,New,May,120.32
ORD006511,7,11.44,0.0,9.0,Food,Kindia,Mobile Money,35.0,Male,Returning,May,79.32
ORD002565,3,22.9,15.0,,Toys,labe,MOBILE MONEY,31.0,Female,Returning,June,65.54
ORD001795,2,35.86,15.0,5.0,Toy,labe,Card,37.0,Male,Returning,April,67.73
ORD006678,4,79.75,,3.0,Home,Nzerekore,Mobile Money,16.0,Female,NEW,July,346.64
ORD009650,3,324.5,0.0,2.0,Electronics,BOKE,Mobile Money,47.0,Male,Returning,April,1007.63
ORD008464,4,62.32,10.0,5.0,Home,Kankan,Card,18.0,Male,Returning,December,252.5
ORD000549,6,108.7,10.0,3.0,Electronics,N'Zerekore,Cash,24.0,F,Returning,April,635.64
ORD001693,3,38.54,0.0,5.0,Clothing,kankan,Mobile Money,33.0,Male,Returning,July,118.45
ORD003526,5,17.02,5.0,1.0,Toys,Kankan,MobileMoney,40.0,Male,New,September,75.87
ORD003013,4,43.76,,7.0,Clothing,Nzerekore,,44.0,FEMALE,Returning,June,169.82
ORD001631,4,263.96,10.0,6.0,Electronics,Nzerekore,CARD,17.0,Male,Returning,July,780.75
ORD002391,3,88.52,,, Sports ,boke,CARD,32.0,Male,New,November,180.2
ORD004695,7,300.98,0.0,3.0, Electronics ,Kankan,Cash,32.0,Male,Returning,June,2298.59
ORD009087,3,,0.0,5.0,Books,Conakry,Cash,34.0,Male,New,April,28.36
ORD007705,4,,,2.0,Clothing,Conakry,Cash,40.0,Male,New,November,253.66
ORD004488,6,28.33,0.0,4.0,sports,Kindia,Card,19.0,Male,Returning,May,176.08
ORD001260,6,33.97,10.0,3.0,Toys,Labe,Card,39.0,Male,Returning,September,170.22
ORD008023,4,,0.0,4.0,Home,Kindia,Mobile Money,16.0,MALE,RETURNING,December,466.36
ORD000810,4,118.91,10.0,3.0,Clothing,CONAKRY,,26.0,Female,New,May,451.47
ORD006389,4,9.19,0.0,7.0,Book,Conakry,Cash,,Male,Returning,November,35.07
ORD001050,4,9.42,10.0,3.0,Toys,Kankan,Card,,Male,Returing,February,35.08
ORD007391,5,24.82,5.0,6.0,Toys,boke,Mobile Money,43.0,Female,New,January,137.93
ORD000108,4,180.53,0.0,3.0,home,Nzerekore,Card,33.0,Female,New,August,750.57
ORD006250,7,20.36,0.0,5.0,Food,boke,CASH,45.0,Female,New,November,137.73
ORD008866,2,97.79,0.0,9.0,Sports,Conakry,Card,45.0,Female,Returning,January,189.65
ORD006787,3,15.74,5.0,4.0,Food,Kindia,Mobile Money,31.0,Female,returning,June,42.14
ORD009459,4,162.94,15.0,4.0,Hom,Kankan,Cash Payment,16.0,Female,New,December,488.71
ORD004606,3,438.14,0.0,3.0,Electronics,Conakry,Card,27.0,Male,Returning,December,1064.18
ORD009282,6,136.56,0.0,,Sports,Kankan,Mobile Money,28.0,Male,New,July,887.09
ORD005456,7,107.95,0.0,7.0,Clothing,Conakry,mobile money,16.0,M,Returning,February,664.64
ORD001533,5,500000.0,0.0,6.0,Beauty,Conakry,Mobile Money,27.0,Male,New,December,291.91
ORD004963,7,312.33,0.0,7.0,Electronics,Conakry,Card,16.0,Male,New,December,2179.39
ORD000212,6,142.37,10.0,10.0,Home,Nzerekore,CARD,23.0,Male,Returning,November,805.48
ORD003148,3,44.44,0.0,3.0,Toys,Kindia,Card,39.0,Female,Returning,February,121.83
ORD005157,4,7.77,0.0,4.0,Food,Nzerekore,,35.0,Female,Returning,January,30.31
ORD002151,2,,0.0,4.0,Food,kankan,MOBILE MONEY,16.0,MALE,NEW,October,30.23
ORD006996,2,72.61,,6.0,Sports,Kindia,MobileMoney,32.0,Female,New,March,164.65
ORD001974,4,160.27,0.0,6.0,Home,Boke,Cash Payment,40.0,Male,Returning,June,671.72
ORD004686,4,114.09,,3.0,Sports,labe,card,24.0,Female,Returing,May,465.2
ORD008183,1,322.91,0.0,,ELECTRONICS, Conakry,Mobile Money,31.0,Male,New,April,346.95
ORD007608,5,13.85,30.0,5.0,Foood,Conakry,Card,45.0,Female,New,December,49.38
ORD008839,7,29.62,25.0,, Books ,Boke,cash,29.0,Male,New,April,123.84
ORD000772,8,66.7,10.0,6.0,TOYS,Kindia,,55.0,Female,New,October,503.43
ORD007503,3,14.54,,4.0,Books,Conakry,Mobile Money,39.0,Male,Returning,November,39.85
ORD008896,5,118.3,0.0,7.0,home,Kankan,Mobile Money,26.0,Female,Returning,March,557.22
ORD001250,1,20.61,0.0,5.0,Toys,KINDIA,Cash,27.0,Male,New,January,20.87
ORD007891,7,151.57,25.0,5.0,Home,Conakry,Cash,17.0,Female,Returning,March,699.43
ORD007254,4,28.17,15.0,6.0,Books,BOKE,Mobile Money,20.0,Male,New,August,98.26
ORD009454,4,80.17,250.0,3.0,sports,Conakry,Card,25.0,M,New,October,289.05
ORD006574,2,20.15,10.0,6.0,books,Nzerekore,Card,37.0,Female,Returning,February,33.18
ORD006820,4,127.49,0.0,3.0,Sports,Conakri,Card,28.0,Male,New,June,508.12
ORD000710,2,,5.0,,Clothing, kankan ,Mobile Money,40.0,Female,New,August,65.69
ORD002673,7,52.25,10.0,,Clothing,Kankan,Cash,29.0,Female,Returning,September,330.97
ORD004515,2,72.38,,4.0,Clothing,Labe,Card,26.0,Female,New,September,130.93
ORD001462,8,139.1,0.0,3.0,Home,Kindia,Mobile Money,180.0,Male,New,July,1086.67
ORD002546,4,25.25,30.0,,Toys,Kankan,Cash,21.0,FEMALE,New,February,71.91
ORD007742,2,33.04,0.0,5.0,toys,Nzerekore,Card,20.0,Male,Returning,April,60.25
ORD007218,2,67.2,0.0,6.0,toys,Conakry,,29.0,Female,New,November,142.38
ORD008423,8,34.9,10.0,3.0,Beauty,Boke,Mobile Money,17.0,M,NEW,January,236.69
ORD001357,7,54.52,5.0,,Beauty,Boke,,46.0,female,Returning,June,384.89
ORD003012,5,401.57,0.0,4.0,Electronics,Conakry,Card,44.0,Female,Returning,September,1970.87
ORD000852,4,37.65,,5.0,Toy,nzerekore,Mobile Money,37.0,Female,New,November,137.59
ORD001005,5,11.04,0.0,6.0,Toys,Kankan,Cash,16.0,Female,New,May,52.77
ORD001835,5,216.18,0.0,1.0,home,Conakry,Cash,27.0,Male,New,February,1179.05
ORD007904,3,292.56,0.0,2.0,Electronics,Conakry,Card,35.0,male,Returning,June,808.15
ORD002797,3,500000.0,5.0,4.0,Home, Conakry ,card,57.0,Female,new,January,669.07
ORD007743,4,58.1,20.0,3.0,Clothing,Conakry,card,19.0,Female,New,November,194.07
ORD001317,5,13.57,0.0,6.0,Food,LABE,card,-12.0,Male,New,September,64.27
ORD003328,4,29.0,0.0,4.0,Beauty,Labe,Mobile Money,16.0,Female,Returning,July,122.24
ORD001624,6,,10.0,6.0,Home,KANKAN,Mobile Money,35.0,MALE,new,December,629.77
ORD003834,2,59.16,20.0,4.0,Clothing,Conakry,Mobile Money,27.0,Male,new,April,92.0
ORD005745,4,65.2,250.0,4.0,Toy,Conakry,Card,21.0,Female,New,June,248.21
ORD001279,3,23.51,10.0,3.0,Clothing,Kankan,,30.0,Female,Returning,August,67.3
ORD009246,3,7.23,0.0,5.0,Food,Labé,Cash,48.0,Male,Returning,September,21.92
ORD004146,4,5.06,15.0,1.0,Books,N'Zerekore,Card,32.0,Female,New,June,16.19
ORD008668,7,124.14,0.0,6.0,Home,Nzerekore,Mobile Money,28.0,Male,New,November,799.26
ORD003147,7,53.84,0.0,,Clothing,Kankan,MOBILE MONEY,,Female,RETURNING,February,373.08
ORD005643,6,260.26,0.0,3.0,Eletronics,Conakry,card,,Male,NEW,March,1620.19
ORD008528,1,42.11,,7.0,toys,KINDIA,CARD,30.0,M,Returning,February,39.64
ORD007140,5,42.29,0.0,2.0,Beauty,LABE,Card,29.0,Male,New,April,204.17
ORD002618,5,1.87,0.0,4.0,Beuty,conakry,CASH,34.0,Female,Returning,July,10.06
ORD003663,2,,0.0,4.0, food ,Kankan,Cash,24.0,Male,New,November,37.06
ORD000089,2,25.69,15.0,5.0,Books,Kindia,Cash,48.0,Female,Returning,July,40.15
ORD000875,5,468.67,20.0,5.0,Electronics,Labé,Card,16.0,female,NEW,January,1867.86
ORD008736,4,45.3,,,BEAUTY,Kindia,Mobile Money,51.0,Male,New,February,141.61
ORD003001,8,123.67,0.0,3.0,Electronics,Kindia, Mobile Money ,42.0,Female,New,January,1149.97
ORD002761,3,,10.0,3.0,Books, Conakry,Cash,28.0,Male,Returning,June,98.02
ORD001881,3,41.81,,2.0,Clothing, Kankan ,Cash,19.0,Male,new,July,102.48
ORD000107,3,51.32,,,beauty, Conakry,Mobile Money,21.0,Male,New,August,162.37
ORD000927,6,240.2,0.0,8.0,Electronics,Nzerekore,Cash ,31.0,Male,New,March,1529.97
ORD006366,2,28.05,0.0,4.0, Toys ,Kankan,MOBILE MONEY,28.0,Female,New,March,55.41
ORD000320,4,311.21,0.0,8.0,Electronics,Kindia,Card,24.0,Male,New,May,1119.51
ORD000879,2,,0.0,6.0,Food,Conakri,Card,31.0,MALE,New,November,29.69
ORD006774,2,44.46,-20.0,5.0,Beauty,kindia,Mobile Money,29.0,Male,New,May,74.37
ORD003995,4,270.3,10.0,4.0,Electronics,Nzerekore,Mobile Money,30.0,Male,New,March,1050.19
ORD004922,3,14.68,10.0,,Food,Boke,Credit Card,20.0,F,New,August,39.94
ORD005387,3,211.33,-20.0,3.0, Electronics ,boke,Cash,29.0,Male,New,May,687.19
ORD003079,3,301.01,0.0,4.0,Electronics,Kindia,MobileMoney,22.0,Female,New,July,874.89
ORD004731,3,65.59,20.0,8.0,Clothing,Labe,Cash,36.0,Female,Returning,April,162.0
ORD004235,7,179.56,0.0,8.0,Home,boke,MobileMoney,37.0,Male,New,December,1221.75
ORD004260,5,17.37,0.0,1.0,Food, NZEREKORE ,Cash,56.0,Female,New,August,83.77
ORD003727,7,102.41,,4.0,Clothing,Conakri,MOBILE MONEY,36.0,Female,Returning,December,659.38
ORD005441,3,184.47,,2.0,Electronics,Nzerekore,Cash,49.0,Male,New,June,619.32
ORD009238,8,9.02,0.0,3.0,Food,Nzerekore,Cash,-12.0,Male,New,July,73.55
ORD001751,5,84.32,0.0,7.0,Clothing,BOKE,Card,49.0,Male,Returning,October,483.31
ORD007692,5,,0.0,5.0,Electronics,Kankan,Mobile Money,18.0,Female,Returning,September,1187.23
ORD005152,5,91.89,0.0,4.0,Home,Nzerekore, Card ,36.0,Female,Returning,December,407.31
ORD003879,2,-40.0,20.0,2.0,Sports,Nzerekore,Credit Card,40.0,Female,RETURNING,November,225.27
ORD005865,5,108.07,,5.0, Sports ,Nzerekore,Cash,28.0,Male,Returning,June,502.32
ORD005601,3,75.61,0.0,,Home,Nzerekore,Mobile Money,44.0,MALE,New,June,175.55
ORD001044,6,122.16,250.0,2.0,Home,Kindia,Mobile Money,38.0,Female,New,August,655.63
ORD003011,4,238.95,0.0,,electronics,KINDIA,Cash,-12.0,Female,New,May,1020.45
ORD005156,5,21.14,0.0,3.0,Sports,Labe, card ,44.0,M,Returning,July,101.79
ORD006778,7,31.3,0.0,,Beauty,Kankan,card,27.0,Female,Returning,March,214.72
ORD007787,6,81.71,0.0,5.0,Clothing,Labe,Mobile Money,28.0,Female,New,August,530.05
ORD004591,8,71.03,10.0,4.0,Home,Conakry,Card,50.0,Male,New,October,540.94
ORD004752,4,12.69,0.0,1.0,Food,Conakry,Mobile Money,33.0,Female,Returning,March,51.91
ORD002965,4,17.29,10.0,5.0,Beauty,Conakri,Cash,16.0,male,New,April,58.16
ORD008834,-3,13.77,0.0,2.0,FOOD,boke,cash,25.0,Female,returning,December,45.6
ORD000138,4,19.58,0.0,2.0,Books,Labe,Cash,29.0,Male,New,July,86.05
ORD009073,4,68.9,20.0,,Sport,Boke,card,19.0,Female,Returning,December,209.25
ORD001098,3,25.04,0.0,6.0,Toys,labe,Mobile Money,48.0,Female,New,January,70.49
ORD009653,1,58.72,5.0,7.0,Cloting,Labe,Cash,35.0,Female,Returning,February,53.91
ORD006550,7,100.29,10.0,4.0,Hom,Boke,Cash Payment,18.0,Female,New,January,680.75
ORD006472,3,72.29,0.0,8.0,Cloting,Kindia,,28.0,Female,Returning,February,205.6
ORD006462,4,90.65,0.0,5.0,Sports,Kindia,Mobile Money,30.0,Female,New,July,378.68
ORD005266,3,84.77,20.0,6.0,Home,Labe,CARD,35.0,Male,Returning,November,182.93
ORD002136,3,14.34,0.0,6.0,Food,KANKAN,Cash,21.0,Female,Returning,November,43.65
ORD005459,3,47.99,0.0,1.0,Beauty,Conakry ,Cash,22.0,Male,New,May,134.12
ORD005079,7,124.36,0.0,,Home,Labe,Cash,39.0,MALE,New,January,847.03
ORD003368,4,19.24,20.0,5.0,Food,Conakry,,29.0,Male,New,May,60.44
ORD003730,1,,5.0,5.0,Sports,Nzerekore,,32.0,Female,RETURNING,July,72.22
ORD000149,6,33.89,0.0,5.0,Books,Conakry,Credit Card,30.0,Male,Returning,May,212.34
ORD000304,4,44.16,5.0,4.0,clothing,kankan,Mobile Money,46.0,Male,New,October,184.56
ORD005114,4,433.51,0.0,6.0,Eletronics,Conakri,Card,29.0,Male,New,July,1523.72
ORD005149,4,21.05,25.0,6.0,Food,KINDIA,Card,35.0,Male,New,May,64.81
ORD001271,3,46.85,0.0,5.0,Toys,Kindia,Cash ,29.0,Female,New,October,144.86
ORD001905,5,208.13,30.0,,home,Kindia,Card,44.0,Female,NEW,November,755.63
ORD002211,6,53.52,10.0,1.0,Beauty,Kindia,CASH,33.0,Male,New,March,293.98
ORD004295,2,106.16,0.0,6.0,Sports,Boke,Mobile Money,31.0,male,Returning,May,228.79
ORD003843,4,,25.0,6.0,Books,Conakry,Credit Card,39.0,F,New,February,81.58
ORD003575,4,16.29,,5.0,books,CONAKRY,Mobile Money,18.0,Female,Returning,June,68.09
ORD002876,4,67.59,10.0,6.0,Clothing,Boke,Mobile Money,48.0,Female,Returning,August,238.93
ORD005041,250,183.88,0.0,6.0,Electronics,Nzerekore,Card,45.0,Female,Returning,September,1282.56
ORD002299,2,34.74,20.0,3.0,Toys,Conakry,Cash,26.0,Male,New,June,55.22
ORD008676,1,14.54,0.0,,Books,CONAKRY,CARD,36.0,Male,returning,March,15.16
ORD008156,1,26.97,20.0,5.0,BOOKS,Conakry,,35.0,Female,Returning,July,22.95
ORD005279,7,9.77,0.0,2.0,Foood,Kindia,Mobile Money,16.0,Female,RETURNING,December,69.56
ORD005436,3,474.9,0.0,3.0,Electronics ,Conakri,Mobile Money,27.0,Female,new,January,1182.79
ORD005128,4,89.44,0.0,4.0,Sports,Kindia,MOBILE MONEY,29.0,Male,Returning,April,367.77
ORD008984,2,115.31,0.0,10.0,Sports,Labe,,22.0,Female,Returning,June,246.68
ORD006529,4,54.58,0.0,7.0,Beauty,Nzerekore,Card,29.0,MALE,new,March,213.74
ORD006895,4,-40.0,10.0,,Beauty,Labe,Cash,34.0,Male,New,August,149.65
ORD001202,6,42.82,0.0,7.0, Beauty ,KINDIA,Mobile Money,17.0,Male,RETURNING,June,283.54
ORD003769,2,10.68,0.0,5.0,Food,Labe,Cash,33.0,Female,Returning,January,22.62
ORD003430,1,17.7,5.0,7.0,Foood,Nzerekore,Mobile Money,16.0,Male,Returning,October,16.85
ORD001866,3,26.97,5.0,3.0,Clothing,Kindia,,24.0,Female,New,April,80.48
ORD005700,4,88.07,0.0,3.0,Clothing,Conakry,cash,43.0,Male,Returning,July,378.74
ORD005576,7,85.02,0.0,7.0,Sports, Conakry,Mobile Money,33.0,Male,New,October,559.35
ORD007058,3,2.02,0.0,6.0,BOOKS,Nzerekore,MOBILE MONEY,35.0,FEMALE,New,July,5.9
ORD005717,5,37.35,15.0,4.0,Toys,Boke,Cash,37.0,Female,Returning,August,192.41
ORD004999,7,50.52,5.0,,Toys,Conakry ,Card,35.0,Female,new,November,355.74
ORD002810,4,10.03,0.0,4.0,Books,Nzerekore,Credit Card,41.0,Male,Returing,September,41.77
ORD008878,6,46.33,15.0,3.0,beauty,kankan,Card,35.0,F,Returning,May,212.87
ORD004256,4,34.6,10.0,1.0,Toys,Conakri,Card,,Male,Returning,February,131.47
ORD007529,4,20.6,0.0,4.0,Books,Boke,Mobile Money,46.0,Female,returning,September,88.09
ORD008753,7,61.6,0.0,9.0,Sport,boke,Card,42.0,Male,New,June,492.55
ORD002891,6,42.22,,6.0,BEAUTY,boke,Card,47.0,FEMALE,Returning,July,252.03
ORD003501,7,61.23,0.0,5.0,toys,Conakry,Card,52.0,Male,new,November,395.4
ORD009231,6,30.8,0.0,5.0,clothing,Boke,CARD,34.0,Female,New,October,152.59
ORD003380,2,23.46,0.0,4.0,Books, Conakry,card ,23.0,Male,New,April,42.9
ORD003194,4,242.08,0.0,5.0,Electronics,Conakry,Mobile Money,17.0,Female,new,December,939.36
ORD001447,5,38.18,0.0,5.0,Books,Conakry,Card,8.0,Female,New,November,191.96
ORD001953,2,,0.0,,Clothing,Boke,Card,16.0,Female,New,April,50.28
ORD007125,2,34.14,10.0,5.0,Toys,Kindia,card,49.0,Male,NEW,November,57.06
ORD009115,5,,20.0,3.0,Food, Kankan ,Cash,50.0,Male,Returning,September,58.31
ORD001625,2,51.31,0.0,,Clothing,Conakry,Credit Card,,Male,New,August,107.4
ORD008503,2,106.65,,5.0,Clothing,boke,Cash,28.0,MALE,Returning,April,227.83
ORD006950,6,85.95,0.0,4.0,Sport,BOKE,,32.0,Female,New,November,512.74
ORD001320,3,41.32,0.0,3.0,Toys,Conakry,Mobile Money,37.0,Female,Returning,July,116.56
ORD003532,4,61.97,0.0,8.0,Sports,Nzerekore,Mobile Money,36.0,Female,Returning,August,238.72
ORD001664,4,22.39,0.0,7.0,Food,Conakry,cash,51.0,Female,Returning,August,87.48
ORD000816,6,60.57,0.0,4.0,BEAUTY,CONAKRY,Card,25.0,Female,New,March,352.83
ORD004776,4,18.32,15.0,6.0,Food,Boke,MOBILE MONEY,43.0,Male,Returning,January,68.9
ORD009616,6,19.63,10.0,6.0, Foood ,Kindia,Card,,Male,New,December,112.56
ORD001094,5,18.68,0.0,8.0,Beauty ,Kindia,Cash,43.0,Male,New,August,91.26
ORD004177,4,56.42,25.0,7.0,Beauty,Boke,cash,23.0,Female,New,March,163.24
ORD001951,4,160.76,25.0,1.0,Sports,Conakry,Cash,16.0,Male,New,May,432.23
ORD003885,1,500000.0,0.0,1.0,CLOTHING,Labe ,Card,25.0,Male,New,September,79.27
ORD009524,4,12.29,20.0,3.0,Books,KINDIA,Mobile Money,37.0,female,New,October,37.63
ORD009707,4,107.43,15.0,5.0,Sports,Kindia,Cash,28.0,Male,Returning,June,356.66
ORD002801,3,20.72,0.0,3.0,beauty,Conakry,Card,46.0,Female,Returning,January,70.8
ORD001240,3,101.56,20.0,7.0,Sport,Kindia,Mobile Money,180.0,Female,returning,August,237.59
ORD000330,4,32.78,0.0,2.0,BOOKS,Conakri,Card,34.0,Male,New,December,146.99
ORD003103,5,27.83,0.0,5.0,Books,Labe,Mobile Money,19.0,Female,New,January,135.42
ORD008435,2,9.45,0.0,,FOOD,Kindia,Cash,28.0,Female,New,May,20.18
ORD002543,4,49.48,,4.0,Beauty, kankan ,Cash,32.0,M,Returning,September,206.48
ORD004738,3,14.24,0.0,6.0,Books,Kindia, Card ,32.0,Female,Returning,June,40.4
ORD004793,4,61.52,0.0,3.0,Clothing,Nzerekore,Cash,40.0,Female,Returning,March,234.25
ORD006647,4,13.64,0.0,6.0,Toys,Conakry,Mobile Money,24.0,Male,Returning,March,53.84
ORD002819,6,12.56,0.0,6.0,Books,Boke ,Card,24.0,FEMALE,Returning,November,70.6
ORD000754,250,67.64,10.0,5.0,CLOTHING,conakry,Credit Card,44.0,Male,Returing,September,184.98
ORD004532,4,31.15,10.0,6.0,food,Conakry,Cash,27.0,male,New,June,114.67
ORD001564,3,100.48,,4.0,Clothing,Boke,,180.0,Female,New,September,283.13
ORD001935,1,29.9,20.0,7.0,Toy,Kankan,Cash,51.0,Female,New,March,23.83
ORD007208,4,107.55,0.0,4.0,Home,nzerekore,Card,26.0,Female,New,November,436.0
ORD002977,3,23.72,20.0,4.0,Books ,Kankan ,Mobile Money,28.0,Female,Returing,October,51.31
ORD003494,2,43.23,,8.0,Toys, Conakry ,Card,33.0,Male,Returning,July,86.39
ORD007713,4,25.96,0.0,4.0,Toys,Labe,Credit Card,21.0,M,New,October,103.53
ORD001857,2,21.73,0.0,5.0,clothing,Kankan,Mobile Money,24.0,Female,New,November,45.84
ORD004698,2,60.24,0.0,-6.0,Sports,Conakry,Mobile Money ,38.0,Male,Returning,March,116.67
ORD003564,1,,,4.0,Toys,Conakry,Cash,40.0,Male,Returning,February,40.01
ORD001014,4,41.65,0.0,6.0,Books,Conakry,Cash,,Male,New,December,176.4
ORD006109,5,17.28,0.0,7.0,Home,N'Zerekore,Card,38.0,Female,Returning,May,86.36
ORD005483,7,381.35,5.0,4.0,Electronics,kindia,Mobile Money,22.0,Male,Returning,October,2570.8
ORD000467,2,75.5,15.0,8.0,Sports,KANKAN,Mobile Money,20.0,Female,New,July,124.31
ORD004029,5,62.34,5.0,4.0,Sports,Labe,Mobile Money,,Male,New,March,292.33
ORD000175,1,13.04,0.0,4.0,Food,Conakry,Cash,43.0,Female,Returning,March,12.87
ORD004881,3,94.3,0.0,6.0,Sports,Nzerekore,Cash,,Female,New,February,231.0
ORD000278,8,158.27,0.0,2.0,Sports,Boke,Cash ,33.0,Female,New,September,1270.35
ORD001070,3,58.25,0.0,2.0,Toys,Conakry,Cash,31.0,Male,New,October,176.05
ORD009217,3,12.06,20.0,2.0,Book,Conakry,Cash,27.0,Female,Returning,January,29.41
ORD005562,4,44.99,0.0,6.0,Beauty,KANKAN,Cash Payment,43.0,Female,Returning,December,176.05
ORD006867,6,500000.0,15.0,2.0,Toys,Nzerekore,Card,29.0,Male,Returning,June,230.99
ORD005037,-3,380.66,5.0,5.0,Electronics,Conakry,Mobile Money,28.0,Female,New,January,752.36
ORD006804,4,49.66,10.0,5.0,Clothing,Nzerekore,cash,27.0,Female,Returning,October,147.07
ORD009546,7,17.34,0.0,2.0,Books,Kindia,Mobile Money,44.0,Female,Returning,March,135.81
ORD005546,4,14.38,0.0,3.0,Books,Kindia ,Card,31.0,Female,Returning,January,53.14
ORD005003,2,175.85,25.0,1.0,Home,Kankan,Cash,43.0,Male,Returning,July,248.16
ORD001714,250,5.21,0.0,6.0,Food,Labe,CASH,43.0,MALE,Returing,July,15.6
ORD007641,4,216.09,,4.0,Electronics,Kankan,Mobile Money,37.0,Female,New,November,825.1
ORD002612,5,66.9,0.0,3.0,Cloting,Nzerekore,Card,26.0,Male,Returning,April,282.87
ORD007394,4,45.82,5.0,1.0,Books,Conakri,Mobile Money,37.0,Male,New,August,172.03
ORD000389,4,126.08,15.0,,Home,Kindia,Cash,16.0,Female,Returing,January,390.36
ORD008021,1,-40.0,0.0,5.0,SPORTS,Kankan,CASH,35.0,Female,Returning,June,105.82
ORD003496,6,313.23,0.0,4.0, Electronics ,Conakry,Card,23.0,F,Returning,November,1959.14
ORD004977,5,19.55,10.0,7.0,Books,NZEREKORE,cash,16.0,Male,returning,November,87.05
ORD003543,4,24.82,15.0,3.0,Toys,KANKAN,cash,37.0,Male,Returning,June,88.38
ORD007289,2,95.11,0.0,4.0,beauty, Conakry,Cash,33.0,Female,Returning,October,193.33
ORD007311,1,,5.0,7.0,Food,Kindia,Cash,39.0,Male,New,April,18.16
ORD000051,7,285.5,10.0,5.0,Electronics,Labe,Card,28.0,Female,Returning,February,1568.55
ORD006588,2,22.32,250.0,4.0,Toys,labe,Mobile Money,22.0,Female,New,August,35.57
ORD004230,7,27.82,20.0,9.0,Books,Nzerekore,Card,25.0,Male,Returning,March,151.71
ORD000483,3,594.08,20.0,5.0,Electronics,Conakry,Mobile Money,30.0,Female,New,July,1449.98
ORD002252,1,54.44,0.0,4.0,clothing,Kankan,Cash,8.0,Male,Returning,December,49.74
ORD004163,3,17.47,5.0,8.0,Food,Nzerekore,Mobile Money,28.0,Male,Returning,April,52.5
ORD007424,1,57.59,20.0,3.0,Sports ,Conakry,,34.0,Female,New,June,43.15
ORD005093,5,50.03,10.0,4.0,Beauty,Conakry,CARD,35.0,Female,New,April,209.71
ORD003104,4,138.74,0.0,,Electronics,Nzerekore,Mobile Money,23.0,Female,Returning,January,500.56
ORD002930,1,10.36,5.0,,Food,kindia,Card,23.0,Male,Returning,May,10.19
ORD006777,3,14.5,0.0,7.0,Books,Nzerekore,Mobile Money,29.0,Female,Returning,May,42.38
ORD004970,3,4.72,5.0,6.0,Beauty,Boke,cash,,Female,Returing,October,11.82
ORD000065,2,27.57,20.0,3.0,Beauty,Kindia,Card,32.0,Female,Returning,September,41.18
ORD000774,3,384.57,10.0,5.0,Electronics,Boke,Mobile Money,49.0,Female,Returning,June,974.31
ORD007574,1,15.85,0.0,1.0,Books,Conakry,Card,23.0,Female,Returning,November,16.54
ORD008969,3,64.39,,4.0,Clothing,Kindia,Card,42.0,Female,New,August,171.6
ORD004588,4,60.16,0.0,5.0,Sports,Kankan,Cash,,Male,New,May,222.02
ORD006403,3,25.82,,7.0,Books,Conakry,Cash,33.0,Female,New,October,74.93
ORD006210,2,66.58,5.0,10.0,Clothing,Labe,Card,34.0,female,Returning,July,124.65
ORD004617,6,36.66,10.0,5.0,Sport,Nzerekore,Card,37.0,Male,Returning,July,205.16
ORD003333,3,137.68,0.0,5.0,Home,Kankan,Cash,35.0,Female,New,March,405.6
ORD007588,1,110.71,0.0,5.0,home,Boke,mobile money,,M,returning,February,104.6
ORD002816,3,81.03,25.0,4.0,Sports,Boke,Card,48.0,Male,Returning,May,200.27
ORD003965,7,,0.0,2.0,toys,Nzerekore,MOBILE MONEY,39.0,Male,New,October,209.19
ORD007607,3,123.06,5.0,3.0,Home,Nzerekore,Mobile Money,41.0,Female,New,August,355.81
ORD005382,3,424.58,5.0,4.0,Electronics,Labé,Card,16.0,Female,New,February,1169.32
ORD005940,5,500000.0,0.0,3.0,Beauty,Labe ,Cash,39.0,Female,Returing,November,240.57
ORD008917,5,129.5,0.0,5.0,Electronics,Conakry,Mobile Money,30.0,Female,new,May,672.31
ORD003242,4,15.6,15.0,4.0,Food,Labé,CARD,22.0,Male,New,November,54.99
ORD002794,3,,,3.0,Electronics,Boke,Card,31.0,MALE,New,October,945.72
ORD005734,5,128.04,0.0,5.0,HOME,Kindia,Cash,19.0,Female,Returning,January,703.6
ORD002525,4,7.91,15.0,7.0,books,Conakry,Cash,16.0,Male,Returning,July,27.23
ORD001736,3,160.37,10.0,,Home,Conakry,Cash,39.0,Female,New,August,435.45
ORD007961,3,28.13,0.0,3.0,Book,conakry,Credit Card,36.0,Male,New,March,88.34
ORD003125,1,,,1.0,Clothing , Conakry ,Mobile Money,34.0,Female,Returning,February,66.45
ORD004941,2,62.13,10.0,8.0,CLOTHING,Kankan,Card,39.0,Female,Returning,July,102.34
ORD007976,4,12.47,10.0,3.0,Food,Boke,Mobile Money,39.0,Male,New,January,43.54
ORD000274,5,389.35,0.0,2.0,Electronics,Nzerekore,Mobile Money,38.0,Female,Returning,September,1909.88
ORD006680,1,21.7,0.0,3.0,Books,Kankan,Card,32.0,Male,New,December,24.14
ORD007022,2,,0.0,6.0,Food,Conakry,Cash,21.0,Male,Returning,September,42.89
ORD009574,7,32.93,5.0,5.0,Beauty,Labe,Cash Payment,41.0,Female,New,April,221.12
ORD006556,6,377.76,,9.0,Electronics,Nzerekore,,40.0,Female,New,January,2170.64
ORD005579,3,81.32,0.0,4.0,Sports,Conakry,Mobile Money,41.0,Male,Returning,November,231.95
ORD005497,7,3.87,0.0,7.0,Food,Labe,Cash,21.0,F,New,December,30.7
ORD001453,4,604.85,5.0,3.0,Electronics,Conakri,Card,47.0,female,New,December,2332.82
ORD002693,5,15.65,10.0,7.0,beauty,Conakry,Mobile Money,30.0,Female,New,October,64.49
ORD002768,7,51.66,0.0,,Toys,Boke,MOBILE MONEY,38.0,Male,New,April,332.84
ORD008411,4,33.67,0.0,1.0,BOOKS,Kindia,MobileMoney,42.0,Female,New,January,138.59
ORD000240,4,83.15,0.0,4.0,Cloting,nzerekore,Cash,27.0,Male,New,March,332.22
ORD001132,6,116.08,0.0,4.0,Sports, Conakry,Cash,20.0,Male,New,November,732.3
ORD007894,4,25.51,10.0,6.0,Toys ,BOKE,,35.0,Male,Returning,March,79.75
ORD003265,5,67.58,10.0,1.0,Clothing,Labe,Card,32.0,male,New,August,247.54
ORD005350,3,36.21,5.0,4.0,beauty,Kindia,Card,30.0,Female,New,July,96.96
ORD005765,2,87.67,15.0,4.0,Sports,Kindia,CASH,27.0,female,Returing,December,145.71
ORD001384,8,,0.0,2.0,Toys,Conakry, Credit Card ,35.0,female,New,November,423.29
ORD003075,6,53.85,10.0,5.0,Beauty,Nzerekore,Card,50.0,Female,New,July,282.5
ORD004861,3,60.7,10.0,2.0,Clothing,Conakry ,card,16.0,Male,New,March,185.45
ORD001358,5,48.14,0.0,5.0,Beauty ,Boke, Card ,19.0,Female,New,November,231.99
ORD004872,2,382.8,20.0,3.0,Electronics,Boke ,Mobile Money,37.0,Male,NEW,September,616.21
ORD002631,4,24.04,0.0,,Beauty,Labe,Cash,41.0,Female,Returning,April,98.56
ORD000625,5,10.55,0.0,2.0,Food,Conakry,Card,38.0,Male,Returning,August,56.67
ORD000840,3,,0.0,8.0,Beauty,Kankan,Cash,36.0,Male,New,January,33.6
ORD004724,6,68.08,5.0,5.0,Clothing,Kindia,Card ,30.0,Female,New,October,399.82
ORD007664,6,25.81,0.0,5.0,Books,Labe,Cash Payment,44.0,Female,Returning,December,143.8
ORD000324,3,446.35,0.0,3.0,Electronics, Conakry,Cash,40.0,Female,New,March,1313.92
ORD001868,5,123.52,0.0,2.0,clothing,Conakry,Cash,37.0,Male,New,December,656.78
ORD005257,2,,0.0,4.0,Home,Labe,,40.0,Female,Returning,April,99.28
ORD002827,2,71.71,0.0,7.0,Home,Conakry,Card,24.0,MALE,NEW,April,141.35
ORD005173,7,28.75,5.0,6.0,Toy,Labe,card,23.0,Male,New,November,171.51
ORD007084,6,26.17,10.0,7.0,Toys,Conakry,Cash,24.0,Female,Returning,March,121.56
ORD003928,6,30.43,0.0,3.0,Book,Conakri,Cash,24.0,FEMALE,Returning,October,191.4
ORD008630,3,12.63,0.0,6.0,Books,Conakry,Cash Payment,20.0,Male,Returning,October,36.29
ORD000120,5,,10.0,4.0,beauty,Labe,Mobile Money,21.0,Female,NEW,January,97.34
ORD009692,2,18.47,10.0,5.0,Books,Conakry,Card,18.0,Male,New,July,30.57
ORD009539,3,200.82,0.0,4.0,Electronics,Boke,Credit Card,31.0,Male,Returning,June,515.46
ORD002378,2,,0.0,4.0,BEAUTY,Labe,Mobile Money,16.0,Female,Returning,August,97.16
ORD005911,5,191.52,,3.0,Electronics,Labé,mobile money,42.0,Male,New,January,916.2
ORD007510,4,124.8,20.0,3.0,HOME,Conakry,Card,21.0,Female,new,May,366.7
ORD009219,5,261.69,10.0,1.0,Home,Conakry,Cash,34.0,Female,New,December,1122.51
ORD003302,1,,20.0,4.0,Clothing,Nzerekore,Mobile Money,32.0,Female,New,November,43.09
ORD007525,1,37.78,10.0,4.0,Beauty, Conakry ,Cash,,Male,returning,November,35.06
ORD004173,4,51.23,15.0,7.0,Sports,KINDIA,MobileMoney,32.0,Male,New,August,196.04
ORD009093,3,23.06,0.0,7.0,Food,Conakry,card,31.0,Male,New,July,68.02
ORD007880,1,501.62,0.0,7.0,Electronics,Conakry,MobileMoney,25.0,Male,New,April,503.33
ORD009397,2,59.66,0.0,7.0,Sports,Labe,Card,26.0,Female,Returning,April,136.84
ORD006778,7,31.3,0.0,,Beauty,Kankan,card,27.0,Female,Returning,March,214.72
ORD005038,1,74.06,-20.0,4.0,Cloting ,Labe,,51.0,Female,New,April,75.86
ORD006722,5,9.86,,6.0,Toys,Kindia,CARD,18.0,Female,New,July,52.15
ORD004051,4,67.59,0.0,4.0,Clothing,Conakry,CARD,59.0,Female,New,December,280.16
ORD006964,4,197.38,10.0,1.0,Electronics ,Boke ,Mobile Money,16.0,Female,New,April,694.5
ORD000553,3,75.51,10.0,,Sports,boke,Card,,Male,Returning,April,214.97
ORD000407,4,18.35,10.0,6.0,Books,Conakry,Cash,38.0,Female,Returning,December,59.1
ORD006214,4,22.6,0.0,1.0,Food,Nzerekore,Mobile Money,40.0,Female,New,April,96.25
ORD003135,4,27.71,15.0,6.0,Clothing, Conakry,Card,29.0,Female,Returning,May,96.13
ORD003299,2,306.43,10.0,6.0,Electronics,Conakry,Mobile Money,24.0,Female,Returning,March,530.02
ORD007480,250,,0.0,,Clothing,NZEREKORE,Cash,30.0,male,Returing,April,160.58
ORD002350,3,16.08,10.0,7.0,beauty,Kindia,Card,8.0,Female,New,March,39.87
ORD005843,3,80.52,,7.0,Home,Kindia,Mobile Money,,Female,Returning,May,235.37
ORD007666,5,313.48,20.0,4.0, Electronics,N'Zerekore,Mobile Money,21.0,Female,new,June,1158.03
ORD000237,5,500000.0,0.0,3.0,Electronics,Conakry,Cash,37.0,Male,Returning,February,2702.06
ORD005782,2,203.68,5.0,7.0,Electronics, Conakry,MobileMoney,29.0,Male,Returning,January,374.08
ORD006083,4,71.71,0.0,6.0,Clothing,Conakry,cash,24.0,Male,Returning,August,350.11
ORD006080,3,53.67,25.0,6.0,Clothing,Boke,Card,45.0,Male,New,September,95.43
ORD007898,4,51.08,0.0,5.0,BEAUTY, Conakry,Cash,16.0,Male,New,October,179.8
ORD003164,5,502.87,10.0,2.0, Electronics,Conakry,Credit Card,46.0,Female,Returning,October,2256.97
ORD000500,5,13.69,0.0,4.0,Food,Kindia,Card,39.0,Female,New,November,61.95
ORD004919,5,247.83,0.0,5.0,Electronics ,Kankan, Cash ,47.0,Female,New,June,1297.81
ORD003626,1,54.72,20.0,4.0,Clothing,CONAKRY,Card,28.0,Male,New,September,39.66
ORD003128,6,72.78,250.0,5.0,Sport,Labe,Card,,Male,Returning,January,464.87
ORD008987,4,28.34,0.0,,BEAUTY ,Kindia,Cash Payment,39.0,Male,New,September,108.37
ORD003359,4,43.59,0.0,9.0,Beauty,BOKE,Card,24.0,Female,Returning,June,166.9
ORD009183,3,28.33,10.0,4.0,Books,Kindia,Mobile Money,16.0,Female,Returning,May,80.07
ORD007079,4,34.01,10.0,3.0,books,Kindia,cash,19.0,Female,New,February,118.71
ORD008583,2,85.87,0.0,8.0, sports ,N'Zerekore,MobileMoney,32.0,Female,Returing,October,147.16
ORD004840,3,88.89,10.0,7.0,Sports,Labe,cash,,Male,New,January,279.34
ORD001218,3,,0.0,7.0,Beauty,Conakry,Mobile Money,33.0,male,New,September,58.65
ORD000236,3,38.16,0.0,2.0,Beauty,Kankan,Cash,40.0,Male,New,August,126.27
ORD000332,5,131.86,20.0,5.0,Home,Kindia,Card,37.0,Female,Returning,December,588.27
ORD004577,2,10.81,20.0,3.0,food,Labe,MobileMoney,35.0,Female,Returning,February,16.12
ORD003189,2,469.95,0.0,5.0,Eletronics,Conakry,Cash Payment,16.0,Female,Returning,January,916.37
ORD007777,5,19.34,0.0,6.0,Books,Nzerekore,Card,38.0,Female,returning,January,79.84
ORD000045,3,138.88,0.0,4.0,Home ,Kankan,MOBILE MONEY,28.0,Male,New,October,416.49
ORD007926,3,20.74,0.0,3.0,Books,Kindia,MOBILE MONEY,42.0,Male,New,October,65.13
ORD004217,2,9.24,20.0,,Beauty,Boke,Cash,34.0,Female,Returning,November,13.9
ORD003073,7,420.46,0.0,5.0,Electronics,Conakry,card,40.0,Female,Returning,May,2984.68
ORD007912,2,130.86,15.0,150.0,Home,Conakry,CARD,32.0,Male,New,February,225.8
ORD005023,7,52.59,0.0,3.0,Clothing,Labe,Credit Card,16.0,Female,Returning,December,354.35
ORD006660,2,9.13,0.0,1.0,Books,Nzerekore,Mobile Money,37.0,Male,New,May,17.98
ORD001595,7,147.47,0.0,4.0,HOME,nzerekore,Mobile Money,42.0,Female,NEW,May,1102.85
ORD008416,7,32.96,-20.0,1.0,Beauty,Conakry,CASH,16.0,Male,New,May,230.18
ORD004710,3,85.53,0.0,5.0,Home,labe,mobile money,35.0,MALE,Returning,March,267.93
ORD002892,8,17.4,5.0,3.0,books,Labe,Cash ,28.0,Female,Returning,January,128.61
ORD001246,3,132.72,15.0,3.0,Home, Kankan ,Mobile Money,25.0,Male,new,February,308.62
ORD007770,3,45.15,0.0,6.0,Toys,kankan,Card,35.0,male,Returning,December,141.43
ORD001541,4,46.31,0.0,5.0,Toys,Conakry,Cash,,Male,Returning,June,192.4
ORD004626,6,500000.0,0.0,5.0,Books,Labe,Mobile Money,29.0,Male,Returning,July,127.58
ORD000819,4,10.67,-20.0,8.0,Food,Kankan,Cash,37.0,female,New,November,44.48
ORD000156,5,133.07,0.0,8.0,Sports,Boke,Cash,26.0,Male,new,August,592.44
ORD007511,6,41.74,0.0,1.0,Toys,Kindia,Card ,25.0,Male,NEW,April,218.6
ORD006745,8,272.73,25.0,5.0,Electronics ,Kindia,Mobile Money,36.0,Male,Returning,September,1564.0
ORD008636,2,12.01,0.0,2.0,Beauty,Nzerekore,Card,27.0,Male,NEW,July,25.44
ORD000249,9,27.08,20.0,4.0,FOOD,conakry,mobile money,37.0,Male,Returning,October,149.11
ORD004015,6,230.8,,5.0,Home,Conakry,Cash Payment,36.0,Female,Returning,June,974.31
ORD007610,1,158.94,10.0,6.0,sports,Conakry,Cash,30.0,Male,New,June,139.55
ORD005227,4,59.84,,4.0,Beauty,Conakry,Mobile Money,20.0,Female,New,March,212.09
ORD008175,5,10.97,10.0,5.0,Food,Boke,Card,17.0,Female,New,September,52.24
ORD008986,4,16.14,0.0,5.0,Food, Labe ,cash,36.0,Female,NEW,November,68.82
ORD008120,7,129.13,10.0,7.0,Home,conakry,Cash,27.0,female,New,May,743.52
ORD003190,3,13.61,0.0,7.0,Food,Conakry,MobileMoney,,Female,Returning,June,35.43
ORD002650,250,372.22,0.0,1.0,Electronics,Nzerekore,Card,39.0,Female,New,January,1013.88
ORD000629,5,24.09,25.0,5.0,Books,CONAKRY,Card,,MALE,Returning,January,99.23
ORD001231,5,54.19,15.0,,Toys,Conakry,CASH,23.0,M,Returning,December,208.84
ORD002340,4,15.7,0.0,,Food,Kindia,cash,32.0,Male,New,April,64.36
ORD007708,4,46.02,10.0,10.0,Toys,Conakry,card,27.0,Female,NEW,February,188.8
ORD006831,2,14.32,0.0,,Food ,Nzerekore,Mobile Money,37.0,MALE,New,December,33.81
ORD007369,3,28.29,10.0,4.0,Books,Conakry,Mobile Money,37.0,Female,Returing,July,65.87
ORD001452,5,13.44,15.0,5.0,BOOKS,Kindia,Cash,25.0,Male,New,August,59.74
ORD001829,3,251.2,15.0,5.0, Electronics, Kindia ,card,26.0,Male,New,March,607.83
ORD009019,5,74.04,0.0,5.0,HOME,Kindia,Card,34.0,Female,New,April,304.89
ORD001640,3,32.91,0.0,2.0,Beauty,Labe,Cash,30.0,Female,New,January,91.73
ORD003865,5,15.2,0.0,4.0,Books,Nzerekore,Mobile Money,46.0,Female,Returning,July,76.87
ORD007938,4,79.75,0.0,6.0,Beauty,Conakry,Credit Card,17.0,Male,NEW,February,294.12
ORD003421,2,194.46,0.0,2.0,Home,Conakry,CASH,20.0,female,New,January,396.65
ORD003768,3,26.65,0.0,3.0,BOOKS,boke,,26.0,Male,New,May,80.98
ORD008728,6,54.88,10.0,6.0,CLOTHING,Nzerekore,Card,22.0,FEMALE,Returning,June,313.82
ORD005907,2,28.01,10.0,7.0,Books,Boke,Mobile Money,24.0,Female,New,January,52.0
ORD008347,4,326.05,0.0,5.0,Electronics,Kindia,Card,51.0,Female,New,December,1325.28
ORD005597,3,12.19,,5.0,Books,nzerekore,CASH,27.0,Male,New,September,33.31
ORD003150,3,39.81,0.0,5.0,Toys,Conakry,,30.0,Male,Returning,February,118.47
ORD009504,4,127.16,0.0,4.0,Sports,Kankan,Card,38.0,Female,NEW,November,461.17
ORD008515,3,27.47,0.0,2.0,Beuty,Conakry,Cash,28.0,Male,NEW,November,68.82
ORD005807,8,16.3,30.0,3.0,Foood,Nzerekore,Cash,35.0,Female,New,December,84.64
ORD004111,2,167.51,0.0,3.0,Sports,Conakry,Card,34.0,Male,Returning,September,317.08
ORD001799,4,15.05,10.0,1.0, FOOD ,Conakry,Cash,38.0,Female,New,February,58.99
ORD008275,3,20.4,25.0,3.0,Books,Boke,Card,41.0,Male,Returning,February,49.22
ORD001989,8,25.57,0.0,2.0,Food,Conakry,Card,16.0,Female,New,October,234.08
ORD001575,3,108.14,0.0,7.0,Home, Conakry,Mobile Money,34.0,Male,Returning,July,316.23
ORD002724,6,25.83,0.0,4.0,Books,Conakri,Cash Payment,32.0,Female,Returning,February,142.91
ORD002059,4,183.76,0.0,7.0,Home,Conakry,Cash,41.0,Female,New,July,776.84
ORD009367,5,,0.0,5.0,Toys,Labe,card,26.0,Male,Returning,November,218.98
ORD004510,4,164.16,0.0,4.0,home,BOKE,Mobile Money,40.0,F,Returning,November,724.28
ORD004262,4,82.55,0.0,3.0,SPORTS,Kindia,Cash,20.0,Female,New,February,297.12
ORD009593,3,21.27,10.0,11.0,Food,Kankan,CARD,24.0,Male,New,November,65.57
ORD006252,4,30.11,0.0,3.0,Toys,Labe,Mobile Money,60.0,Male,New,November,116.63
ORD000615,7,31.98,-20.0,5.0,Toys,Boke,Cash,37.0,Female,New,December,234.96
ORD003094,5,23.24,10.0,7.0,Book,BOKE,Card,32.0,MALE,New,June,103.55
ORD003451,2,78.27,0.0,3.0,Clothing,conakry,,24.0,Female,New,July,167.77
ORD001015,2,157.18,15.0,,sports, Conakry ,CASH,45.0,male,NEW,August,229.58
ORD001717,4,20.53,5.0,6.0,Food,CONAKRY,Mobile Money,33.0,Female,New,May,79.26
ORD003906,6,38.75,0.0,7.0,Clothing,Kindia,Mobile Money,16.0,Female,Returning,November,274.49
ORD007501,3,109.19,0.0,8.0,Home,N'Zerekore,Mobile Money,-12.0,female,New,May,309.88
ORD003419,4,0.95,,2.0,Books,Labe,Card,46.0,female,Returning,November,3.59
ORD004652,4,28.82,0.0,4.0,Books,Conakry,Mobile Money,42.0,Female,Returning,August,121.08
ORD003101,2,88.18,0.0,,Clothing,Kindia,Cash,21.0,Male,new,May,180.82
ORD006465,5,29.06,15.0,1.0,Beauty,NZEREKORE,Cash,51.0,Female,New,July,112.59
ORD004458,5,,0.0,5.0,Home,Labe,Card,23.0,Male,New,October,704.25
ORD001212,4,44.67,0.0,3.0,BEAUTY,Conakry,Mobile Money,20.0,FEMALE,Returning,November,178.12
ORD002566,3,30.98,30.0,2.0,Books,Conakry,Cash,34.0,Female,Returning,February,69.79
ORD008827,3,89.97,0.0,4.0,Clothing,Kindia,Card,38.0,Female,Returning,June,250.81
ORD009248,4,310.14,0.0,7.0,Electronics,Nzerekore,Mobile Money,30.0,Female,Returning,August,1313.04
ORD008989,4,328.35,0.0,6.0,Electronics,Conakry,,,Female,New,December,1169.82
ORD007087,3,12.72,0.0,4.0,Books,Boke,Cash,31.0,female,new,September,35.77
ORD005188,3,28.41,0.0,3.0,Clothing,KINDIA,Cash,26.0,F,Returning,August,94.73
ORD004271,6,39.36,25.0,7.0,Toys,kankan,Card,30.0,F,New,June,185.72
ORD002815,3,,10.0,4.0,Sports,KINDIA,Card,17.0,Male,Returning,January,279.89
ORD001081,250,48.16,0.0,8.0,Cloting,Kindia,Mobile Money,42.0,Male,Returning,January,224.65
ORD001608,5,25.07,30.0,7.0,Books,CONAKRY,Mobile Money,,Male,New,June,82.16
ORD008337,3,89.13,15.0,1.0,Clothing,Kindia,Cash,22.0,Male,new,May,211.88
ORD004242,4,101.83,0.0,8.0,Hom,kankan,Cash,23.0,Male,Returning,February,414.94
ORD000091,4,49.01,5.0,8.0,Sports,Labe,Cash,16.0,Male,Returning,March,178.12
ORD007847,5,456.57,5.0,6.0,Electronics,NZEREKORE,CASH,,Female,Returning,March,2495.43
ORD007931,4,46.31,5.0,6.0,Toys,conakry,Cash Payment,46.0,M,New,July,213.3
ORD000683,3,78.77,0.0,4.0,Sport,Labe,Cash,45.0,Female,Returning,November,230.57
ORD008042,4,210.86,0.0,150.0,Eletronics,Nzerekore,MobileMoney,38.0,male,Returning,October,812.93
ORD008286,-3,186.81,20.0,3.0,Hom,Kindia,Cash,18.0,Female,Returning,October,1195.59
ORD009027,2,18.59,10.0,5.0,Books,Labe,Mobile Money,29.0,Male,Returning,February,28.88
ORD006053,5,185.83,10.0,5.0,Electronics,Kindia,Card,23.0,Female,Returning,December,800.3
ORD006006,4,113.3,0.0,5.0, Sports ,Kankan,Mobile Money,49.0,Male,Returning,November,430.3
ORD005132,3,106.59,0.0,4.0,Electronics,Conakry,Mobile Money,26.0,MALE,Returning,December,297.88
ORD001401,9,55.04,0.0,3.0,Beauty,Kindia,Card ,16.0,Female,New,January,511.0
ORD007256,1,63.52,0.0,2.0,Sports,CONAKRY,,25.0,FEMALE,New,June,63.89
ORD002263,5,429.12,30.0,6.0,ELECTRONICS,Boke,Card,42.0,Female,Returning,January,1638.04
ORD003246,3,,,1.0,Clothing,KINDIA,Mobile Money,28.0,F,New,April,145.78
ORD009191,8,18.24,10.0,6.0,Books,Conakry,Mobile Money,33.0,Male,Returning,September,126.36
ORD000854,3,23.43,10.0,4.0,Food,Boke,mobile money,39.0,Male,New,February,64.48
ORD009335,8,26.67,0.0,5.0,Books,Conakry,card,39.0,Male,NEW,August,218.0
ORD007844,3,289.95,0.0,4.0,Electronics, Labé ,Card,35.0,Female,New,December,930.01
ORD002275,3,23.66,0.0,5.0,food,Kindia,Card,36.0,Male,New,February,69.82
ORD007041,5,24.74,15.0,1.0,beauty,Kindia,MOBILE MONEY,32.0,Male,New,November,103.7
ORD007563,3,74.29,15.0,3.0,Cloting,Kindia,Mobile Money,28.0,F,Returning,April,189.8
ORD004498,5,32.9,-20.0,4.0,Beauty,Conakry,card,31.0,Female,Returning,October,120.73
ORD007573,7,,10.0,3.0,Books,Conakry,Credit Card,21.0,Male,NEW,September,199.94
ORD001104,8,16.12,0.0,5.0,Food,Boke,Credit Card,31.0,MALE,New,February,138.3
ORD000085,2,154.3,5.0,3.0,Home,Conakry,CASH,,male,NEW,April,230.8
ORD005953,4,24.16,20.0,6.0,food, Conakry,MobileMoney,31.0,MALE,Returing,February,76.64
ORD004211,4,65.89,0.0,2.0,Beauty,Labe,Card,16.0,Female,New,August,252.53
ORD006815,6,,10.0,7.0,Electronics,CONAKRY,Cash,25.0,Male,New,October,969.11
ORD005682,2,89.81,5.0,4.0,home,Nzerekore,Card,,Female,New,August,154.76
ORD003441,5,24.34,0.0,5.0,Books,Kankan,cash,180.0,Female,Returing,February,126.9
ORD001568,5,366.61,20.0,4.0,Electronics,Conakry,mobile money,34.0,Male,New,April,1545.39
ORD007034,2,6.79,0.0,5.0,Toys,conakry,Mobile Money,16.0,F,NEW,September,14.68
ORD005598,6,383.78,0.0,3.0,Electronics,Labe,,16.0,Male,Returning,April,2422.6
ORD001661,7,11.77,,3.0,Books,Kankan,Credit Card,16.0,Male,Returning,March,78.54
ORD003765,6,167.12,0.0,4.0,Sports,Conakry,Cash,,Female,Returning,April,887.28
ORD003585,6,45.82,0.0,5.0,Toy,Conakry,Cash,22.0,Male,New,April,291.95
ORD006952,250,67.99,20.0,6.0,Clothing,Conakry,card,39.0,Female,Returning,September,304.48
ORD002875,3,35.12,10.0,3.0,Beauty,Kindia,Mobile Money,26.0,male,New,March,114.18
ORD002885,4,29.28,10.0,5.0,Food,conakry,Card,35.0,Female,New,February,104.89
ORD003008,2,77.53,25.0,4.0, Clothing ,kindia,Mobile Money,28.0,Male,Returning,December,121.75
ORD001827,3,28.09,0.0,1.0,Food,Conakry,,,Male,Returning,January,93.95
ORD005930,3,73.42,10.0,5.0,clothing,kankan,Card,57.0,Female,Returning,October,179.49
ORD002641,5,155.46,5.0,4.0,Sports,Conakry, Mobile Money ,21.0,Male,New,August,737.92
ORD005702,250,,0.0,6.0,Toys,Kindia,Cash,27.0,MALE,New,September,162.35
ORD008536,5,,,3.0,Beauty, Conakry ,Card,34.0,Female,New,July,307.04
ORD006438,7,152.0,0.0,10.0,Sports,Conakry,Cash,50.0,Male,New,May,1126.71
ORD006323,2,111.03,0.0,3.0,Home, Conakry,Mobile Money,24.0,Female,New,February,202.58
ORD002708,4,121.46,10.0,6.0,Home,Labe,Cash,21.0,Female,returning,May,417.97
ORD006159,2,,0.0,9.0,Clothing,Conakry,Card,180.0,MALE,New,April,159.12
ORD007855,5,76.52,,1.0,Beauty,Conakry,Cash,31.0,Male,RETURNING,October,396.27
ORD009303,3,51.6,10.0,4.0,clothing,Kankan,CARD,27.0,Female,Returning,October,138.66
ORD002214,3,43.49,0.0,,Beauty,kankan,mobile money,32.0,Male,New,August,128.23
ORD001360,4,4.51,20.0,,Food,Labé,Mobile Money,16.0,Female,New,January,13.87
ORD002108,3,25.59,0.0,1.0,Toys,BOKE,cash,33.0,M,New,February,60.63
ORD004806,5,,0.0,4.0,Food,Nzerekore,cash,,Male,New,February,72.52
ORD005975,4,500000.0,,4.0,Beauty,Kankan,cash,18.0,Male,New,February,96.09
ORD006821,4,32.15,0.0,,Beuty,Kindia,Cash Payment,36.0,Female,Returning,May,113.59
ORD009571,6,53.45,10.0,6.0,Clothing,Labe,,28.0,Male,New,January,308.94
ORD002829,5,24.34,5.0,3.0,food,Labe,CARD,,male,Returning,May,108.55
ORD000425,1,70.9,10.0,4.0,sports,KANKAN,Card,8.0,Female,RETURNING,January,70.09
ORD000293,2,104.04,0.0,1.0,Sports,Labe,Card,41.0,Male,New,May,221.45
ORD001066,6,16.49,0.0,2.0,Food,Conakry,,40.0,Female,NEW,February,100.77
ORD007018,8,41.67,0.0,5.0,beauty,Nzerekore,Cash,34.0,Male,New,July,342.06
ORD005735,2,31.67,5.0,150.0,Toys,kankan,Cash,37.0,Male,New,April,49.13
ORD005109,2,88.59,15.0,5.0,clothing,boke,Cash Payment,27.0,Female,Returning,July,157.16
ORD007197,6,13.7,20.0,2.0,food,Labe,Cash,22.0,F,Returning,November,60.02
ORD000938,250,54.55,0.0,5.0,Clothing,Nzerekore,Card,51.0,Male,NEW,March,210.44
ORD003780,5,313.69,10.0,5.0,Electronics,Conakry,Card,27.0,Female,New,July,1563.16
ORD006894,5,164.04,0.0,7.0,Home,Boke,Mobile Money,29.0,F,Returning,August,834.58
ORD008447,2,,15.0,6.0,Food,Labe,Cash,16.0,Male,Returning,February,32.66
ORD009675,5,47.09,0.0,5.0,Cloting,Kankan,,20.0,Female,New,May,246.57
ORD009137,4,14.11,0.0,4.0,Food,Kankan,Card,23.0,Male,New,September,56.67
ORD000151,4,21.47,0.0,,Beauty,Nzerekore,Card,22.0,Female,Returning,August,89.67
ORD006281,3,,0.0,,Books,LABE,card,21.0,Female,Returning,February,49.83
ORD003267,6,30.3,0.0,3.0,Beuty,Boke,CARD,17.0,Male,returning,October,176.59
ORD007347,7,206.05,0.0,6.0, Electronics ,Kankan,Mobile Money,33.0,Female,New,April,1507.18
ORD007724,8,175.31,5.0,4.0, home ,Nzerekore,Mobile Money,34.0,Female,New,July,1345.11
ORD004820,1,,0.0,4.0,Home,Boke,Cash,41.0,Female,Returning,February,88.33
ORD000970,4,17.0,0.0,,Books,kindia,Card,16.0,Female,Returning,May,68.06
ORD000497,4,79.17,15.0,6.0,Beauty,Conakry,Card,28.0,MALE,Returning,May,292.73
ORD005836,2,24.22,0.0,3.0,Books,Nzerekore,Mobile Money,,Female,New,June,51.81
ORD008530,4,120.97,0.0,1.0,Home,Kindia,Credit Card,43.0,Male,New,June,505.12
ORD004705,7,48.57,10.0,5.0,beauty,Kindia,Cash,32.0,Male,New,November,279.79
ORD001149,4,127.9,0.0,7.0,Home,Labe,Cash,52.0,Male,Returning,September,574.74
ORD005810,3,32.35,5.0,1.0,Beauty,Nzerekore,Mobile Money,31.0,Male,New,August,89.28
ORD002073,1,141.36,0.0,3.0,Home,Conakry,MOBILE MONEY,,M,New,July,134.21
ORD005006,6,145.73,0.0,1.0,Home,Nzerekore,card,45.0,male,Returing,April,843.59
ORD003969,3,22.94,30.0,4.0,Books,Kindia,mobile money,52.0,M,New,June,50.5
ORD002152,-3,47.95,0.0,,Toys,Kindia,Card,22.0,Male,New,November,142.26
ORD007762,5,143.95,0.0,3.0,Home,boke,,,Male,Returning,March,592.65
ORD002492,5,45.34,0.0,8.0,Cloting,Boke,Mobile Money,42.0,male,New,May,216.75
ORD004816,7,70.51,15.0,7.0,Home,Kankan,Card,23.0,female,Returning,August,403.8
ORD002825,5,31.05,15.0,2.0, Books ,Kankan,Mobile Money,36.0,FEMALE,New,November,141.79
ORD005666,5,3.35,5.0,1.0,FOOD,Kindia,Mobile Money,20.0,Male,New,May,16.83
ORD007039,5,56.89,,4.0,Hom,Kankan,Cash,,FEMALE,Returning,June,262.47
ORD002276,6,13.69,10.0,3.0,BOOKS, Nzerekore ,MobileMoney,18.0,Female,New,July,72.13
ORD008627,6,27.66,0.0,,Toys,Labe,Cash,21.0,Male,New,January,169.46
ORD008168,5,341.24,5.0,5.0,Electronics,Kindia,MOBILE MONEY,41.0,Male,Returning,September,1352.35
ORD005396,3,164.81,0.0,4.0,Sports,Conakry,Card,46.0,Female,New,January,576.52
ORD006271,3,1.3,0.0,4.0,Books,Conakry,Mobile Money,31.0,Female,Returning,November,3.42
ORD003756,4,21.69,,4.0,Books,Labe,CASH,23.0,Female,New,May,99.19
ORD007918,3,243.08,15.0,6.0,Electronics,Kankan,Cash,35.0,Female,New,October,622.25
ORD007205,1,77.65,,7.0,sports,Kankan,CARD,33.0,male,New,July,85.26
ORD003212,7,11.96,0.0,4.0,books,Nzerekore,mobile money,16.0,Female,New,April,83.51
ORD004309,6,56.9,0.0,5.0,Beauty,Kankan,CARD,33.0,male,New,April,380.29
ORD004993,5,18.8,10.0,, books ,BOKE,Cash,24.0,female,Returning,February,83.58
ORD003541,2,77.66,0.0,5.0,Clothing,Kankan,Cash,30.0,Female,Returning,March,162.14
ORD001942,4,165.6,0.0,3.0,HOME,Labe,Mobile Money,16.0,Female,Returing,June,703.53
ORD003600,1,56.76,15.0,5.0,Toys,Conakry,Cash,,Female,Returning,October,46.33
ORD005386,1,1.3,0.0,4.0,Electronics,Conakry,Card,25.0,Male,New,November,1.4
ORD009458,2,33.59,0.0,5.0,Beauty,Nzerekore, cash ,35.0,Male,Returning,August,72.81
ORD004439,4,12.7,0.0,3.0,Food,NZEREKORE,cash,36.0,Female,New,September,52.05
ORD002598,6,56.92,0.0,7.0,Beauty,Kindia,Card,34.0,Male,Returning,August,376.68
ORD001411,2,52.52,10.0,3.0,Toys,Conakry,mobile money,19.0,female,Returning,October,113.43
ORD001215,3,13.48,5.0,5.0,Food,Labe,Card,22.0,Male,New,October,38.3
ORD009159,4,16.53,5.0,3.0,Foood,Kindia,,33.0,male,New,May,56.86
ORD009423,4,129.06,0.0,,HOME,Conakry,CARD,26.0,Female,New,April,535.74
ORD006440,5,13.5,0.0,7.0,Food,Kindia,Card,16.0,female,New,June,74.12
ORD004792,2,18.88,15.0,7.0,Food,Conakry,,53.0,female,Returning,January,30.8
ORD007597,3,138.11,5.0,5.0,HOME, boke ,Cash,33.0,Female,New,September,380.26
ORD006218,4,87.84,0.0,7.0,Sports,KINDIA,Card,,Female,new,October,360.8
ORD000606,4,63.12,10.0,7.0,Hom,Boke ,Card,38.0,Male,Returning,May,204.24
ORD008297,3,2.8,0.0,6.0,Books,Kankan,,30.0,Male,New,January,7.55
ORD000646,8,58.6,,2.0,Clothing,Labe,Mobile Money,32.0,Female,Returning,August,452.89
ORD005501,3,57.53,0.0,4.0,Sports,Boke,,180.0,Male,Returning,December,194.81
ORD003089,6,16.96,5.0,7.0,Food ,conakry,Mobile Money,18.0,Male,Returning,June,83.7
ORD009212,5,,0.0,4.0,Toys,Conakry,Card,8.0,Male,New,April,237.47
ORD008284,2,161.31,5.0,-6.0,home,Conakry,Cash,32.0,Female,Returning,April,269.7
ORD005209,2,13.8,,7.0,Food,CONAKRY,Card,25.0,Female,Returning,August,26.64
ORD002871,6,9.68,10.0,6.0,Food,boke,MobileMoney,32.0,Female,Returning,July,51.96
ORD009101,4,110.4,25.0,5.0,Clothing,Conakry ,Mobile Money,,F,NEW,June,360.57
ORD005571,4,122.05,0.0,8.0,Sports, Conakry,CARD,34.0,Male,Returning,July,442.6
ORD005838,6,49.67,,1.0,Beauty ,Conakry,Mobile Money,22.0,Female,returning,October,296.4
ORD008431,3,13.67,0.0,8.0,Food,Boke,Card,31.0,Male,New,March,40.33
ORD003141,6,12.11,10.0,2.0,Toys,Nzerekore,Card,17.0,Male,New,September,63.69
ORD009135,2,43.61,25.0,4.0,Sports,Kindia, Card ,23.0,Male,Returning,March,77.53
ORD009463,5,187.11,10.0,7.0,Electronic,kindia,Mobile Money,26.0,Male,Returning,January,814.5
ORD000939,4,-40.0,15.0,6.0, Clothing ,Labe,Cash,28.0,F,New,September,204.09
ORD005521,6,56.6,25.0,2.0,BEAUTY,Nzerekore,Mobile Money,16.0,F,New,February,215.82
ORD003230,4,175.6,0.0,6.0,Electronics,Labé,Card,30.0,Male,new,February,819.83
ORD001863,2,27.99,0.0,4.0,Toys,Kindia,Cash ,27.0,M,Returning,September,48.3
ORD001670,1,96.01,0.0,,Home,Labe,Mobile Money,26.0,Female,New,January,100.31
ORD008198,5,69.73,0.0,8.0,Beauty,Conakry,Card,29.0,Male,Returning,August,311.79
ORD004344,5,281.61,0.0,6.0,Electronics,CONAKRY,Mobile Money,,Male,returning,July,1403.4
ORD003944,2,0.95,0.0,, Electronics ,Labe,CASH,48.0,Female,NEW,January,1.98
ORD003014,4,87.49,10.0,2.0,Home,Labe,Card,17.0,Male,New,March,281.9
ORD000019,4,12.36,20.0,4.0,Books,Kankan,Cash,28.0,Female,Returning,January,41.31
ORD007575,2,32.32,0.0,8.0,Home,Kankan,Cash Payment,48.0,Female,New,July,68.9
ORD006578,2,79.94,5.0,6.0,Hom,LABE,Card,16.0,Female,RETURNING,March,155.56
ORD009004,4,140.01,,1.0,Hom,labe,Cash,20.0,Male,New,February,532.81
ORD009493,3,420.1,5.0,6.0, Electronics ,Kindia,Mobile Money,27.0,Female,New,July,1143.16
ORD005432,6,82.45,30.0,3.0,home,Nzerekore ,CARD,25.0,Female,Returning,April,343.47
ORD008453,3,,0.0,1.0,Food,Labé,Cash,16.0,Male,New,January,42.84
ORD001571,3,-40.0,0.0,2.0, Books ,KINDIA,cash,16.0,Female,Returning,March,69.99
ORD001744,5,,0.0,5.0,BOOKS,Boke,Card,31.0,Male,New,February,82.93
ORD007010,2,13.08,0.0,4.0,Food,Conakry,Mobile Money,26.0,Female,New,December,23.2
ORD000521,3,120.35,0.0,5.0,Home,Labe,Card,30.0,Male,New,July,367.45
ORD003938,3,,0.0,4.0,Toys ,Conakry,,25.0,Female,New,October,130.46
ORD001659,4,105.66,10.0,7.0,Home,Conakry, Cash Payment ,37.0,Female,New,June,362.61
ORD003473,8,38.0,0.0,5.0,Clothing,Kindia,Card,16.0,Female,Returning,September,325.73
ORD002476,3,20.17,10.0,1.0,BOOKS,Kankan,Card,37.0,Female,Returning,December,55.17
ORD003949,5,25.64,15.0,9.0,Food,Conakry,,29.0,Male,New,October,108.24
ORD003935,5,81.83,10.0,5.0,Clothing,conakry,Mobile Money,41.0,Female,Returning,March,373.85
ORD007154,6,102.61,,4.0,sports,Kindia,Mobile Money,35.0,male,returning,August,579.15
ORD000764,2,137.4,10.0,4.0,Home,Kindia,Card,41.0,Female,New,September,223.12
ORD004704,2,48.31,0.0,4.0,toys,NZEREKORE,Cash,20.0,Female,New,May,94.42
ORD007237,2,30.76,0.0,3.0,Books,Boke,mobile money ,42.0,male,New,February,54.32
ORD008028,4,33.25,20.0,6.0,Beauty,N'Zerekore,Cash,41.0,Male,Returing,May,81.97
ORD004428,4,16.78,0.0,4.0,Food,Nzerekore,Card,50.0,Male,Returning,April,62.74
ORD007659,6,19.48,10.0,150.0, Food ,conakry,Cash Payment,24.0,Male,New,March,100.74
ORD007730,6,13.36,0.0,4.0,Toys,Kindia,Card,36.0,Female,Returning,June,86.13
ORD001092,4,84.14,5.0,3.0,Sport,Kindia,Cash,51.0,Female,New,February,323.21
ORD003609,6,597.86,,,Eletronics,Conakry,,32.0,Female,Returning,January,3263.6
ORD001102,8,,0.0,9.0,Toys,Kindia,,16.0,Male,New,May,429.16
ORD007380,1,100.94,0.0,5.0,Sports,Kankan ,Card,40.0,Female,Returning,November,100.54
ORD000959,5,148.75,,5.0,Electronics,Nzerekore,Card,27.0,Male,New,August,617.6
ORD000560,5,112.51,,4.0,sports,Conakry,Card,28.0,Female,New,October,548.87
ORD006991,7,10.18,-20.0,1.0,toys,Labe,Mobile Money,39.0,Female,new,November,50.56
ORD006835,3,261.63,0.0,4.0,Electronics,Kankan,Cash,34.0,Female,New,December,742.16
ORD001520,6,45.3,0.0,5.0,Beauty,Boke,mobile money,,Female,New,November,306.48
ORD008840,4,53.54,0.0,7.0,CLOTHING,Kindia,Cash,26.0,Male,RETURNING,December,209.95
ORD006129,4,13.08,5.0,3.0,Food,kankan,Card,36.0,Male,New,November,50.05
ORD002485,3,63.84,0.0,1.0,Clothing,Boke,Card,180.0,Male,New,October,183.55
ORD006635,4,38.01,0.0,2.0,BEAUTY,Kindia,cash,35.0,Female,New,January,139.9
ORD000367,3,49.57,0.0,4.0,Beauty,nzerekore,Card,26.0,Male,Returning,January,152.97
ORD006194,1,67.22,10.0,5.0,Clothing,Labe,Card,45.0,Female,New,April,52.03
ORD007532,4,,5.0,3.0,Food,N'Zerekore,Cash,180.0,Male,Returning,July,36.63
ORD001949,4,2.27,15.0,2.0,Books,Conakry,Cash,25.0,Female,Returning,March,7.61
ORD004201,6,19.81,10.0,4.0,Food,Conakry,Mobile Money,45.0,male,New,March,108.94
ORD000809,6,,5.0,2.0,Books,Kankan,,31.0,Female,Returing,February,210.77
ORD008204,2,22.5,0.0,6.0,Clothing,Conakry,Mobile Money,-12.0,Male,Returning,July,49.4
ORD005014,6,371.23,0.0,4.0, Electronics, Conakry,Mobile Money,32.0,Female,Returning,July,2246.27
ORD007686,8,38.96,10.0,6.0,Toys,KANKAN ,Mobile Money,36.0,Female,New,May,291.96
ORD006784,4,20.14,0.0,8.0,BOOKS,Conakry,Mobile Money,8.0,Female,New,December,88.27
ORD008369,6,,0.0,7.0,Sports,Conakry ,,25.0,Female,Returning,October,742.63
ORD002570,3,83.44,5.0,4.0,Clothing,Kankan,,26.0,Male,New,September,218.39
ORD003521,4,,0.0,5.0,Sports,Boke,,,Male,New,October,347.38
ORD003283,4,,,4.0,clothing,Conakry,,19.0,Male,Returning,May,445.09
ORD001665,6,114.41,0.0,5.0,Clothing,Conakry,Cash Payment,16.0,Female,NEW,June,695.76
ORD009027,2,18.59,10.0,5.0,Books,Labe,Mobile Money,29.0,Male,Returning,February,28.88
ORD003371,6,86.39,5.0,1.0,Beauty,Conakri,Cash,33.0,Female,new,February,465.49
ORD006967,2,51.54,30.0,,BEAUTY,Boke,Card,16.0,M,New,November,61.65
ORD008116,2,57.97,5.0,6.0,Clothing,Labe,Cash,33.0,Female,Returning,November,113.91
ORD006573,4,,,8.0,TOYS,LABE,Cash,39.0,Female,Returning,January,125.73
ORD007928,3,59.76,0.0,4.0,CLOTHING,Kindia,Mobile Money,28.0,female,New,June,189.51
ORD004253,5,10.79,10.0,5.0,Food ,BOKE,Mobile Money,,Female,New,July,56.02
ORD006684,4,56.83,0.0,,Home,Nzerekore,Mobile Money,25.0,Male,New,October,194.59
ORD003579,2,27.3,5.0,4.0,Books,Conakry,mobile money,38.0,Male,New,May,49.8
ORD005947,5,29.05,0.0,1.0,Toys,LABE,Cash,31.0,Male,Returning,May,132.59
ORD006606,9,,0.0,5.0,Food,boke,Card,40.0,Male,New,July,196.23
ORD002625,6,59.21,0.0,5.0,Sports,Conakry,Card,29.0,Male,Returning,October,357.03
ORD006400,4,50.78,0.0,3.0,Books,Conakry,MobileMoney,39.0,Female,Returning,October,221.05
ORD006102,3,20.14,0.0,,Clothing,Kankan,card,28.0,Female,Returning,June,61.68
ORD009378,4,28.04,0.0,1.0,Food,Conakry,Card,34.0,Female,Returning,April,130.79
ORD001007,4,,10.0,4.0,Beauty,Conakry,Cash,36.0,Male,Returning,November,197.85
ORD002050,4,35.62,0.0,3.0,Books,Conakry,Card ,35.0,Male,RETURNING,July,140.77
ORD004012,4,43.59,0.0,3.0,Toys ,Kankan,Cash,41.0,Male,New,May,170.26
ORD000270,5,30.97,,5.0,Beauty,Nzerekore,Cash,33.0,Male,New,December,174.04
ORD001994,5,87.52,25.0,,Clothing,kindia,Card,32.0,MALE,New,April,341.95
ORD000266,4,162.95,10.0,8.0, Electronics ,KANKAN,Card,33.0,Male,Returning,May,579.66
ORD009107,3,20.72,0.0,5.0,Books,Kankan,Cash,16.0,Female,Returning,February,57.77
ORD008049,6,138.96,0.0,2.0,Home,boke,Mobile Money,52.0,Female,Returning,December,950.28
ORD000291,4,50.31,0.0,6.0,Beauty,labe,Cash,,Male,New,February,197.19
ORD002913,4,,0.0,5.0,Clothing,conakry,MobileMoney,53.0,Male,Returning,March,418.22
ORD006543,6,,0.0,8.0,Clothing,Conakry,Cash,25.0,Male,New,February,306.33
ORD002360,3,,,2.0,Beauty,BOKE,Card,24.0,Female,New,April,102.63
ORD004142,4,28.97,0.0,3.0,Toys,Kindia,Card,28.0,Male,RETURNING,December,112.05
ORD004258,2,344.88,0.0,6.0,Electronics,Boke,Cash,23.0,Female,Returning,January,669.54
ORD006872,2,10.6,0.0,5.0,Food,Boke,Cash,32.0,Male,New,March,20.35
ORD000289,2,87.04,0.0,4.0,clothing,Conakri,Mobile Money,38.0,Female,New,September,138.45
ORD007758,7,17.82,0.0,7.0,Books,kankan,CASH,,Male,New,December,132.83
ORD003108,4,50.37,0.0,,Clothing,Kankan,Credit Card,44.0,Female,New,September,218.78
ORD008070,6,426.64,0.0,6.0,Electronics,Kankan,Mobile Money,29.0,Female,new,January,2964.95
ORD006045,2,44.24,10.0,5.0,TOYS,Conakry,MOBILE MONEY,35.0,Female,New,February,84.13
ORD000576,3,66.69,0.0,4.0,Toys,Conakry,Mobile Money,35.0,Male,New,May,185.7
ORD000851,6,70.8,0.0,3.0,Sports,Labe,Card,20.0,F,New,November,391.96
ORD007484,7,32.27,0.0,8.0,Book,Conakry,Cash,55.0,Male,Returning,January,229.78
ORD005351,2,177.71,0.0,2.0,HOME,Kindia,Cash,16.0,Female,New,January,366.98
ORD006230,5,591.32,25.0,4.0,Electronic,Conakry,,39.0,Male,Returning,August,2118.33
ORD003950,4,74.45,0.0,7.0,Sports,Nzerekore,Mobile Money,42.0,Male,New,August,256.93
ORD009293,9,26.15,0.0,7.0,Beuty,Nzerekore,Mobile Money,180.0,Female,Returning,February,227.06
ORD007802,5,57.85,5.0,6.0,Home,BOKE,Card,34.0,Male,New,January,303.07
ORD009400,2,,0.0,8.0,Clothing,kankan ,MOBILE MONEY,37.0,male,New,May,132.28
ORD001844,3,38.58,0.0,6.0,Cloting,KINDIA,Mobile Money,22.0,Female,Returning,December,116.76
ORD001849,3,95.79,5.0,6.0,Clothing,Conakry,Mobile Money,36.0,Female,New,September,286.8
ORD003948,2,45.39,0.0,4.0,Beauty,Conakry,Cash,,Female,New,December,92.65
ORD001695,7,56.69,0.0,1.0,Toys,conakry,Card,28.0,Male,Returning,April,365.2
ORD004182,3,24.94,20.0,3.0,Toys,Kankan,Cash,34.0,Female,New,March,60.87
ORD006370,5,114.46,0.0,4.0,Home,KANKAN, Cash ,25.0,F,Returning,November,564.46
ORD000234,2,41.32,5.0,5.0,Toys,Labe, Card ,35.0,Female,Returning,November,82.51
ORD002648,7,30.58,,5.0,TOYS,nzerekore,Cash,42.0,Female,Returning,October,236.02
ORD001712,1,93.74,25.0,6.0,clothing,CONAKRY,Card,35.0,female,New,December,63.43
ORD008375,3,107.36,0.0,6.0,Sports,Boke,Card,43.0,Male,New,December,301.95
ORD005097,4,82.88,15.0,6.0,sports,  Conakry , MOBILE MONEY ,,Male,New,July,291.94
ORD005738,1,374.92,0.0,5.0,Electronics,Labe,Cash,24.0,Male,New,August,342.53
ORD005453,3,25.99,0.0,4.0,clothing,Nzerekore,,23.0,Female,Returning,June,83.27
ORD001463,4,160.41,5.0,1.0, Electronics,Boke,cash,24.0,Male,Returning,February,578.98
ORD000050,7,75.0,30.0,4.0,Beauty,CONAKRY,Card,34.0,Female,RETURNING,November,335.24
ORD006674,5,61.95,20.0,8.0,Toys,Conakry,Cash Payment,32.0,Female,returning,May,227.38
ORD005355,3,45.57,0.0,4.0,Beauty,Conakry,Card,36.0,Male,Returning,September,148.77
ORD006005,5,106.87,20.0,5.0,Home,Kindia,Cash,19.0,Male,New,October,425.23
ORD007791,2,29.15,25.0,1.0,beauty,Nzerekore,Cash Payment,46.0,M,New,August,43.01
ORD008299,3,,0.0,6.0,Electronics,Conakry,Card,57.0,Male,new,May,956.18
ORD000444,4,36.08,0.0,7.0,Toys,nzerekore,,40.0,Male,New,January,143.76
ORD007657,3,10.28,0.0,4.0,FOOD,Kankan,MobileMoney,44.0,Male,New,June,27.04
ORD004743,250,81.5,0.0,5.0,Clothing,Conakry,Mobile Money,23.0,Female,Returning,July,173.49
ORD007181,4,7.68,0.0,5.0,Books,Conakry,Mobile Money,43.0,Male,Returning,October,28.46
ORD000727,7,7.25,0.0,5.0,Books,Conakry,Cash,40.0,Male,Returning,June,52.37
ORD002239,3,10.79,0.0,4.0,Food,Labe,Card,,MALE,Returning,December,33.04
ORD007933,4,140.18,0.0,5.0,Home,Conakri,,,Female,new,September,560.5
ORD002331,5,15.89,0.0,,Foood,Labe,MOBILE MONEY ,26.0,Male,Returning,February,70.04
ORD004126,2,22.24,0.0,5.0,Books,boke,CARD,33.0,Male,Returning,April,43.42
ORD000170,2,38.57,250.0,4.0,beauty,Conakry,Card,33.0,Female,NEW,October,52.54
ORD001002,5,12.07,10.0,2.0,FOOD,Labe,Card,,Female,NEW,February,59.42
ORD003253,3,61.33,0.0,1.0,Beauty, Conakry,Cash,34.0,Female,new,October,173.89
ORD002149,6,121.97,0.0,6.0,Hom,CONAKRY,Card,16.0,Female,New,October,708.13
ORD000198,4,40.03,10.0,5.0,Clothing,Kindia,Mobile Money,35.0,Male,returning,November,145.51
ORD006123,3,158.72,0.0,1.0,Home,Conakry ,Mobile Money,30.0,Female,Returing,March,458.37
ORD003794,3,41.02,0.0,3.0,Beauty,Labe,MOBILE MONEY,31.0,Male,Returning,April,131.88
ORD000648,4,,0.0,4.0,Beuty,Kindia,Card,35.0,Female,New,February,154.67
ORD004141,5,76.28,5.0,7.0,SPORTS,Kindia,,68.0,Male,Returning,June,357.27
ORD002759,6,17.98,20.0,1.0,Books,KINDIA,Cash,35.0,Male,New,September,90.87
ORD008566,2,34.66,0.0,3.0,Beauty,Nzerekore,Mobile Money,30.0,Male,New,December,75.49
ORD008759,5,19.88,,5.0,Books,Boke,,54.0,Male,returning,April,90.22
ORD003486,4,114.45,0.0,5.0,Home,Conakry,,34.0,Female,New,December,455.57
ORD001156,7,55.39,,9.0,Beauty, Labe ,Cash,30.0,Male,Returning,May,332.59
ORD004136,5,36.35,,,Clothing,Labe,Card,24.0,Female,RETURNING,August,169.1
ORD000974,5,64.61,25.0,1.0,Beuty,Boke,Cash,32.0,Male,Returing,November,227.39
ORD003288,5,24.4,0.0,2.0,Cloting,Kindia,,16.0,Female,Returning,March,117.36
ORD007152,6,41.94,0.0,6.0,Toys,CONAKRY,Card,28.0,FEMALE,New,April,247.04
ORD003639,4,145.76,0.0,6.0,SPORTS,CONAKRY,MobileMoney,36.0,Male,New,January,610.93
ORD005883,4,,25.0,5.0,Beauty,Kankan,card,44.0,Female,Returning,July,119.17
ORD005595,5,144.04,0.0,2.0,Sports, Conakry,Cash,45.0,Female,New,February,715.05
ORD006601,5,27.22,15.0,10.0,Beauty,Nzerekore,Cash,28.0,Female,New,April,112.05
ORD002309,3,10.07,,5.0,Food,Kankan, Mobile Money ,37.0,Male,New,October,32.73
ORD006032,4,141.02,0.0,2.0,Home,Labe,Cash,38.0,Female,Returning,November,530.88
ORD002045,5,61.15,250.0,2.0,home,Nzerekore,card,30.0,male,New,July,300.1
ORD004373,6,27.52,10.0,2.0,Toys,Conakry,Mobile Money,46.0,Male,New,August,145.33
ORD004733,5,118.87,15.0,7.0,Sports,Conakry,Mobile Money,31.0,Female,New,February,581.87
ORD004719,4,62.09,0.0,2.0,Clothing,Kankan,,25.0,Female,New,August,253.98
ORD005956,3,86.77,0.0,4.0,Clothing,Conakry,Cash,37.0,Female,New,April,285.42
ORD000845,2,139.65,0.0,1.0,Home,Conakry,Cash,21.0,Female,Returning,May,319.44
ORD004490,5,57.98,0.0,150.0,Toys,Conakry,Card,23.0,Female,New,August,253.32
ORD007914,3,23.03,0.0,8.0,Books,Conakry,CASH,27.0,Male,Returning,September,76.06
ORD000350,3,34.52,0.0,1.0,Toys,boke,Mobile Money,8.0,F,New,February,99.73
ORD006669,3,46.6,0.0,4.0,Beauty,KINDIA,Card,23.0,Male,Returning,December,149.48
ORD000785,4,,0.0,3.0,Toys,Conakry,Mobile Money,39.0,Female,New,December,156.91
ORD008240,2,326.99,0.0,6.0,Electronics,N'Zerekore ,Card,21.0,Male,New,June,686.78
ORD005752,4,34.8,0.0,3.0,TOYS,BOKE,CASH,31.0,Female,Returning,August,134.01
ORD004019,3,46.87,,3.0,Sports,Labe ,Cash,29.0,Female,Returning,September,111.13
ORD001440,4,20.64,0.0,5.0,Books,Conakry,Mobile Money,28.0,Male,New,August,88.12
ORD006098,4,31.99,,7.0,beauty,N'Zerekore,Credit Card,46.0,Female,Returning,March,140.81
ORD005086,3,35.44,10.0,6.0,toys,Boke,CARD,20.0,Male,New,August,94.97
ORD006886,8,26.26,,,Toys,CONAKRY,,34.0,Female,New,August,178.59
ORD007866,3,65.13,,4.0,Beauty,Conakry,Mobile Money,31.0,Female,New,May,180.67
ORD005407,4,15.28,0.0,, Food ,KINDIA,CARD,36.0,FEMALE,Returning,January,64.14
ORD008226,3,119.17,20.0,,Hom, Conakry,Cash,30.0,Male,New,May,290.97
ORD000788,3,34.79,15.0,4.0,Clothing,Boke,CARD,30.0,Female,Returning,September,80.13
ORD007685,2,45.68,15.0,5.0,Toys,Kindia,Mobile Money,34.0,Male,New,May,69.61
ORD005140,2,64.23,0.0,6.0,Sports,Labe ,Mobile Money,19.0,Male,New,February,138.62
ORD004578,4,59.74,10.0,2.0,beauty, Conakry ,cash,16.0,FEMALE,new,July,238.9
ORD005340,3,153.19,5.0,5.0,Home,KINDIA,card,23.0,FEMALE,New,February,530.82
ORD008060,3,91.94,0.0,3.0,Clothing,Conakry,card,48.0,Male,Returning,June,276.76
ORD002628,4,19.24,10.0,3.0,FOOD,Conakry,Card,,Female,New,December,77.44
ORD006626,2,25.33,0.0,5.0,Toys,Conakry,card,42.0,Female,NEW,November,48.05
ORD000932,5,39.26,,1.0,Toys,kindia,,30.0,Male,Returning,January,184.16
ORD002405,5,27.32,,5.0,clothing,Kankan,Card,48.0,Female,New,December,138.94
ORD000602,3,101.53,0.0,-8.0,Electronic,boke ,Card,34.0,Male,New,August,292.69
ORD001249,6,32.14,0.0,8.0,Cloting,NZEREKORE,Mobile Money,30.0,Male,NEW,December,193.36
ORD004856,3,8.06,0.0,4.0,Books,Nzerekore,Card,36.0,Male,New,January,27.08
ORD000093,2,8.99,0.0,5.0,FOOD,BOKE,Mobile Money,33.0,Male,New,June,16.57
ORD005512,4,31.12,30.0,3.0,Toys,Boke,Card ,24.0,Male,Returning,June,90.39
ORD005438,2,25.42,,7.0,Books,Conakry,MOBILE MONEY,63.0,Male,New,January,58.39
ORD002852,4,52.41,250.0,3.0,Clothing,Boke,Cash,28.0,Female,Returning,March,194.05
ORD006424,4,349.61,30.0,7.0,Electronics, BOKE ,Cash Payment,43.0,Male,Returning,February,1081.93
ORD000765,4,29.5,5.0,6.0,toys,Conakry,Cash,20.0,Female,Returning,July,106.44
ORD006749,4,202.83,0.0,1.0,Electronic,Boke,Cash,43.0,Female,Returning,January,789.56
ORD005470,6,103.83,0.0,5.0,home,Kindia,Card,19.0,Female,Returning,January,610.49
ORD006048,3,36.5,0.0,4.0,Clothing,conakry,Mobile Money,33.0,Male,NEW,October,121.95
ORD000812,3,60.18,25.0,2.0,toys,Kindia,,41.0,Male,NEW,April,136.19
ORD000258,4,12.5,0.0,4.0,Beauty,Kindia,Card,26.0,Male,Returning,February,50.61
ORD007241,1,,,4.0,Books,BOKE,Card,29.0,Female,Returning,May,17.85
ORD009412,5,1.05,0.0,7.0,BOOKS,Boke,MOBILE MONEY,29.0,Female,New,April,5.3
ORD007652,2,32.61,25.0,3.0,Sports,kindia,MOBILE MONEY,20.0,Male,RETURNING,July,46.75
ORD009354,2,159.7,5.0,-6.0,Sports, Conakry ,Credit Card,48.0,Female,Returning,February,326.19
ORD008965,6,44.07,20.0,9.0,BEAUTY,Kindia,Mobile Money,16.0,Female,New,December,210.09
ORD005583,4,33.94,0.0,2.0,BEAUTY,Kindia,,28.0,Female,Returning,October,141.8
ORD008505,1,123.81,,5.0,Home,Conakry,card,24.0,M,New,February,96.51
ORD004860,1,79.01,10.0,4.0,Clothing,Conakri,Mobile Money,16.0,male,Returning,March,62.66
ORD002998,7,34.45,10.0,7.0,CLOTHING,Nzerekore,Card,32.0,Female,New,March,203.24
ORD001177,3,148.59,0.0,3.0,Sports,kindia,Cash Payment,29.0,Female,returning,July,430.7
ORD003897,5,346.96,0.0,1.0,Electronics,Conakry,Card,27.0,Female,Returning,October,1717.86
ORD009542,3,245.88,0.0,8.0,Electronics,Kindia,Card,31.0,MALE,Returning,November,757.87
ORD003517,1,,,2.0,Home,KANKAN,,35.0,Female,Returning,June,87.13
ORD007956,6,50.4,,4.0,CLOTHING, BOKE ,Cash Payment,21.0,Male,Returning,April,287.91
ORD007681,3,164.68,15.0,9.0,Hom,Kindia,,33.0,male,New,September,387.85
ORD007085,4,49.19,0.0,, Beauty ,boke,Card,34.0,Male,New,January,189.28
ORD008584,4,157.03,25.0,5.0,Sports,Conakry,Card,36.0,Male,New,December,563.6
ORD006016,4,40.57,10.0,4.0,Beuty,CONAKRY,Cash,25.0,Male,Returning,June,136.21
ORD001457,4,15.66,10.0,,Food,Conakry,Mobile Money,27.0,M,New,February,51.81
ORD001093,2,76.91,5.0,7.0,Sports,Kindia,Cash,27.0,Male,New,September,142.49
ORD006119,3,43.49,,5.0,Books,Conakri,Cash,44.0,Female,Returning,December,120.75
ORD003240,3,29.47,0.0,5.0,Beauty,kindia,Cash Payment,34.0,M,returning,December,97.47
ORD004442,2,171.77,5.0,5.0,Electronics,Labe,Credit Card,180.0,Male,New,July,371.84
